<PAMDataset>
  <Metadata>
    <MDI key="DataType">Generic</MDI>
  </Metadata>
  <Metadata domain="Esri">
    <MDI key="PyramidResamplingType">NEAREST</MDI>
  </Metadata>
  <PAMRasterBand band="1">
    <Histograms>
      <HistItem>
        <HistMin>0.1940300017595291</HistMin>
        <HistMax>0.3585500121116638</HistMax>
        <BucketCount>256</BucketCount>
        <IncludeOutOfRange>1</IncludeOutOfRange>
        <Approximate>0</Approximate>
        <HistCounts>3|2|1|0|0|0|0|0|1|2|1|0|1|1|0|1|1|1|3|1|1|2|0|0|3|1|1|0|5|4|2|2|5|9|11|12|5|7|7|14|10|6|14|7|7|8|8|8|8|1|12|4|3|9|4|3|8|19|35|34|27|40|54|72|48|40|37|33|22|31|20|24|21|18|20|21|33|30|26|40|28|34|25|18|24|24|23|24|26|27|23|22|19|17|32|14|24|13|21|21|11|16|16|16|14|15|21|23|12|16|14|11|14|11|22|17|13|17|15|17|12|9|9|13|12|13|6|11|19|13|14|18|8|17|22|16|16|26|14|16|14|22|24|25|24|12|24|22|14|19|15|11|11|20|16|18|24|16|22|23|20|10|13|21|25|27|26|27|26|25|27|30|22|24|29|30|30|32|29|26|20|33|23|30|71|82|51|39|19|24|25|46|33|39|34|31|18|13|10|12|14|10|22|20|15|13|8|3|9|6|4|5|19|9|3|3|0|0|0|0|0|0|0|0|0|0|0|0|0|0|0|0|0|0|0|0|0|0|0|0|0|0|0|0|0|0|0|0|0|0|0|0|0|0|0|1</HistCounts>
      </HistItem>
    </Histograms>
    <Metadata>
      <MDI key="STATISTICS_MINIMUM">0.19403000175953</MDI>
      <MDI key="STATISTICS_MAXIMUM">0.35855001211166</MDI>
      <MDI key="STATISTICS_MEAN">0.27563447730896</MDI>
      <MDI key="STATISTICS_STDDEV">0.033399682196552</MDI>
      <MDI key="STATISTICS_SKIPFACTORX">1</MDI>
      <MDI key="STATISTICS_SKIPFACTORY">1</MDI>
      <MDI key="STATISTICS_EXCLUDEDVALUES"></MDI>
      <MDI key="STATISTICS_COVARIANCES">1.1155387708307E-03</MDI>
    </Metadata>
  </PAMRasterBand>
</PAMDataset>
