<PAMDataset>
  <Metadata>
    <MDI key="DataType">Generic</MDI>
  </Metadata>
  <Metadata domain="Esri">
    <MDI key="PyramidResamplingType">NEAREST</MDI>
  </Metadata>
  <PAMRasterBand band="1">
    <Histograms>
      <HistItem>
        <HistMin>0.1939100027084351</HistMin>
        <HistMax>0.3524700105190277</HistMax>
        <BucketCount>256</BucketCount>
        <IncludeOutOfRange>1</IncludeOutOfRange>
        <Approximate>0</Approximate>
        <HistCounts>1|0|1|0|0|0|0|1|3|3|1|4|0|1|1|1|1|2|0|0|0|2|2|1|2|2|0|2|7|1|3|0|5|0|3|1|4|1|2|2|1|3|5|9|6|8|6|2|9|8|6|9|12|8|9|14|9|6|11|10|12|10|21|15|30|39|41|20|50|30|34|21|27|28|27|29|28|39|18|19|23|23|28|20|23|29|29|14|24|24|18|26|18|12|16|19|24|19|17|17|14|25|19|27|26|25|25|29|24|27|26|33|22|28|26|33|23|25|23|28|40|25|31|31|25|42|36|33|29|30|29|10|28|22|22|17|22|20|33|40|37|38|68|57|47|51|33|36|26|17|29|23|31|29|34|33|25|54|47|37|47|45|73|49|37|34|44|40|44|16|20|19|20|22|19|21|15|19|15|18|36|14|11|12|7|9|4|4|5|2|1|1|0|0|0|0|0|0|0|0|0|0|0|0|0|0|0|0|0|0|0|0|0|0|0|0|0|0|0|0|0|0|0|0|0|0|0|0|0|0|0|0|0|0|0|0|0|0|0|0|0|0|0|0|0|0|0|0|0|0|0|0|0|0|1|0</HistCounts>
      </HistItem>
    </Histograms>
    <Metadata>
      <MDI key="STATISTICS_MINIMUM">0.19391000270844</MDI>
      <MDI key="STATISTICS_MAXIMUM">0.35247001051903</MDI>
      <MDI key="STATISTICS_MEAN">0.269039000592</MDI>
      <MDI key="STATISTICS_STDDEV">0.024314722287863</MDI>
      <MDI key="STATISTICS_SKIPFACTORX">1</MDI>
      <MDI key="STATISTICS_SKIPFACTORY">1</MDI>
      <MDI key="STATISTICS_EXCLUDEDVALUES"></MDI>
      <MDI key="STATISTICS_COVARIANCES">5.91205719935913E-04</MDI>
    </Metadata>
  </PAMRasterBand>
</PAMDataset>
