<PAMDataset>
  <Metadata>
    <MDI key="DataType">Generic</MDI>
  </Metadata>
  <Metadata domain="Esri">
    <MDI key="PyramidResamplingType">NEAREST</MDI>
  </Metadata>
  <PAMRasterBand band="1">
    <Histograms>
      <HistItem>
        <HistMin>0.2483900040388107</HistMin>
        <HistMax>0.4391500055789948</HistMax>
        <BucketCount>256</BucketCount>
        <IncludeOutOfRange>1</IncludeOutOfRange>
        <Approximate>0</Approximate>
        <HistCounts>1|0|0|0|0|0|0|0|0|0|0|0|0|0|0|0|0|0|0|0|0|0|0|0|0|0|0|0|1|0|0|0|0|0|0|0|0|0|0|0|0|0|0|0|0|0|0|0|0|0|0|0|0|0|0|0|0|0|0|0|0|0|0|0|0|0|0|0|0|0|0|0|0|0|0|0|0|0|0|0|0|0|0|0|1|0|0|1|0|0|1|0|0|0|0|2|8|8|4|5|2|4|3|1|3|3|3|4|7|4|8|9|6|13|19|14|12|7|10|6|13|5|10|9|13|13|20|21|44|63|59|38|42|51|51|30|23|14|25|10|13|18|18|29|33|19|31|15|20|14|17|14|10|13|18|8|9|13|13|12|10|19|10|15|13|19|16|20|19|30|20|24|21|25|27|18|22|18|19|9|15|23|19|22|18|21|23|35|31|43|42|36|30|42|31|37|27|28|32|61|80|83|78|94|87|77|92|64|58|68|83|91|66|65|58|54|39|44|40|27|23|12|30|22|14|7|17|7|12|19|11|5|18|13|4|11|7|9|10|12|11|13|6|5|4|7|1|5|0|1|3|0|1|1|0|1</HistCounts>
      </HistItem>
    </Histograms>
    <Metadata>
      <MDI key="STATISTICS_MINIMUM">0.24839000403881</MDI>
      <MDI key="STATISTICS_MAXIMUM">0.43915000557899</MDI>
      <MDI key="STATISTICS_MEAN">0.38483900561012</MDI>
      <MDI key="STATISTICS_STDDEV">0.026588191700963</MDI>
      <MDI key="STATISTICS_SKIPFACTORX">1</MDI>
      <MDI key="STATISTICS_SKIPFACTORY">1</MDI>
      <MDI key="STATISTICS_EXCLUDEDVALUES"></MDI>
      <MDI key="STATISTICS_COVARIANCES">7.06931937927169E-04</MDI>
    </Metadata>
  </PAMRasterBand>
</PAMDataset>
