<PAMDataset>
  <Metadata>
    <MDI key="DataType">Generic</MDI>
  </Metadata>
  <Metadata domain="Esri">
    <MDI key="PyramidResamplingType">NEAREST</MDI>
  </Metadata>
  <PAMRasterBand band="1">
    <Histograms>
      <HistItem>
        <HistMin>0.1760900020599365</HistMin>
        <HistMax>0.3850100040435791</HistMax>
        <BucketCount>256</BucketCount>
        <IncludeOutOfRange>1</IncludeOutOfRange>
        <Approximate>0</Approximate>
        <HistCounts>1|0|0|1|4|1|2|3|2|5|1|2|4|0|1|2|0|2|0|4|3|3|2|5|4|3|3|0|2|6|6|3|5|6|4|7|8|11|8|10|9|10|10|15|8|10|19|13|18|15|17|30|31|30|22|32|17|25|31|40|56|44|55|72|45|72|56|59|35|47|42|49|72|61|48|60|59|55|55|55|46|33|38|20|27|33|22|18|25|12|35|20|22|14|32|27|24|26|25|29|27|25|29|21|25|26|35|33|36|45|63|62|49|81|63|52|59|66|38|55|54|44|47|45|49|46|41|55|53|38|26|17|15|7|19|14|8|12|5|9|3|9|8|5|5|3|1|6|1|3|7|2|1|2|3|2|1|1|0|0|0|0|0|0|0|0|0|0|0|0|0|0|0|0|0|0|0|0|0|1|0|0|0|0|0|1|0|0|0|0|0|0|0|0|0|0|0|0|0|0|0|0|0|0|0|0|0|0|0|0|0|0|0|0|0|0|0|0|0|0|0|0|0|0|0|0|0|0|0|0|0|0|0|0|0|0|0|0|0|0|0|0|0|0|0|0|0|0|0|0|0|0|0|0|0|1</HistCounts>
      </HistItem>
    </Histograms>
    <Metadata>
      <MDI key="STATISTICS_MINIMUM">0.17609000205994</MDI>
      <MDI key="STATISTICS_MAXIMUM">0.38501000404358</MDI>
      <MDI key="STATISTICS_MEAN">0.24973771288827</MDI>
      <MDI key="STATISTICS_STDDEV">0.023881289145469</MDI>
      <MDI key="STATISTICS_SKIPFACTORX">1</MDI>
      <MDI key="STATISTICS_SKIPFACTORY">1</MDI>
      <MDI key="STATISTICS_EXCLUDEDVALUES"></MDI>
      <MDI key="STATISTICS_COVARIANCES">5.70315971249483E-04</MDI>
    </Metadata>
  </PAMRasterBand>
</PAMDataset>
