<PAMDataset>
  <Metadata>
    <MDI key="DataType">Generic</MDI>
  </Metadata>
  <Metadata domain="Esri">
    <MDI key="PyramidResamplingType">NEAREST</MDI>
  </Metadata>
  <PAMRasterBand band="1">
    <Histograms>
      <HistItem>
        <HistMin>0.2001200020313263</HistMin>
        <HistMax>0.3469800055027008</HistMax>
        <BucketCount>256</BucketCount>
        <IncludeOutOfRange>1</IncludeOutOfRange>
        <Approximate>0</Approximate>
        <HistCounts>1|0|1|0|0|1|0|0|1|0|0|1|0|0|2|1|0|1|3|2|0|2|1|2|2|1|0|2|2|0|1|4|1|5|4|1|7|4|4|3|2|4|4|5|4|3|3|3|1|2|3|7|3|2|3|8|4|11|9|8|8|10|5|12|11|13|14|15|16|21|30|20|25|31|25|18|15|12|18|22|18|28|23|36|36|38|29|34|24|39|40|35|25|33|32|29|33|31|27|36|28|37|26|29|27|14|25|16|20|18|22|19|17|22|15|11|16|24|20|18|13|12|12|14|14|17|15|12|12|13|14|14|14|7|19|7|10|12|11|9|12|14|14|16|13|12|14|23|18|14|18|8|14|18|9|17|13|17|13|12|13|17|19|16|12|11|15|16|16|19|17|11|17|26|20|17|27|16|22|24|16|16|25|23|20|18|19|25|23|17|16|21|26|22|32|19|28|27|31|19|19|26|22|22|24|30|36|35|26|34|27|31|32|31|25|21|30|29|23|24|25|18|23|26|27|29|22|22|8|15|14|13|10|5|13|5|6|5|0|3|0|1|1|2|1|3|1|0|0|0|0|0|0|0|1|1</HistCounts>
      </HistItem>
    </Histograms>
    <Metadata>
      <MDI key="STATISTICS_MINIMUM">0.20012000203133</MDI>
      <MDI key="STATISTICS_MAXIMUM">0.3469800055027</MDI>
      <MDI key="STATISTICS_MEAN">0.28320242923871</MDI>
      <MDI key="STATISTICS_STDDEV">0.032129423072459</MDI>
      <MDI key="STATISTICS_SKIPFACTORX">1</MDI>
      <MDI key="STATISTICS_SKIPFACTORY">1</MDI>
      <MDI key="STATISTICS_EXCLUDEDVALUES"></MDI>
      <MDI key="STATISTICS_COVARIANCES">1.03229982696906E-03</MDI>
    </Metadata>
  </PAMRasterBand>
</PAMDataset>
