<PAMDataset>
  <Metadata>
    <MDI key="DataType">Generic</MDI>
  </Metadata>
  <Metadata domain="Esri">
    <MDI key="PyramidResamplingType">NEAREST</MDI>
  </Metadata>
  <PAMRasterBand band="1">
    <Histograms>
      <HistItem>
        <HistMin>0.1337700039148331</HistMin>
        <HistMax>0.317660003900528</HistMax>
        <BucketCount>256</BucketCount>
        <IncludeOutOfRange>1</IncludeOutOfRange>
        <Approximate>0</Approximate>
        <HistCounts>1|0|1|0|0|0|0|0|0|0|0|0|0|0|0|0|0|1|1|1|0|1|0|4|3|1|0|0|1|0|0|0|0|1|2|0|0|0|1|3|3|0|0|4|2|0|0|1|0|2|1|3|6|1|3|0|1|2|1|3|2|1|1|0|3|3|3|2|3|1|2|4|3|8|11|8|6|7|18|12|11|9|13|17|20|16|13|6|8|15|4|7|8|9|14|15|11|11|11|13|19|34|44|53|64|83|67|42|32|26|26|44|30|29|28|31|17|21|29|38|29|31|36|38|32|41|29|34|31|22|23|42|33|34|42|43|37|66|45|27|29|38|34|28|31|30|37|33|32|33|25|32|20|25|31|20|38|15|27|29|36|42|43|43|39|37|32|55|61|47|47|48|35|45|25|38|37|25|27|14|11|18|19|18|17|21|13|14|15|25|16|14|11|9|13|8|10|12|5|14|9|9|5|8|8|5|8|8|5|8|12|13|6|6|6|3|11|6|8|9|3|6|6|4|5|6|7|5|3|2|2|1|1|3|1|2|0|0|2|0|1|2|1|0|0|0|0|0|0|0|1|0|0|0|1|1</HistCounts>
      </HistItem>
    </Histograms>
    <Metadata>
      <MDI key="STATISTICS_MINIMUM">0.13377000391483</MDI>
      <MDI key="STATISTICS_MAXIMUM">0.31766000390053</MDI>
      <MDI key="STATISTICS_MEAN">0.23567292400583</MDI>
      <MDI key="STATISTICS_STDDEV">0.026784456216281</MDI>
      <MDI key="STATISTICS_SKIPFACTORX">1</MDI>
      <MDI key="STATISTICS_SKIPFACTORY">1</MDI>
      <MDI key="STATISTICS_EXCLUDEDVALUES"></MDI>
      <MDI key="STATISTICS_COVARIANCES">7.1740709480186E-04</MDI>
    </Metadata>
  </PAMRasterBand>
</PAMDataset>
