<PAMDataset>
  <Metadata>
    <MDI key="DataType">Generic</MDI>
  </Metadata>
  <Metadata domain="Esri">
    <MDI key="PyramidResamplingType">NEAREST</MDI>
  </Metadata>
  <PAMRasterBand band="1">
    <Histograms>
      <HistItem>
        <HistMin>0.1869499981403351</HistMin>
        <HistMax>0.3551200032234192</HistMax>
        <BucketCount>256</BucketCount>
        <IncludeOutOfRange>1</IncludeOutOfRange>
        <Approximate>0</Approximate>
        <HistCounts>1|0|0|0|0|0|0|0|0|0|2|1|0|3|1|0|2|0|1|1|1|1|0|0|2|1|0|1|2|1|0|0|0|3|1|3|3|2|2|1|5|1|1|0|4|2|3|3|3|2|7|4|3|9|10|5|6|6|11|6|6|4|18|6|12|10|18|16|26|37|41|30|30|24|26|21|16|15|27|20|23|17|16|13|27|8|20|16|25|25|22|17|17|34|30|16|15|26|28|44|26|24|27|30|23|25|25|30|25|18|26|25|23|25|28|21|31|28|25|44|35|36|40|30|33|36|21|33|26|17|30|23|22|46|25|31|46|35|21|25|30|43|37|34|48|36|40|55|39|38|27|42|30|36|31|26|19|39|39|32|29|32|22|23|41|40|34|31|34|33|24|35|31|32|31|27|21|22|29|18|23|25|22|29|18|15|12|20|12|12|12|7|10|6|7|6|6|8|6|5|2|3|4|4|3|5|2|1|1|4|1|1|0|0|3|2|1|2|0|1|0|0|0|0|0|0|0|0|0|0|0|0|0|0|0|0|0|0|0|0|0|0|0|0|0|0|0|0|0|0|0|0|0|0|0|1</HistCounts>
      </HistItem>
    </Histograms>
    <Metadata>
      <MDI key="STATISTICS_MINIMUM">0.18694999814034</MDI>
      <MDI key="STATISTICS_MAXIMUM">0.35512000322342</MDI>
      <MDI key="STATISTICS_MEAN">0.27152172527112</MDI>
      <MDI key="STATISTICS_STDDEV">0.025594673260898</MDI>
      <MDI key="STATISTICS_SKIPFACTORX">1</MDI>
      <MDI key="STATISTICS_SKIPFACTORY">1</MDI>
      <MDI key="STATISTICS_EXCLUDEDVALUES"></MDI>
      <MDI key="STATISTICS_COVARIANCES">6.55087299332135E-04</MDI>
    </Metadata>
  </PAMRasterBand>
</PAMDataset>
