<PAMDataset>
  <Metadata>
    <MDI key="DataType">Generic</MDI>
  </Metadata>
  <Metadata domain="Esri">
    <MDI key="PyramidResamplingType">NEAREST</MDI>
  </Metadata>
  <PAMRasterBand band="1">
    <Histograms>
      <HistItem>
        <HistMin>0.196030005812645</HistMin>
        <HistMax>0.3377900123596191</HistMax>
        <BucketCount>256</BucketCount>
        <IncludeOutOfRange>1</IncludeOutOfRange>
        <Approximate>0</Approximate>
        <HistCounts>1|1|1|1|0|1|0|1|0|0|0|1|0|0|1|2|3|1|2|0|2|0|2|3|2|1|0|2|4|5|3|1|2|2|0|6|1|3|2|1|5|4|8|5|6|2|4|8|4|7|10|7|6|11|11|12|10|8|7|9|7|5|4|6|7|4|6|13|4|4|3|18|11|8|16|14|21|14|20|34|38|24|25|27|35|35|44|52|46|61|51|41|47|51|45|59|52|37|40|38|23|27|22|35|20|10|17|18|16|9|22|12|12|13|6|17|16|13|15|14|16|12|9|13|17|12|12|6|14|15|10|10|18|3|14|21|18|11|14|15|10|5|13|14|11|13|13|9|17|10|10|17|8|18|17|19|14|20|13|14|17|11|23|15|11|14|14|20|20|19|14|13|19|19|16|11|18|20|29|14|30|39|19|27|25|32|32|34|27|47|36|34|27|29|32|45|29|35|51|50|46|30|30|22|26|20|34|31|20|24|27|23|25|24|19|17|18|27|15|11|15|5|9|10|6|10|4|10|4|4|4|1|0|0|0|0|0|0|0|0|0|0|0|0|1|0|0|0|0|0|0|0|0|0|0|1</HistCounts>
      </HistItem>
    </Histograms>
    <Metadata>
      <MDI key="STATISTICS_MINIMUM">0.19603000581264</MDI>
      <MDI key="STATISTICS_MAXIMUM">0.33779001235962</MDI>
      <MDI key="STATISTICS_MEAN">0.27377677234117</MDI>
      <MDI key="STATISTICS_STDDEV">0.029444390873302</MDI>
      <MDI key="STATISTICS_SKIPFACTORX">1</MDI>
      <MDI key="STATISTICS_SKIPFACTORY">1</MDI>
      <MDI key="STATISTICS_EXCLUDEDVALUES"></MDI>
      <MDI key="STATISTICS_COVARIANCES">8.66972153899815E-04</MDI>
    </Metadata>
  </PAMRasterBand>
</PAMDataset>
