<PAMDataset>
  <Metadata>
    <MDI key="DataType">Generic</MDI>
  </Metadata>
  <Metadata domain="Esri">
    <MDI key="PyramidResamplingType">NEAREST</MDI>
  </Metadata>
  <PAMRasterBand band="1">
    <Histograms>
      <HistItem>
        <HistMin>0.2987500131130219</HistMin>
        <HistMax>0.4751099944114685</HistMax>
        <BucketCount>256</BucketCount>
        <IncludeOutOfRange>1</IncludeOutOfRange>
        <Approximate>0</Approximate>
        <HistCounts>1|0|0|0|0|0|0|0|0|0|0|0|0|0|0|0|0|0|0|0|0|0|0|0|0|1|0|0|0|0|0|0|0|0|0|0|0|0|0|0|0|0|0|0|0|0|0|0|0|0|0|0|0|0|0|0|0|0|0|0|0|0|0|0|0|0|0|1|0|0|2|2|2|0|4|4|1|3|3|3|2|4|0|0|1|2|2|2|2|2|5|8|7|8|9|8|12|13|8|7|5|12|10|9|9|9|11|24|35|57|80|60|30|47|43|42|26|16|13|12|13|9|11|11|14|9|10|10|7|11|16|10|20|16|13|16|21|20|8|16|9|18|14|14|7|9|19|11|14|15|20|8|12|17|23|16|8|18|17|25|36|23|25|19|22|4|18|17|12|14|18|17|14|23|15|14|21|30|36|46|38|20|26|25|17|36|28|39|39|38|36|32|43|43|36|38|47|47|46|68|44|39|43|51|48|45|48|63|48|55|60|62|61|45|66|39|38|39|46|27|24|21|30|38|19|19|18|21|6|17|11|14|9|7|5|12|7|13|12|9|10|7|8|6|1|2|2|0|2|0|2|0|1|0|0|1</HistCounts>
      </HistItem>
    </Histograms>
    <Metadata>
      <MDI key="STATISTICS_MINIMUM">0.29875001311302</MDI>
      <MDI key="STATISTICS_MAXIMUM">0.47510999441147</MDI>
      <MDI key="STATISTICS_MEAN">0.41950906216057</MDI>
      <MDI key="STATISTICS_STDDEV">0.028776042684207</MDI>
      <MDI key="STATISTICS_SKIPFACTORX">1</MDI>
      <MDI key="STATISTICS_SKIPFACTORY">1</MDI>
      <MDI key="STATISTICS_EXCLUDEDVALUES"></MDI>
      <MDI key="STATISTICS_COVARIANCES">8.28060632563291E-04</MDI>
    </Metadata>
  </PAMRasterBand>
</PAMDataset>
