<PAMDataset>
  <Metadata>
    <MDI key="DataType">Generic</MDI>
  </Metadata>
  <Metadata domain="Esri">
    <MDI key="PyramidResamplingType">NEAREST</MDI>
  </Metadata>
  <PAMRasterBand band="1">
    <Histograms>
      <HistItem>
        <HistMin>0.1987800002098084</HistMin>
        <HistMax>0.3479300141334534</HistMax>
        <BucketCount>256</BucketCount>
        <IncludeOutOfRange>1</IncludeOutOfRange>
        <Approximate>0</Approximate>
        <HistCounts>1|0|1|0|1|1|0|1|1|0|0|1|0|1|0|0|1|0|1|0|0|0|0|0|1|0|2|3|2|2|0|1|1|0|1|3|0|0|1|0|1|2|4|3|3|2|2|1|3|2|2|3|4|2|7|3|3|3|3|5|6|6|2|7|11|8|7|7|5|10|3|8|6|9|12|10|7|15|7|11|7|5|11|6|10|11|9|10|7|15|14|18|16|20|23|18|15|13|20|9|14|13|11|21|16|21|26|27|19|42|37|26|22|25|30|31|29|25|26|33|33|35|24|42|32|16|32|20|22|24|20|32|24|25|22|30|28|32|35|25|31|31|38|38|30|43|42|46|33|31|35|38|28|36|39|41|38|28|30|38|53|44|35|39|25|49|41|36|27|36|35|44|49|43|31|45|45|42|44|40|34|44|33|30|29|39|32|30|27|21|28|23|21|33|31|19|15|20|14|10|6|11|11|6|6|6|5|6|2|7|8|3|7|3|4|4|6|1|3|6|3|1|4|0|1|1|0|1|1|0|0|0|0|0|0|0|0|0|0|0|1|0|0|0|0|0|0|0|0|0|0|0|0|0|0|1</HistCounts>
      </HistItem>
    </Histograms>
    <Metadata>
      <MDI key="STATISTICS_MINIMUM">0.19878000020981</MDI>
      <MDI key="STATISTICS_MAXIMUM">0.34793001413345</MDI>
      <MDI key="STATISTICS_MEAN">0.28293606295313</MDI>
      <MDI key="STATISTICS_STDDEV">0.022273121936948</MDI>
      <MDI key="STATISTICS_SKIPFACTORX">1</MDI>
      <MDI key="STATISTICS_SKIPFACTORY">1</MDI>
      <MDI key="STATISTICS_EXCLUDEDVALUES"></MDI>
      <MDI key="STATISTICS_COVARIANCES">4.96091960818157E-04</MDI>
    </Metadata>
  </PAMRasterBand>
</PAMDataset>
