<PAMDataset>
  <Metadata>
    <MDI key="DataType">Generic</MDI>
  </Metadata>
  <Metadata domain="Esri">
    <MDI key="PyramidResamplingType">NEAREST</MDI>
  </Metadata>
  <PAMRasterBand band="1">
    <Histograms>
      <HistItem>
        <HistMin>0.3018099963665009</HistMin>
        <HistMax>0.4812900125980377</HistMax>
        <BucketCount>256</BucketCount>
        <IncludeOutOfRange>1</IncludeOutOfRange>
        <Approximate>0</Approximate>
        <HistCounts>1|0|0|0|0|0|0|0|0|0|0|0|0|0|0|1|0|0|0|0|0|0|0|0|0|0|0|0|0|0|0|0|0|0|0|0|0|0|0|0|0|0|0|0|0|0|0|0|0|0|0|0|0|0|0|0|0|0|0|0|0|0|0|0|0|0|1|1|0|1|1|4|8|7|3|1|1|2|1|0|0|0|2|0|2|1|1|4|0|1|4|4|10|6|14|8|12|10|12|5|13|9|7|8|13|15|7|22|28|54|78|83|69|56|25|25|19|15|3|5|9|5|18|8|7|7|15|16|10|11|11|9|17|15|25|21|22|10|13|15|13|14|17|8|10|11|18|9|13|10|24|19|13|19|29|8|12|15|29|20|24|32|28|16|23|21|13|14|16|18|21|39|38|28|25|28|28|21|23|27|21|25|34|24|18|32|28|33|39|50|49|56|48|62|50|51|58|45|51|49|55|41|67|55|59|39|51|52|53|50|48|51|73|85|39|30|25|20|16|16|11|16|11|9|15|8|10|11|9|12|8|6|10|14|7|8|10|9|5|7|7|7|5|5|2|2|1|3|1|0|0|1|1|0|0|1</HistCounts>
      </HistItem>
    </Histograms>
    <Metadata>
      <MDI key="STATISTICS_MINIMUM">0.3018099963665</MDI>
      <MDI key="STATISTICS_MAXIMUM">0.48129001259804</MDI>
      <MDI key="STATISTICS_MEAN">0.42307106947521</MDI>
      <MDI key="STATISTICS_STDDEV">0.028432696263981</MDI>
      <MDI key="STATISTICS_SKIPFACTORX">1</MDI>
      <MDI key="STATISTICS_SKIPFACTORY">1</MDI>
      <MDI key="STATISTICS_EXCLUDEDVALUES"></MDI>
      <MDI key="STATISTICS_COVARIANCES">8.08418216839803E-04</MDI>
    </Metadata>
  </PAMRasterBand>
</PAMDataset>
