<PAMDataset>
  <Metadata>
    <MDI key="DataType">Generic</MDI>
  </Metadata>
  <Metadata domain="Esri">
    <MDI key="PyramidResamplingType">NEAREST</MDI>
  </Metadata>
  <PAMRasterBand band="1">
    <Histograms>
      <HistItem>
        <HistMin>0.2111400067806244</HistMin>
        <HistMax>0.3645899891853333</HistMax>
        <BucketCount>256</BucketCount>
        <IncludeOutOfRange>1</IncludeOutOfRange>
        <Approximate>0</Approximate>
        <HistCounts>1|0|0|0|1|1|2|1|2|3|1|1|0|1|2|0|2|3|1|1|1|1|1|2|1|2|2|4|1|4|0|1|2|1|2|0|3|2|0|4|1|2|2|0|1|1|1|1|2|3|5|2|5|5|5|2|4|7|10|6|6|1|13|9|10|14|11|5|19|12|14|11|8|7|9|19|12|9|9|13|8|6|7|8|5|15|12|9|8|10|11|10|8|12|12|11|17|16|21|20|24|19|29|21|28|26|31|51|44|50|57|56|61|55|48|48|50|31|40|26|35|24|43|29|27|36|28|28|30|28|41|36|33|30|33|35|26|23|26|33|43|48|45|49|47|53|49|54|46|28|34|22|37|30|38|36|38|30|39|51|47|37|45|30|50|47|38|33|33|36|29|16|23|17|18|22|20|17|16|19|6|9|17|18|13|15|14|19|10|7|10|7|6|12|13|15|10|15|7|4|8|7|8|7|14|13|12|7|5|5|6|2|2|1|4|2|1|0|1|0|0|0|0|0|0|0|0|0|0|0|0|0|0|0|0|0|0|0|0|0|0|0|0|0|0|0|0|0|0|0|0|0|0|0|0|1</HistCounts>
      </HistItem>
    </Histograms>
    <Metadata>
      <MDI key="STATISTICS_MINIMUM">0.21114000678062</MDI>
      <MDI key="STATISTICS_MAXIMUM">0.36458998918533</MDI>
      <MDI key="STATISTICS_MEAN">0.29139548515687</MDI>
      <MDI key="STATISTICS_STDDEV">0.022217048726406</MDI>
      <MDI key="STATISTICS_SKIPFACTORX">1</MDI>
      <MDI key="STATISTICS_SKIPFACTORY">1</MDI>
      <MDI key="STATISTICS_EXCLUDEDVALUES"></MDI>
      <MDI key="STATISTICS_COVARIANCES">4.9359725411149E-04</MDI>
    </Metadata>
  </PAMRasterBand>
</PAMDataset>
