<PAMDataset>
  <Metadata>
    <MDI key="DataType">Generic</MDI>
  </Metadata>
  <Metadata domain="Esri">
    <MDI key="PyramidResamplingType">NEAREST</MDI>
  </Metadata>
  <PAMRasterBand band="1">
    <Histograms>
      <HistItem>
        <HistMin>0.2556299865245819</HistMin>
        <HistMax>0.4476000070571899</HistMax>
        <BucketCount>256</BucketCount>
        <IncludeOutOfRange>1</IncludeOutOfRange>
        <Approximate>0</Approximate>
        <HistCounts>1|0|0|0|0|0|0|0|0|0|0|0|0|0|0|0|0|0|0|0|0|0|0|0|0|0|0|0|0|1|0|0|0|0|0|0|0|0|0|0|0|0|0|0|0|0|0|0|0|0|0|0|0|0|0|0|0|0|0|0|0|0|0|0|0|0|0|0|0|0|0|0|0|0|0|0|0|0|0|0|0|0|0|1|0|0|0|0|1|0|0|1|1|0|0|4|4|12|5|3|3|2|2|0|3|1|4|6|3|4|8|11|4|9|12|21|14|8|9|10|8|13|11|12|7|10|9|17|46|68|68|51|41|39|53|44|22|16|18|16|12|10|18|21|12|23|31|29|21|15|16|19|14|8|14|8|13|14|10|12|16|14|12|8|16|12|21|25|22|17|20|17|20|31|26|27|18|18|15|22|13|15|25|23|16|21|23|15|47|37|45|34|30|40|38|31|26|27|31|30|48|77|87|88|100|93|103|79|73|60|50|47|56|60|60|81|72|38|38|34|30|38|28|18|15|19|13|7|20|13|13|15|10|12|5|9|7|9|8|17|10|12|10|7|3|10|6|3|2|0|4|0|1|0|1|1</HistCounts>
      </HistItem>
    </Histograms>
    <Metadata>
      <MDI key="STATISTICS_MINIMUM">0.25562998652458</MDI>
      <MDI key="STATISTICS_MAXIMUM">0.44760000705719</MDI>
      <MDI key="STATISTICS_MEAN">0.39342579713306</MDI>
      <MDI key="STATISTICS_STDDEV">0.027051746345561</MDI>
      <MDI key="STATISTICS_SKIPFACTORX">1</MDI>
      <MDI key="STATISTICS_SKIPFACTORY">1</MDI>
      <MDI key="STATISTICS_EXCLUDEDVALUES"></MDI>
      <MDI key="STATISTICS_COVARIANCES">7.31796980344566E-04</MDI>
    </Metadata>
  </PAMRasterBand>
</PAMDataset>
