<PAMDataset>
  <Metadata>
    <MDI key="DataType">Generic</MDI>
  </Metadata>
  <Metadata domain="Esri">
    <MDI key="PyramidResamplingType">NEAREST</MDI>
  </Metadata>
  <PAMRasterBand band="1">
    <Histograms>
      <HistItem>
        <HistMin>0.2264499962329865</HistMin>
        <HistMax>0.3901599943637848</HistMax>
        <BucketCount>256</BucketCount>
        <IncludeOutOfRange>1</IncludeOutOfRange>
        <Approximate>0</Approximate>
        <HistCounts>1|0|0|1|0|0|1|1|0|0|0|1|3|2|0|0|2|2|0|1|0|1|7|2|1|5|1|2|5|3|5|5|5|6|5|7|0|3|5|5|5|9|12|10|11|8|19|24|26|37|24|20|17|18|22|16|15|17|9|15|15|31|24|31|33|32|25|27|26|27|22|27|10|13|18|22|18|16|25|16|21|20|15|11|16|9|11|9|18|17|15|8|11|9|16|8|13|11|17|13|11|18|17|14|20|17|14|10|15|9|17|12|18|25|18|30|25|33|36|43|39|46|34|38|36|31|25|42|37|33|29|19|17|17|17|21|22|25|31|24|17|21|18|20|16|16|14|23|26|20|31|37|64|77|59|65|74|82|69|55|46|49|53|36|47|32|36|30|42|53|34|27|32|28|24|18|21|17|17|15|6|11|6|12|12|6|7|3|9|13|8|9|3|5|8|4|1|0|0|0|0|0|0|0|0|0|0|0|0|1|0|0|0|0|0|0|0|0|0|0|0|0|0|1|0|0|0|0|0|0|0|0|0|0|0|0|0|0|0|0|0|0|0|0|0|0|0|1|0|0|0|0|0|0|0|1</HistCounts>
      </HistItem>
    </Histograms>
    <Metadata>
      <MDI key="STATISTICS_MINIMUM">0.22644999623299</MDI>
      <MDI key="STATISTICS_MAXIMUM">0.39015999436378</MDI>
      <MDI key="STATISTICS_MEAN">0.30454367904598</MDI>
      <MDI key="STATISTICS_STDDEV">0.0278015581825</MDI>
      <MDI key="STATISTICS_SKIPFACTORX">1</MDI>
      <MDI key="STATISTICS_SKIPFACTORY">1</MDI>
      <MDI key="STATISTICS_EXCLUDEDVALUES"></MDI>
      <MDI key="STATISTICS_COVARIANCES">7.72926637374933E-04</MDI>
    </Metadata>
  </PAMRasterBand>
</PAMDataset>
