<PAMDataset>
  <Metadata>
    <MDI key="DataType">Generic</MDI>
  </Metadata>
  <Metadata domain="Esri">
    <MDI key="PyramidResamplingType">NEAREST</MDI>
  </Metadata>
  <PAMRasterBand band="1">
    <Histograms>
      <HistItem>
        <HistMin>0.2685399949550629</HistMin>
        <HistMax>0.4411199986934662</HistMax>
        <BucketCount>256</BucketCount>
        <IncludeOutOfRange>1</IncludeOutOfRange>
        <Approximate>0</Approximate>
        <HistCounts>1|0|0|0|0|0|1|0|0|0|0|0|0|0|0|0|0|0|0|0|0|0|0|0|0|0|0|0|0|0|0|0|0|0|0|0|0|0|0|0|0|0|0|0|0|0|0|0|0|0|0|0|0|0|0|0|0|0|0|0|0|0|0|0|0|0|0|0|0|0|0|0|0|1|1|1|3|5|5|3|1|3|1|2|0|2|2|1|2|3|1|2|4|8|5|11|15|12|8|15|5|4|8|14|10|10|6|8|10|6|11|4|5|9|7|11|7|19|21|31|39|27|49|47|56|48|44|29|37|36|21|14|27|22|26|25|25|23|27|19|26|9|11|4|15|19|21|19|13|11|12|10|14|19|20|25|19|21|14|22|17|14|10|17|13|13|21|17|23|19|21|18|15|24|31|40|46|35|28|34|49|41|39|51|54|52|59|76|61|69|56|56|48|63|71|60|69|78|59|71|61|62|63|49|51|48|42|31|28|24|24|25|15|15|18|16|18|12|13|15|14|15|14|10|16|11|10|9|9|5|4|7|9|10|4|3|1|2|3|2|0|0|0|1|2|0|0|1|0|0|0|0|0|0|0|1</HistCounts>
      </HistItem>
    </Histograms>
    <Metadata>
      <MDI key="STATISTICS_MINIMUM">0.26853999495506</MDI>
      <MDI key="STATISTICS_MAXIMUM">0.44111999869347</MDI>
      <MDI key="STATISTICS_MEAN">0.38428319254988</MDI>
      <MDI key="STATISTICS_STDDEV">0.024097514418082</MDI>
      <MDI key="STATISTICS_SKIPFACTORX">1</MDI>
      <MDI key="STATISTICS_SKIPFACTORY">1</MDI>
      <MDI key="STATISTICS_EXCLUDEDVALUES"></MDI>
      <MDI key="STATISTICS_COVARIANCES">5.80690201129668E-04</MDI>
    </Metadata>
  </PAMRasterBand>
</PAMDataset>
