<PAMDataset>
  <Metadata>
    <MDI key="DataType">Generic</MDI>
  </Metadata>
  <Metadata domain="Esri">
    <MDI key="PyramidResamplingType">NEAREST</MDI>
  </Metadata>
  <PAMRasterBand band="1">
    <Histograms>
      <HistItem>
        <HistMin>0.2781499922275543</HistMin>
        <HistMax>0.460889995098114</HistMax>
        <BucketCount>256</BucketCount>
        <IncludeOutOfRange>1</IncludeOutOfRange>
        <Approximate>0</Approximate>
        <HistCounts>1|0|0|0|0|0|0|0|0|0|0|1|0|0|0|0|0|0|0|0|0|0|0|0|0|0|0|0|0|0|0|0|0|0|0|0|0|0|0|0|0|0|0|0|0|0|0|0|0|0|0|0|0|0|0|0|0|0|0|0|0|0|0|0|0|0|0|0|0|0|0|0|0|0|0|0|0|0|1|0|0|1|1|1|6|3|12|5|2|3|3|0|2|0|1|1|1|2|2|4|7|12|5|15|9|20|17|10|3|6|8|7|11|16|19|22|51|42|51|31|44|54|43|44|26|24|17|8|10|14|10|11|10|16|14|17|7|18|18|14|13|26|19|14|15|10|12|20|17|20|10|13|6|18|15|11|12|13|16|20|10|15|27|16|19|24|24|31|17|16|14|23|24|18|16|21|21|21|22|23|35|34|47|34|38|24|25|29|20|28|36|25|33|48|36|41|51|63|66|54|57|57|52|47|59|46|71|82|80|94|78|77|60|42|54|44|38|36|33|23|25|17|23|15|15|14|13|16|10|13|5|11|8|10|14|6|11|8|6|12|8|6|5|3|4|1|1|2|0|0|3|1|0|0|2|0</HistCounts>
      </HistItem>
    </Histograms>
    <Metadata>
      <MDI key="STATISTICS_MINIMUM">0.27814999222755</MDI>
      <MDI key="STATISTICS_MAXIMUM">0.46088999509811</MDI>
      <MDI key="STATISTICS_MEAN">0.40555782303378</MDI>
      <MDI key="STATISTICS_STDDEV">0.027474698355992</MDI>
      <MDI key="STATISTICS_SKIPFACTORX">1</MDI>
      <MDI key="STATISTICS_SKIPFACTORY">1</MDI>
      <MDI key="STATISTICS_EXCLUDEDVALUES"></MDI>
      <MDI key="STATISTICS_COVARIANCES">7.54859049752741E-04</MDI>
    </Metadata>
  </PAMRasterBand>
</PAMDataset>
