<PAMDataset>
  <Metadata>
    <MDI key="DataType">Generic</MDI>
  </Metadata>
  <Metadata domain="Esri">
    <MDI key="PyramidResamplingType">NEAREST</MDI>
  </Metadata>
  <PAMRasterBand band="1">
    <Histograms>
      <HistItem>
        <HistMin>0.2139099985361099</HistMin>
        <HistMax>0.3791800141334534</HistMax>
        <BucketCount>256</BucketCount>
        <IncludeOutOfRange>1</IncludeOutOfRange>
        <Approximate>0</Approximate>
        <HistCounts>1|0|1|2|1|0|1|0|0|0|1|0|1|0|2|0|1|2|1|2|1|2|1|0|2|1|1|1|2|1|2|2|3|0|1|0|0|2|2|5|1|2|5|5|5|3|3|7|6|3|6|5|10|9|4|9|10|13|12|13|11|16|12|11|6|12|13|6|11|9|19|12|8|10|12|12|8|9|10|18|20|16|23|24|30|24|33|43|42|28|46|44|45|33|31|28|27|21|25|23|21|17|15|24|13|18|25|23|14|23|30|23|24|19|22|31|26|22|33|21|32|30|29|20|25|26|22|32|33|43|32|36|50|41|37|42|38|50|40|44|54|45|50|49|45|64|44|45|41|60|43|32|35|58|33|56|44|54|58|42|39|43|30|37|30|27|34|32|27|29|24|22|24|27|20|13|21|10|6|13|12|19|13|20|17|8|5|0|3|2|2|1|1|0|0|0|0|0|0|1|0|0|0|0|1|0|0|0|0|0|0|0|0|0|0|0|0|0|0|1|0|0|0|0|0|0|0|0|0|0|0|0|0|0|1|0|0|0|0|0|0|0|0|0|0|0|0|0|0|0|0|0|0|0|0|1</HistCounts>
      </HistItem>
    </Histograms>
    <Metadata>
      <MDI key="STATISTICS_MINIMUM">0.21390999853611</MDI>
      <MDI key="STATISTICS_MAXIMUM">0.37918001413345</MDI>
      <MDI key="STATISTICS_MEAN">0.2953714004722</MDI>
      <MDI key="STATISTICS_STDDEV">0.023095612378371</MDI>
      <MDI key="STATISTICS_SKIPFACTORX">1</MDI>
      <MDI key="STATISTICS_SKIPFACTORY">1</MDI>
      <MDI key="STATISTICS_EXCLUDEDVALUES"></MDI>
      <MDI key="STATISTICS_COVARIANCES">5.3340731113195E-04</MDI>
    </Metadata>
  </PAMRasterBand>
</PAMDataset>
