<PAMDataset>
  <Metadata>
    <MDI key="DataType">Generic</MDI>
  </Metadata>
  <Metadata domain="Esri">
    <MDI key="PyramidResamplingType">NEAREST</MDI>
  </Metadata>
  <PAMRasterBand band="1">
    <Histograms>
      <HistItem>
        <HistMin>0.1706500053405762</HistMin>
        <HistMax>0.3437699973583221</HistMax>
        <BucketCount>256</BucketCount>
        <IncludeOutOfRange>1</IncludeOutOfRange>
        <Approximate>0</Approximate>
        <HistCounts>1|0|0|0|0|0|0|0|0|0|0|0|0|0|0|0|0|0|0|0|0|0|0|0|0|0|0|0|0|0|0|0|0|0|0|0|0|0|0|0|0|0|1|1|0|1|0|0|0|0|1|1|0|0|1|1|2|1|3|0|2|1|4|1|3|4|0|4|3|6|2|3|1|8|7|4|9|5|10|10|5|3|5|7|4|3|5|6|4|4|9|8|5|8|4|8|9|10|9|15|15|16|15|15|20|17|17|14|24|23|23|37|49|47|51|48|33|55|38|46|49|47|31|43|38|31|25|21|36|28|27|30|25|34|35|30|21|30|27|25|20|23|17|14|18|17|15|21|17|14|19|20|15|16|12|15|16|20|6|12|14|15|17|23|9|13|16|14|12|22|19|32|25|13|19|29|20|14|18|19|14|26|15|29|15|20|34|26|24|21|22|21|23|22|29|18|29|20|23|25|22|22|30|35|31|31|36|26|33|31|35|35|38|41|44|37|38|38|37|23|29|34|29|38|18|31|25|24|28|14|17|18|14|11|15|12|11|10|6|8|8|9|5|7|6|1|3|6|3|1|1|0|0|1|0|1</HistCounts>
      </HistItem>
    </Histograms>
    <Metadata>
      <MDI key="STATISTICS_MINIMUM">0.17065000534058</MDI>
      <MDI key="STATISTICS_MAXIMUM">0.34376999735832</MDI>
      <MDI key="STATISTICS_MEAN">0.2815003710684</MDI>
      <MDI key="STATISTICS_STDDEV">0.031168615833829</MDI>
      <MDI key="STATISTICS_SKIPFACTORX">1</MDI>
      <MDI key="STATISTICS_SKIPFACTORY">1</MDI>
      <MDI key="STATISTICS_EXCLUDEDVALUES"></MDI>
      <MDI key="STATISTICS_COVARIANCES">9.71482612996831E-04</MDI>
    </Metadata>
  </PAMRasterBand>
</PAMDataset>
