<PAMDataset>
  <Metadata>
    <MDI key="DataType">Generic</MDI>
  </Metadata>
  <Metadata domain="Esri">
    <MDI key="PyramidResamplingType">NEAREST</MDI>
  </Metadata>
  <PAMRasterBand band="1">
    <Histograms>
      <HistItem>
        <HistMin>0.1190899983048439</HistMin>
        <HistMax>0.3077999949455261</HistMax>
        <BucketCount>256</BucketCount>
        <IncludeOutOfRange>1</IncludeOutOfRange>
        <Approximate>0</Approximate>
        <HistCounts>1|0|0|0|0|0|0|0|0|0|0|0|0|0|0|0|0|0|0|0|0|0|0|0|0|0|0|0|0|0|0|0|0|0|0|0|0|0|0|1|0|0|0|0|0|0|0|1|0|0|0|0|0|0|0|0|0|0|0|0|0|0|0|0|0|0|0|0|0|0|0|0|0|0|0|2|3|1|2|1|2|0|1|1|5|4|2|4|2|3|6|3|5|2|7|5|2|8|8|4|6|7|10|7|8|6|17|9|9|9|10|9|13|6|3|10|7|3|3|6|9|6|6|12|8|5|6|12|15|13|10|13|15|11|21|16|21|18|17|28|26|29|26|23|19|33|43|58|39|40|44|47|39|54|42|36|45|56|53|60|53|57|67|59|65|56|67|81|66|66|82|46|46|40|42|41|37|43|45|47|64|43|48|42|31|49|53|53|60|44|36|42|41|30|38|42|28|30|37|29|27|31|24|22|16|22|29|19|19|19|10|18|15|15|13|9|11|15|7|7|9|13|7|11|8|11|5|9|3|2|3|7|3|3|1|2|3|1|0|2|3|1|0|0|0|0|0|1|0|0|0|0|0|0|0|1</HistCounts>
      </HistItem>
    </Histograms>
    <Metadata>
      <MDI key="STATISTICS_MINIMUM">0.11908999830484</MDI>
      <MDI key="STATISTICS_MAXIMUM">0.30779999494553</MDI>
      <MDI key="STATISTICS_MEAN">0.24348891147624</MDI>
      <MDI key="STATISTICS_STDDEV">0.021362897965978</MDI>
      <MDI key="STATISTICS_SKIPFACTORX">1</MDI>
      <MDI key="STATISTICS_SKIPFACTORY">1</MDI>
      <MDI key="STATISTICS_EXCLUDEDVALUES"></MDI>
      <MDI key="STATISTICS_COVARIANCES">4.56373409504795E-04</MDI>
    </Metadata>
  </PAMRasterBand>
</PAMDataset>
