<PAMDataset>
  <Metadata>
    <MDI key="DataType">Generic</MDI>
  </Metadata>
  <Metadata domain="Esri">
    <MDI key="PyramidResamplingType">NEAREST</MDI>
  </Metadata>
  <PAMRasterBand band="1">
    <Histograms>
      <HistItem>
        <HistMin>0.2206699997186661</HistMin>
        <HistMax>0.3832800090312958</HistMax>
        <BucketCount>256</BucketCount>
        <IncludeOutOfRange>1</IncludeOutOfRange>
        <Approximate>0</Approximate>
        <HistCounts>1|0|0|0|0|0|0|0|0|1|0|1|4|0|3|2|1|1|6|4|0|1|7|6|0|2|3|5|8|4|2|3|6|8|9|7|8|12|4|5|5|9|4|5|7|7|4|8|14|16|23|9|24|32|38|44|33|42|36|41|51|35|25|35|19|20|22|19|17|15|14|17|19|12|23|7|15|11|19|15|14|15|8|9|19|8|19|13|19|15|24|27|18|27|22|14|21|26|18|15|18|17|16|21|19|10|16|20|14|17|17|23|21|30|20|24|25|30|41|35|20|31|28|30|29|31|18|20|20|22|25|27|27|18|15|23|23|25|15|24|20|18|18|23|23|40|64|98|85|61|46|27|43|50|47|53|81|101|41|44|49|32|39|27|38|40|46|33|40|20|18|13|17|14|13|18|28|19|9|10|7|1|2|3|4|4|0|1|0|0|0|0|0|0|0|0|1|0|0|0|0|0|0|0|0|0|0|0|0|0|0|0|0|0|0|0|0|0|0|0|0|0|0|0|0|0|0|0|0|0|0|0|0|0|0|0|0|0|0|0|0|0|0|0|0|0|0|0|0|0|0|0|0|0|0|1</HistCounts>
      </HistItem>
    </Histograms>
    <Metadata>
      <MDI key="STATISTICS_MINIMUM">0.22066999971867</MDI>
      <MDI key="STATISTICS_MAXIMUM">0.3832800090313</MDI>
      <MDI key="STATISTICS_MEAN">0.29528262285384</MDI>
      <MDI key="STATISTICS_STDDEV">0.026907947203576</MDI>
      <MDI key="STATISTICS_SKIPFACTORX">1</MDI>
      <MDI key="STATISTICS_SKIPFACTORY">1</MDI>
      <MDI key="STATISTICS_EXCLUDEDVALUES"></MDI>
      <MDI key="STATISTICS_COVARIANCES">7.24037622710457E-04</MDI>
    </Metadata>
  </PAMRasterBand>
</PAMDataset>
