<PAMDataset>
  <Metadata>
    <MDI key="DataType">Generic</MDI>
  </Metadata>
  <Metadata domain="Esri">
    <MDI key="PyramidResamplingType">NEAREST</MDI>
  </Metadata>
  <PAMRasterBand band="1">
    <Histograms>
      <HistItem>
        <HistMin>0.2472700029611588</HistMin>
        <HistMax>0.3863100111484528</HistMax>
        <BucketCount>256</BucketCount>
        <IncludeOutOfRange>1</IncludeOutOfRange>
        <Approximate>0</Approximate>
        <HistCounts>3|1|0|0|0|0|1|0|0|0|0|1|0|0|0|1|3|1|1|0|1|3|2|0|4|5|2|1|3|1|1|5|5|2|1|9|2|2|2|2|2|3|4|2|2|8|4|2|6|7|9|7|3|6|6|11|8|10|14|6|6|19|17|21|17|12|10|19|26|24|28|19|36|52|49|47|51|35|26|19|24|16|12|18|16|23|22|11|15|21|15|25|15|19|19|21|19|24|29|23|28|26|27|17|25|25|17|35|29|23|24|26|21|24|23|19|29|26|10|20|11|19|14|23|15|10|12|15|11|13|17|12|8|15|9|12|9|14|12|5|13|15|12|14|13|14|9|11|13|8|14|10|17|7|10|9|9|13|12|11|13|14|13|14|11|15|10|20|15|15|26|28|25|22|20|25|18|13|20|18|20|16|19|12|21|15|18|19|22|18|32|20|24|19|18|20|25|27|33|23|31|26|29|35|18|34|29|46|27|39|28|33|30|33|40|69|85|29|14|10|13|12|5|6|11|6|6|4|12|11|13|16|10|7|5|6|2|2|1|4|1|0|3|2|4|6|3|2|6|3|2|3|2|0|1|1</HistCounts>
      </HistItem>
    </Histograms>
    <Metadata>
      <MDI key="STATISTICS_MINIMUM">0.24727000296116</MDI>
      <MDI key="STATISTICS_MAXIMUM">0.38631001114845</MDI>
      <MDI key="STATISTICS_MEAN">0.32506826652919</MDI>
      <MDI key="STATISTICS_STDDEV">0.031243790860349</MDI>
      <MDI key="STATISTICS_SKIPFACTORX">1</MDI>
      <MDI key="STATISTICS_SKIPFACTORY">1</MDI>
      <MDI key="STATISTICS_EXCLUDEDVALUES"></MDI>
      <MDI key="STATISTICS_COVARIANCES">9.76174467325243E-04</MDI>
    </Metadata>
  </PAMRasterBand>
</PAMDataset>
