<PAMDataset>
  <Metadata>
    <MDI key="DataType">Generic</MDI>
  </Metadata>
  <Metadata domain="Esri">
    <MDI key="PyramidResamplingType">NEAREST</MDI>
  </Metadata>
  <PAMRasterBand band="1">
    <Histograms>
      <HistItem>
        <HistMin>0.1976400017738342</HistMin>
        <HistMax>0.3555800020694733</HistMax>
        <BucketCount>256</BucketCount>
        <IncludeOutOfRange>1</IncludeOutOfRange>
        <Approximate>0</Approximate>
        <HistCounts>2|1|0|2|2|0|1|0|0|0|0|0|0|5|2|2|1|4|0|4|1|1|2|2|5|3|0|1|2|1|3|8|1|5|8|8|4|8|4|7|7|9|8|5|6|7|5|3|5|4|8|6|7|6|7|11|11|15|11|16|20|32|59|58|73|57|56|42|33|36|35|29|21|22|20|27|23|23|19|32|28|15|19|15|22|18|12|24|17|17|10|14|11|21|20|18|21|19|22|23|28|27|32|27|32|21|26|19|21|36|22|36|24|21|23|22|17|21|17|24|23|13|23|20|18|16|19|19|12|17|15|18|11|13|17|21|20|27|24|20|30|32|21|20|32|17|20|11|25|48|62|50|64|77|56|44|43|37|26|30|24|22|33|29|41|42|56|43|45|51|45|36|35|46|29|46|21|22|21|18|18|10|6|12|2|2|1|3|0|3|6|0|4|0|0|0|0|0|0|0|0|0|0|0|1|0|0|0|0|0|0|0|0|0|0|0|0|0|0|0|0|0|0|0|0|0|0|0|0|0|0|0|0|0|0|0|0|0|0|0|0|0|0|0|0|0|0|0|0|0|0|0|0|0|0|1</HistCounts>
      </HistItem>
    </Histograms>
    <Metadata>
      <MDI key="STATISTICS_MINIMUM">0.19764000177383</MDI>
      <MDI key="STATISTICS_MAXIMUM">0.35558000206947</MDI>
      <MDI key="STATISTICS_MEAN">0.27083290497067</MDI>
      <MDI key="STATISTICS_STDDEV">0.02644392745398</MDI>
      <MDI key="STATISTICS_SKIPFACTORX">1</MDI>
      <MDI key="STATISTICS_SKIPFACTORY">1</MDI>
      <MDI key="STATISTICS_EXCLUDEDVALUES"></MDI>
      <MDI key="STATISTICS_COVARIANCES">6.99281299191378E-04</MDI>
    </Metadata>
  </PAMRasterBand>
</PAMDataset>
