<PAMDataset>
  <Metadata>
    <MDI key="DataType">Generic</MDI>
  </Metadata>
  <Metadata domain="Esri">
    <MDI key="PyramidResamplingType">NEAREST</MDI>
  </Metadata>
  <PAMRasterBand band="1">
    <Histograms>
      <HistItem>
        <HistMin>0.1940300017595291</HistMin>
        <HistMax>0.3415499925613403</HistMax>
        <BucketCount>256</BucketCount>
        <IncludeOutOfRange>1</IncludeOutOfRange>
        <Approximate>0</Approximate>
        <HistCounts>1|0|0|0|0|0|0|0|0|1|0|0|0|0|0|0|0|0|0|0|0|0|0|0|0|0|0|0|0|0|0|0|0|0|0|0|0|0|0|1|0|1|1|0|1|0|1|1|1|4|1|1|1|1|0|4|3|6|0|4|7|1|5|2|3|2|5|8|4|8|7|3|4|8|7|5|3|4|6|7|6|7|6|2|6|8|9|7|4|6|9|4|5|6|3|7|3|9|3|12|6|4|5|3|3|8|9|10|9|9|19|11|8|7|9|11|9|8|12|10|11|15|13|18|23|15|27|12|18|29|28|25|33|40|27|29|31|35|45|46|33|41|44|46|53|48|44|41|59|45|73|55|44|52|63|38|32|32|29|40|34|30|28|35|29|39|25|42|42|37|31|31|46|45|34|34|43|32|34|50|38|41|43|41|43|37|38|31|20|36|29|29|33|35|34|25|31|27|23|22|24|33|19|18|22|18|16|14|9|13|11|16|11|20|13|13|14|8|11|18|14|7|13|10|15|18|8|12|9|10|8|9|8|8|2|4|0|2|5|0|1|0|0|0|0|1|0|0|0|1|0|0|0|0|0|1</HistCounts>
      </HistItem>
    </Histograms>
    <Metadata>
      <MDI key="STATISTICS_MINIMUM">0.19403000175953</MDI>
      <MDI key="STATISTICS_MAXIMUM">0.34154999256134</MDI>
      <MDI key="STATISTICS_MEAN">0.28663110710206</MDI>
      <MDI key="STATISTICS_STDDEV">0.021170281111822</MDI>
      <MDI key="STATISTICS_SKIPFACTORX">1</MDI>
      <MDI key="STATISTICS_SKIPFACTORY">1</MDI>
      <MDI key="STATISTICS_EXCLUDEDVALUES"></MDI>
      <MDI key="STATISTICS_COVARIANCES">4.48180802353578E-04</MDI>
    </Metadata>
  </PAMRasterBand>
</PAMDataset>
