<PAMDataset>
  <Metadata>
    <MDI key="DataType">Generic</MDI>
  </Metadata>
  <Metadata domain="Esri">
    <MDI key="PyramidResamplingType">NEAREST</MDI>
  </Metadata>
  <PAMRasterBand band="1">
    <Histograms>
      <HistItem>
        <HistMin>0.1905699968338013</HistMin>
        <HistMax>0.350059986114502</HistMax>
        <BucketCount>256</BucketCount>
        <IncludeOutOfRange>1</IncludeOutOfRange>
        <Approximate>0</Approximate>
        <HistCounts>1|0|0|0|0|3|0|2|3|0|1|0|4|0|2|3|1|3|0|2|1|2|1|2|4|2|2|3|4|2|6|9|8|4|6|5|7|5|5|9|8|8|11|5|2|4|8|5|6|3|3|3|6|7|12|31|45|47|48|61|40|45|47|33|31|35|22|28|22|25|23|15|15|20|15|18|23|22|28|26|27|29|17|25|22|24|13|18|15|19|17|22|15|16|9|13|19|14|30|17|27|30|23|25|24|26|25|25|31|24|18|26|24|23|38|32|25|25|19|27|23|20|24|24|24|14|13|14|15|15|21|18|29|24|45|38|16|21|14|17|22|25|18|16|21|38|63|84|67|46|43|49|35|17|20|28|37|34|39|27|28|45|39|69|49|36|45|50|36|55|40|29|20|26|13|28|27|17|14|4|4|0|5|5|4|3|3|1|0|0|0|0|0|0|0|0|0|0|0|0|1|0|0|0|0|0|0|0|0|0|0|0|0|0|0|0|0|0|0|0|0|0|0|0|0|0|0|0|0|0|0|0|0|0|0|0|0|0|0|0|0|0|0|0|0|0|0|0|0|0|0|0|0|0|0|1</HistCounts>
      </HistItem>
    </Histograms>
    <Metadata>
      <MDI key="STATISTICS_MINIMUM">0.1905699968338</MDI>
      <MDI key="STATISTICS_MAXIMUM">0.3500599861145</MDI>
      <MDI key="STATISTICS_MEAN">0.26305812964097</MDI>
      <MDI key="STATISTICS_STDDEV">0.02629428638873</MDI>
      <MDI key="STATISTICS_SKIPFACTORX">1</MDI>
      <MDI key="STATISTICS_SKIPFACTORY">1</MDI>
      <MDI key="STATISTICS_EXCLUDEDVALUES"></MDI>
      <MDI key="STATISTICS_COVARIANCES">6.91389496692578E-04</MDI>
    </Metadata>
  </PAMRasterBand>
</PAMDataset>
