<PAMDataset>
  <Metadata>
    <MDI key="DataType">Generic</MDI>
  </Metadata>
  <Metadata domain="Esri">
    <MDI key="PyramidResamplingType">NEAREST</MDI>
  </Metadata>
  <PAMRasterBand band="1">
    <Histograms>
      <HistItem>
        <HistMin>0.1356599926948547</HistMin>
        <HistMax>0.3166899979114533</HistMax>
        <BucketCount>256</BucketCount>
        <IncludeOutOfRange>1</IncludeOutOfRange>
        <Approximate>0</Approximate>
        <HistCounts>1|0|0|0|0|0|0|1|0|0|0|0|0|0|0|0|0|0|0|0|0|0|0|0|0|0|0|0|0|0|0|0|0|0|0|0|0|1|0|0|2|0|1|0|0|0|0|1|0|1|0|0|0|0|1|0|3|2|1|1|3|0|0|1|2|0|2|2|1|0|0|2|0|5|1|3|0|1|2|1|4|8|6|5|5|3|9|8|12|10|13|8|9|11|5|12|14|9|5|14|12|11|16|8|14|15|24|23|22|32|49|53|60|51|44|39|42|37|46|49|45|44|34|38|24|46|31|34|34|35|32|25|25|28|23|35|24|22|17|27|22|22|20|20|17|13|12|17|16|15|16|19|16|20|15|17|13|19|17|20|16|18|20|14|11|14|9|21|18|15|17|19|23|23|33|19|20|14|24|21|14|17|23|17|19|20|12|21|18|27|18|19|19|18|23|19|21|19|25|25|18|23|15|16|28|24|25|31|22|28|28|31|33|31|37|31|35|38|35|28|38|37|35|34|33|40|23|24|22|21|20|23|12|31|27|31|17|17|18|18|12|14|5|3|2|4|3|0|1|4|2|0|0|0|1|1</HistCounts>
      </HistItem>
    </Histograms>
    <Metadata>
      <MDI key="STATISTICS_MINIMUM">0.13565999269485</MDI>
      <MDI key="STATISTICS_MAXIMUM">0.31668999791145</MDI>
      <MDI key="STATISTICS_MEAN">0.25211665148826</MDI>
      <MDI key="STATISTICS_STDDEV">0.033079228517844</MDI>
      <MDI key="STATISTICS_SKIPFACTORX">1</MDI>
      <MDI key="STATISTICS_SKIPFACTORY">1</MDI>
      <MDI key="STATISTICS_EXCLUDEDVALUES"></MDI>
      <MDI key="STATISTICS_COVARIANCES">1.09423535933571E-03</MDI>
    </Metadata>
  </PAMRasterBand>
</PAMDataset>
