<PAMDataset>
  <Metadata>
    <MDI key="DataType">Generic</MDI>
  </Metadata>
  <Metadata domain="Esri">
    <MDI key="PyramidResamplingType">NEAREST</MDI>
  </Metadata>
  <PAMRasterBand band="1">
    <Histograms>
      <HistItem>
        <HistMin>0.2161100059747696</HistMin>
        <HistMax>0.4195500016212463</HistMax>
        <BucketCount>256</BucketCount>
        <IncludeOutOfRange>1</IncludeOutOfRange>
        <Approximate>0</Approximate>
        <HistCounts>1|0|0|0|0|0|0|0|0|0|0|0|0|0|0|0|0|0|0|0|0|0|0|0|0|0|0|0|0|0|0|0|0|0|0|1|0|0|0|0|0|0|0|1|0|0|0|0|0|0|0|0|0|0|0|0|0|1|0|0|0|0|1|1|1|0|1|2|4|0|0|3|1|4|3|1|3|3|5|6|3|1|3|3|1|9|6|4|8|5|2|9|4|14|11|18|8|9|10|11|13|13|15|18|9|16|12|18|14|19|17|21|25|39|36|31|32|41|39|42|37|30|35|27|26|36|30|17|35|36|31|23|31|32|26|18|28|23|16|22|20|27|20|23|23|21|20|19|26|31|19|18|33|20|23|24|29|37|32|44|45|39|53|46|46|53|66|52|63|45|45|56|59|61|72|47|75|66|76|69|73|66|73|60|56|57|47|42|25|38|26|32|32|18|23|19|22|18|14|10|7|11|9|7|6|13|12|8|11|8|5|2|3|2|0|3|1|2|2|0|0|1|0|0|1|0|0|0|0|0|0|0|1|0|0|0|0|0|0|0|0|0|0|0|0|0|0|0|0|0|0|0|0|0|0|1</HistCounts>
      </HistItem>
    </Histograms>
    <Metadata>
      <MDI key="STATISTICS_MINIMUM">0.21611000597477</MDI>
      <MDI key="STATISTICS_MAXIMUM">0.41955000162125</MDI>
      <MDI key="STATISTICS_MEAN">0.33962342663658</MDI>
      <MDI key="STATISTICS_STDDEV">0.024778562283081</MDI>
      <MDI key="STATISTICS_SKIPFACTORX">1</MDI>
      <MDI key="STATISTICS_SKIPFACTORY">1</MDI>
      <MDI key="STATISTICS_EXCLUDEDVALUES"></MDI>
      <MDI key="STATISTICS_COVARIANCES">6.13977148816533E-04</MDI>
    </Metadata>
  </PAMRasterBand>
</PAMDataset>
