<PAMDataset>
  <Metadata>
    <MDI key="DataType">Generic</MDI>
  </Metadata>
  <Metadata domain="Esri">
    <MDI key="PyramidResamplingType">NEAREST</MDI>
  </Metadata>
  <PAMRasterBand band="1">
    <Histograms>
      <HistItem>
        <HistMin>0.1864600032567978</HistMin>
        <HistMax>0.3543300032615662</HistMax>
        <BucketCount>256</BucketCount>
        <IncludeOutOfRange>1</IncludeOutOfRange>
        <Approximate>0</Approximate>
        <HistCounts>1|0|1|3|0|1|0|0|0|0|1|2|2|0|0|0|1|1|0|1|0|1|0|4|2|4|2|1|2|1|6|3|5|3|6|10|5|5|7|14|11|7|11|7|7|8|7|4|2|6|8|11|10|8|5|16|19|43|42|46|32|30|17|29|15|17|32|42|41|46|32|33|35|27|18|24|23|36|33|24|17|20|26|27|19|17|15|20|19|12|14|20|18|18|17|13|20|21|16|14|16|12|20|15|15|21|23|17|16|18|22|16|15|17|18|23|18|16|17|19|19|18|15|14|14|15|17|21|9|21|22|14|29|26|20|19|21|26|21|9|22|15|21|17|11|18|15|15|11|25|34|44|23|26|21|22|24|13|13|18|29|22|29|51|99|96|66|55|42|30|26|17|19|21|31|43|60|62|55|59|42|27|34|35|25|30|22|17|13|13|13|9|8|19|22|12|5|4|3|1|0|0|0|0|0|0|0|0|0|0|0|0|0|0|0|0|0|0|0|0|0|0|0|0|0|0|0|0|0|0|0|0|0|0|0|0|0|0|0|0|0|0|0|0|0|0|0|0|0|0|0|0|0|0|0|1</HistCounts>
      </HistItem>
    </Histograms>
    <Metadata>
      <MDI key="STATISTICS_MINIMUM">0.1864600032568</MDI>
      <MDI key="STATISTICS_MAXIMUM">0.35433000326157</MDI>
      <MDI key="STATISTICS_MEAN">0.26808176578709</MDI>
      <MDI key="STATISTICS_STDDEV">0.030859745979715</MDI>
      <MDI key="STATISTICS_SKIPFACTORX">1</MDI>
      <MDI key="STATISTICS_SKIPFACTORY">1</MDI>
      <MDI key="STATISTICS_EXCLUDEDVALUES"></MDI>
      <MDI key="STATISTICS_COVARIANCES">9.52323921932513E-04</MDI>
    </Metadata>
  </PAMRasterBand>
</PAMDataset>
