<PAMDataset>
  <Metadata>
    <MDI key="DataType">Generic</MDI>
  </Metadata>
  <Metadata domain="Esri">
    <MDI key="PyramidResamplingType">NEAREST</MDI>
  </Metadata>
  <PAMRasterBand band="1">
    <Histograms>
      <HistItem>
        <HistMin>0.2273900061845779</HistMin>
        <HistMax>0.3925000131130219</HistMax>
        <BucketCount>256</BucketCount>
        <IncludeOutOfRange>1</IncludeOutOfRange>
        <Approximate>0</Approximate>
        <HistCounts>1|1|0|0|0|1|0|3|0|1|2|4|1|5|3|3|3|4|4|4|3|5|6|7|5|3|6|11|7|11|4|9|13|12|7|5|5|4|3|3|6|7|13|10|16|10|11|12|12|7|10|25|24|32|42|36|41|48|56|35|47|31|46|34|17|26|20|16|13|12|10|12|5|18|22|18|23|16|19|11|13|9|17|13|20|15|17|15|19|24|25|28|14|24|22|25|35|36|31|43|46|28|37|35|45|48|36|34|32|35|22|30|28|21|23|20|23|22|23|22|15|25|16|19|18|19|20|28|28|31|36|39|36|39|43|49|50|63|55|48|58|60|72|60|38|45|44|44|38|26|37|46|30|37|46|53|35|27|24|13|17|14|9|13|9|8|6|9|2|6|5|2|3|1|1|0|5|3|0|0|0|1|0|0|0|0|0|0|0|0|0|0|0|0|2|0|0|0|0|0|0|0|0|0|0|0|0|0|0|0|0|0|0|0|0|0|0|0|0|0|0|0|0|0|0|0|1|0|0|0|0|0|0|0|0|0|0|0|0|0|0|0|0|0|0|0|0|0|0|0|0|0|0|0|0|1</HistCounts>
      </HistItem>
    </Histograms>
    <Metadata>
      <MDI key="STATISTICS_MINIMUM">0.22739000618458</MDI>
      <MDI key="STATISTICS_MAXIMUM">0.39250001311302</MDI>
      <MDI key="STATISTICS_MEAN">0.29651148069437</MDI>
      <MDI key="STATISTICS_STDDEV">0.025078167818302</MDI>
      <MDI key="STATISTICS_SKIPFACTORX">1</MDI>
      <MDI key="STATISTICS_SKIPFACTORY">1</MDI>
      <MDI key="STATISTICS_EXCLUDEDVALUES"></MDI>
      <MDI key="STATISTICS_COVARIANCES">6.28914501122935E-04</MDI>
    </Metadata>
  </PAMRasterBand>
</PAMDataset>
