<PAMDataset>
  <Metadata>
    <MDI key="DataType">Generic</MDI>
  </Metadata>
  <Metadata domain="Esri">
    <MDI key="PyramidResamplingType">NEAREST</MDI>
  </Metadata>
  <PAMRasterBand band="1">
    <Histograms>
      <HistItem>
        <HistMin>0.2232999950647354</HistMin>
        <HistMax>0.4372699856758118</HistMax>
        <BucketCount>256</BucketCount>
        <IncludeOutOfRange>1</IncludeOutOfRange>
        <Approximate>0</Approximate>
        <HistCounts>1|0|0|0|0|0|0|0|0|0|0|0|0|0|0|0|0|0|0|0|0|0|0|0|0|0|0|0|0|0|0|0|0|0|0|0|0|0|0|0|0|0|0|0|0|0|0|0|0|0|0|0|0|1|0|0|0|0|0|0|0|0|0|0|0|0|0|0|0|0|0|0|0|0|0|0|0|0|0|1|0|0|0|0|0|0|0|0|0|0|0|0|1|0|0|0|1|0|1|0|0|0|2|1|0|0|0|0|0|1|0|2|8|8|5|5|4|2|2|5|3|3|3|1|5|11|15|19|17|12|7|7|6|14|9|11|14|17|12|37|41|45|59|45|41|55|51|58|24|25|14|28|23|18|23|33|19|27|25|10|18|18|19|14|13|14|17|13|13|13|19|11|27|27|19|21|25|32|24|29|22|17|20|18|18|12|16|26|29|40|35|33|37|55|32|34|33|38|40|37|48|74|57|55|57|69|77|90|91|87|89|85|97|88|87|74|41|49|45|48|40|40|35|21|21|15|13|16|8|16|18|13|23|10|10|13|5|12|12|10|10|8|8|3|3|0|3|2|2|0|1|4|0|0|1|1</HistCounts>
      </HistItem>
    </Histograms>
    <Metadata>
      <MDI key="STATISTICS_MINIMUM">0.22329999506474</MDI>
      <MDI key="STATISTICS_MAXIMUM">0.43726998567581</MDI>
      <MDI key="STATISTICS_MEAN">0.38104417908499</MDI>
      <MDI key="STATISTICS_STDDEV">0.026366047365092</MDI>
      <MDI key="STATISTICS_SKIPFACTORX">1</MDI>
      <MDI key="STATISTICS_SKIPFACTORY">1</MDI>
      <MDI key="STATISTICS_EXCLUDEDVALUES"></MDI>
      <MDI key="STATISTICS_COVARIANCES">6.95168453658288E-04</MDI>
    </Metadata>
  </PAMRasterBand>
</PAMDataset>
