<PAMDataset>
  <Metadata>
    <MDI key="DataType">Generic</MDI>
  </Metadata>
  <Metadata domain="Esri">
    <MDI key="PyramidResamplingType">NEAREST</MDI>
  </Metadata>
  <PAMRasterBand band="1">
    <Histograms>
      <HistItem>
        <HistMin>0.2103800028562546</HistMin>
        <HistMax>0.3388200104236603</HistMax>
        <BucketCount>256</BucketCount>
        <IncludeOutOfRange>1</IncludeOutOfRange>
        <Approximate>0</Approximate>
        <HistCounts>1|0|1|0|0|0|0|0|0|0|0|0|1|0|0|2|3|1|0|0|2|1|0|3|1|3|4|1|5|5|3|8|4|6|4|5|5|1|1|4|4|7|7|8|5|7|9|5|4|5|7|2|8|8|5|7|6|7|3|4|8|5|12|4|10|3|11|6|6|12|26|26|27|30|44|35|22|22|32|17|24|34|32|32|44|25|24|19|18|17|11|14|12|11|11|14|12|19|13|11|12|12|8|17|14|11|10|6|17|15|11|18|16|21|14|13|17|10|20|13|19|13|16|14|16|7|8|24|15|12|9|11|10|8|13|18|11|14|18|13|19|21|20|22|13|18|22|20|21|28|22|29|21|29|22|21|21|20|8|17|22|16|13|10|13|14|12|13|13|12|8|12|17|21|16|17|18|20|23|30|19|13|20|9|21|6|14|13|14|25|42|89|80|81|65|27|34|28|31|37|17|20|29|34|35|49|70|62|40|36|38|30|27|26|16|25|35|21|22|25|13|13|14|13|8|11|10|14|16|15|14|8|4|2|7|3|2|2|0|0|0|0|0|0|0|0|0|0|0|0|0|0|0|0|0|1</HistCounts>
      </HistItem>
    </Histograms>
    <Metadata>
      <MDI key="STATISTICS_MINIMUM">0.21038000285625</MDI>
      <MDI key="STATISTICS_MAXIMUM">0.33882001042366</MDI>
      <MDI key="STATISTICS_MEAN">0.28557982519409</MDI>
      <MDI key="STATISTICS_STDDEV">0.027691978060958</MDI>
      <MDI key="STATISTICS_SKIPFACTORX">1</MDI>
      <MDI key="STATISTICS_SKIPFACTORY">1</MDI>
      <MDI key="STATISTICS_EXCLUDEDVALUES"></MDI>
      <MDI key="STATISTICS_COVARIANCES">7.6684564892856E-04</MDI>
    </Metadata>
  </PAMRasterBand>
</PAMDataset>
