<PAMDataset>
  <Metadata>
    <MDI key="DataType">Generic</MDI>
  </Metadata>
  <Metadata domain="Esri">
    <MDI key="PyramidResamplingType">NEAREST</MDI>
  </Metadata>
  <PAMRasterBand band="1">
    <Histograms>
      <HistItem>
        <HistMin>0.2605299949645996</HistMin>
        <HistMax>0.463809996843338</HistMax>
        <BucketCount>256</BucketCount>
        <IncludeOutOfRange>1</IncludeOutOfRange>
        <Approximate>0</Approximate>
        <HistCounts>1|0|0|0|0|0|0|0|0|0|0|0|0|0|0|0|0|0|0|0|0|0|0|0|0|0|0|0|0|0|0|0|0|0|0|1|0|0|0|0|0|0|0|0|0|0|0|0|0|0|0|0|0|0|0|0|0|0|0|0|0|0|0|0|0|0|0|0|0|0|0|0|0|0|0|0|0|1|0|0|0|0|0|0|0|1|1|1|0|1|0|0|1|0|0|2|0|0|1|4|15|3|1|5|3|1|0|3|1|2|2|0|7|7|4|7|11|9|14|8|12|13|16|12|13|6|20|31|28|38|32|37|45|72|52|63|21|21|16|15|15|17|11|10|18|6|21|22|21|16|20|21|18|23|14|20|13|11|16|18|10|15|15|13|13|11|22|12|14|21|21|20|23|31|19|24|27|25|24|23|21|22|20|17|18|20|17|40|24|44|37|34|35|39|26|27|29|25|33|29|50|47|42|63|64|81|76|90|78|76|79|71|73|44|84|89|95|85|51|39|36|33|22|19|20|11|20|12|20|17|14|11|12|9|9|14|5|16|8|10|9|10|8|14|12|7|3|2|2|0|5|0|1|0|0|1</HistCounts>
      </HistItem>
    </Histograms>
    <Metadata>
      <MDI key="STATISTICS_MINIMUM">0.2605299949646</MDI>
      <MDI key="STATISTICS_MAXIMUM">0.46380999684334</MDI>
      <MDI key="STATISTICS_MEAN">0.40805470832924</MDI>
      <MDI key="STATISTICS_STDDEV">0.028181825085283</MDI>
      <MDI key="STATISTICS_SKIPFACTORX">1</MDI>
      <MDI key="STATISTICS_SKIPFACTORY">1</MDI>
      <MDI key="STATISTICS_EXCLUDEDVALUES"></MDI>
      <MDI key="STATISTICS_COVARIANCES">7.94215265137494E-04</MDI>
    </Metadata>
  </PAMRasterBand>
</PAMDataset>
