<PAMDataset>
  <Metadata>
    <MDI key="DataType">Generic</MDI>
  </Metadata>
  <Metadata domain="Esri">
    <MDI key="PyramidResamplingType">NEAREST</MDI>
  </Metadata>
  <PAMRasterBand band="1">
    <Histograms>
      <HistItem>
        <HistMin>0.2037300020456314</HistMin>
        <HistMax>0.3615100085735321</HistMax>
        <BucketCount>256</BucketCount>
        <IncludeOutOfRange>1</IncludeOutOfRange>
        <Approximate>0</Approximate>
        <HistCounts>1|1|0|0|0|0|0|0|0|0|0|0|0|0|0|0|0|0|0|0|0|0|0|0|0|0|0|0|0|0|0|0|0|0|0|0|0|0|0|0|0|0|0|0|0|0|0|0|0|0|0|0|0|0|0|0|0|0|0|0|0|2|0|0|4|0|0|4|2|0|0|1|0|1|1|2|5|3|0|3|5|5|4|7|5|5|6|5|5|6|6|4|4|7|6|14|6|7|3|9|11|11|5|7|15|13|8|19|13|19|9|6|12|7|19|10|13|16|18|15|15|15|32|42|32|28|28|32|38|39|28|32|33|48|40|44|23|45|61|44|64|50|52|78|43|32|43|44|44|47|45|45|57|58|56|49|41|56|47|49|53|40|54|43|47|48|44|45|51|45|50|51|57|44|52|42|46|48|41|28|39|45|43|35|21|35|32|38|26|22|32|19|19|12|18|14|12|14|10|12|12|11|14|16|14|8|11|12|10|14|9|12|9|10|10|7|10|6|3|0|0|0|1|0|0|0|0|0|0|0|0|0|0|0|0|0|0|0|0|0|0|0|0|0|0|0|0|0|0|0|0|0|0|0|0|1</HistCounts>
      </HistItem>
    </Histograms>
    <Metadata>
      <MDI key="STATISTICS_MINIMUM">0.20373000204563</MDI>
      <MDI key="STATISTICS_MAXIMUM">0.36151000857353</MDI>
      <MDI key="STATISTICS_MEAN">0.29926321162344</MDI>
      <MDI key="STATISTICS_STDDEV">0.017764340107063</MDI>
      <MDI key="STATISTICS_SKIPFACTORX">1</MDI>
      <MDI key="STATISTICS_SKIPFACTORY">1</MDI>
      <MDI key="STATISTICS_EXCLUDEDVALUES"></MDI>
      <MDI key="STATISTICS_COVARIANCES">3.15571779439414E-04</MDI>
    </Metadata>
  </PAMRasterBand>
</PAMDataset>
