<PAMDataset>
  <Metadata>
    <MDI key="DataType">Generic</MDI>
  </Metadata>
  <Metadata domain="Esri">
    <MDI key="PyramidResamplingType">NEAREST</MDI>
  </Metadata>
  <PAMRasterBand band="1">
    <Histograms>
      <HistItem>
        <HistMin>0.2362799942493439</HistMin>
        <HistMax>0.3922399878501892</HistMax>
        <BucketCount>256</BucketCount>
        <IncludeOutOfRange>1</IncludeOutOfRange>
        <Approximate>0</Approximate>
        <HistCounts>1|0|0|0|1|1|2|1|4|3|2|2|0|1|3|3|1|2|1|2|1|1|2|2|3|2|0|2|1|2|4|1|1|1|0|1|1|2|4|3|1|3|3|2|0|2|4|5|3|5|8|4|8|9|10|14|14|11|20|20|20|11|10|9|9|11|11|10|11|9|7|12|11|7|5|6|5|10|6|6|8|9|11|10|13|14|15|16|15|25|25|31|27|23|34|40|36|38|52|29|38|24|19|27|20|16|24|15|21|30|29|21|26|28|23|22|29|44|27|39|50|33|43|42|31|42|37|28|29|26|22|20|24|20|27|24|32|28|26|26|44|36|26|43|41|53|66|72|54|54|53|54|70|55|51|54|64|42|34|47|42|27|31|50|42|35|35|39|29|19|24|19|26|15|18|22|21|16|16|14|11|7|12|15|18|12|5|14|9|3|8|5|6|4|7|6|6|4|4|2|3|2|0|3|1|1|0|0|0|0|0|0|0|0|0|0|0|0|0|0|0|0|0|0|0|0|0|0|0|0|0|0|0|0|0|0|0|0|0|0|0|0|0|0|0|0|0|0|0|0|0|0|0|0|0|1</HistCounts>
      </HistItem>
    </Histograms>
    <Metadata>
      <MDI key="STATISTICS_MINIMUM">0.23627999424934</MDI>
      <MDI key="STATISTICS_MAXIMUM">0.39223998785019</MDI>
      <MDI key="STATISTICS_MEAN">0.31469586931291</MDI>
      <MDI key="STATISTICS_STDDEV">0.022547889037926</MDI>
      <MDI key="STATISTICS_SKIPFACTORX">1</MDI>
      <MDI key="STATISTICS_SKIPFACTORY">1</MDI>
      <MDI key="STATISTICS_EXCLUDEDVALUES"></MDI>
      <MDI key="STATISTICS_COVARIANCES">5.08407300066625E-04</MDI>
    </Metadata>
  </PAMRasterBand>
</PAMDataset>
