<PAMDataset>
  <Metadata>
    <MDI key="DataType">Generic</MDI>
  </Metadata>
  <Metadata domain="Esri">
    <MDI key="PyramidResamplingType">NEAREST</MDI>
  </Metadata>
  <PAMRasterBand band="1">
    <Histograms>
      <HistItem>
        <HistMin>0.1628500074148178</HistMin>
        <HistMax>0.3185400068759918</HistMax>
        <BucketCount>256</BucketCount>
        <IncludeOutOfRange>1</IncludeOutOfRange>
        <Approximate>0</Approximate>
        <HistCounts>1|0|0|0|0|0|0|0|0|0|0|0|0|0|0|0|0|0|0|0|0|0|0|0|0|0|0|0|0|1|1|0|0|0|1|0|1|1|1|1|0|1|0|0|0|0|1|2|2|3|0|3|2|1|2|3|3|1|2|1|2|1|3|1|2|2|9|4|6|4|8|10|7|3|3|11|8|5|6|3|8|2|9|6|5|12|6|7|7|9|5|9|4|3|4|4|6|6|6|4|5|7|6|5|6|4|4|8|9|10|8|7|10|12|13|7|12|19|7|16|16|10|14|27|13|16|30|30|28|19|31|21|32|16|31|21|34|22|29|24|39|37|33|31|40|40|37|40|55|48|66|54|54|65|50|62|80|45|49|44|43|31|37|43|43|35|41|31|41|48|51|52|39|47|50|51|42|28|42|23|34|38|48|38|37|28|30|27|31|32|33|33|31|32|29|25|33|21|22|23|21|15|19|21|16|8|22|18|19|21|17|10|9|13|21|15|12|14|15|7|13|8|7|9|7|10|7|8|5|2|5|4|2|1|0|2|1|1|1|3|1|1|1|0|0|0|2|0|0|0|0|0|0|0|0|1</HistCounts>
      </HistItem>
    </Histograms>
    <Metadata>
      <MDI key="STATISTICS_MINIMUM">0.16285000741482</MDI>
      <MDI key="STATISTICS_MAXIMUM">0.31854000687599</MDI>
      <MDI key="STATISTICS_MEAN">0.25999927971671</MDI>
      <MDI key="STATISTICS_STDDEV">0.021580772146861</MDI>
      <MDI key="STATISTICS_SKIPFACTORX">1</MDI>
      <MDI key="STATISTICS_SKIPFACTORY">1</MDI>
      <MDI key="STATISTICS_EXCLUDEDVALUES"></MDI>
      <MDI key="STATISTICS_COVARIANCES">4.65729726454715E-04</MDI>
    </Metadata>
  </PAMRasterBand>
</PAMDataset>
