<PAMDataset>
  <Metadata>
    <MDI key="DataType">Generic</MDI>
  </Metadata>
  <Metadata domain="Esri">
    <MDI key="PyramidResamplingType">NEAREST</MDI>
  </Metadata>
  <PAMRasterBand band="1">
    <Histograms>
      <HistItem>
        <HistMin>0.1423799991607666</HistMin>
        <HistMax>0.3151200115680695</HistMax>
        <BucketCount>256</BucketCount>
        <IncludeOutOfRange>1</IncludeOutOfRange>
        <Approximate>0</Approximate>
        <HistCounts>1|0|0|0|0|0|0|0|0|0|0|0|0|0|0|0|0|0|0|0|0|0|0|0|0|0|0|0|0|0|0|0|0|1|0|0|0|0|1|1|0|2|0|0|0|0|0|0|1|1|1|0|0|1|3|5|0|2|0|1|0|0|2|0|2|0|1|1|1|2|0|2|5|5|8|3|2|1|3|7|4|6|9|5|3|1|3|13|3|6|5|6|4|6|5|8|5|6|9|13|10|14|11|12|10|18|18|8|21|39|26|25|32|51|38|48|57|50|42|43|71|51|52|55|54|61|43|48|46|39|30|31|20|21|27|27|25|18|13|19|14|19|10|8|17|14|13|16|16|19|12|10|13|17|19|12|11|16|24|16|9|18|13|10|12|12|11|15|11|9|12|17|19|28|15|21|26|25|16|18|19|17|15|22|22|12|9|13|20|22|14|23|18|22|20|29|19|23|26|23|27|25|17|21|26|20|17|30|31|25|32|22|19|35|34|33|28|37|32|38|42|40|45|33|31|37|29|23|24|19|31|23|30|23|29|26|22|21|21|26|10|18|17|13|11|5|4|2|1|2|0|0|2|0|0|1</HistCounts>
      </HistItem>
    </Histograms>
    <Metadata>
      <MDI key="STATISTICS_MINIMUM">0.14237999916077</MDI>
      <MDI key="STATISTICS_MAXIMUM">0.31512001156807</MDI>
      <MDI key="STATISTICS_MEAN">0.25469887405193</MDI>
      <MDI key="STATISTICS_STDDEV">0.0322087379838</MDI>
      <MDI key="STATISTICS_SKIPFACTORX">1</MDI>
      <MDI key="STATISTICS_SKIPFACTORY">1</MDI>
      <MDI key="STATISTICS_EXCLUDEDVALUES"></MDI>
      <MDI key="STATISTICS_COVARIANCES">1.0374028025091E-03</MDI>
    </Metadata>
  </PAMRasterBand>
</PAMDataset>
