<PAMDataset>
  <Metadata>
    <MDI key="DataType">Generic</MDI>
  </Metadata>
  <Metadata domain="Esri">
    <MDI key="PyramidResamplingType">NEAREST</MDI>
  </Metadata>
  <PAMRasterBand band="1">
    <Histograms>
      <HistItem>
        <HistMin>0.1309300065040588</HistMin>
        <HistMax>0.3241400122642517</HistMax>
        <BucketCount>256</BucketCount>
        <IncludeOutOfRange>1</IncludeOutOfRange>
        <Approximate>0</Approximate>
        <HistCounts>1|0|0|1|0|0|0|0|0|0|0|0|0|0|0|0|1|0|2|0|1|0|3|1|3|2|1|1|0|1|1|1|3|2|1|2|1|0|2|0|3|0|2|0|2|4|1|0|1|2|3|0|3|4|1|1|1|5|2|3|4|5|3|1|6|8|8|14|3|10|10|14|17|13|22|20|15|19|15|8|7|10|11|8|6|14|9|15|33|26|44|59|59|61|45|35|58|50|43|35|31|34|30|34|33|40|23|38|36|33|40|39|42|39|45|43|47|47|45|36|50|48|43|39|37|40|39|38|29|34|43|44|51|37|50|26|29|31|32|45|37|33|26|35|26|20|33|37|50|51|48|37|46|40|39|40|43|44|33|27|33|32|28|31|26|30|22|23|18|13|16|19|12|12|10|14|11|13|4|8|4|8|5|8|8|5|6|3|8|11|7|13|7|6|8|3|4|2|3|3|0|2|5|1|2|1|2|0|1|2|0|1|3|1|1|1|0|0|1|0|1|0|0|0|0|0|0|1|0|0|0|0|0|0|0|0|0|0|0|0|0|0|0|0|0|0|0|0|0|0|0|0|0|0|0|1</HistCounts>
      </HistItem>
    </Histograms>
    <Metadata>
      <MDI key="STATISTICS_MINIMUM">0.13093000650406</MDI>
      <MDI key="STATISTICS_MAXIMUM">0.32414001226425</MDI>
      <MDI key="STATISTICS_MEAN">0.22573809453042</MDI>
      <MDI key="STATISTICS_STDDEV">0.024511173227168</MDI>
      <MDI key="STATISTICS_SKIPFACTORX">1</MDI>
      <MDI key="STATISTICS_SKIPFACTORY">1</MDI>
      <MDI key="STATISTICS_EXCLUDEDVALUES"></MDI>
      <MDI key="STATISTICS_COVARIANCES">6.00797612972254E-04</MDI>
    </Metadata>
  </PAMRasterBand>
</PAMDataset>
