<PAMDataset>
  <Metadata>
    <MDI key="DataType">Generic</MDI>
  </Metadata>
  <Metadata domain="Esri">
    <MDI key="PyramidResamplingType">NEAREST</MDI>
  </Metadata>
  <PAMRasterBand band="1">
    <Histograms>
      <HistItem>
        <HistMin>0.2183299958705902</HistMin>
        <HistMax>0.3600000143051148</HistMax>
        <BucketCount>256</BucketCount>
        <IncludeOutOfRange>1</IncludeOutOfRange>
        <Approximate>0</Approximate>
        <HistCounts>1|0|1|0|0|0|0|0|0|0|0|0|0|0|0|0|0|0|0|0|0|0|0|1|1|0|1|1|1|0|0|1|0|1|0|0|0|0|0|0|1|1|1|0|2|0|2|1|0|2|1|3|2|3|1|2|1|3|0|1|2|0|0|1|2|1|3|0|3|0|1|4|2|1|1|2|4|4|7|5|3|2|3|2|4|4|5|9|4|6|7|4|5|5|7|5|8|13|6|10|16|11|10|13|8|17|12|11|14|12|16|10|12|13|19|11|16|15|14|12|14|13|13|12|17|16|16|14|19|13|19|18|18|19|28|31|25|23|24|25|38|30|26|35|35|29|35|34|48|36|43|57|53|53|65|54|54|58|59|66|61|62|50|59|52|43|52|40|47|54|47|35|35|42|42|35|33|36|44|31|40|33|32|26|34|27|35|40|23|25|30|22|33|13|18|24|23|16|15|28|15|15|17|11|25|17|19|20|14|16|16|19|12|12|16|16|25|15|18|12|12|15|14|17|20|19|19|10|14|5|6|3|6|6|7|7|9|6|7|5|2|1|0|2|3|0|0|0|0|0|0|0|0|0|0|1</HistCounts>
      </HistItem>
    </Histograms>
    <Metadata>
      <MDI key="STATISTICS_MINIMUM">0.21832999587059</MDI>
      <MDI key="STATISTICS_MAXIMUM">0.36000001430511</MDI>
      <MDI key="STATISTICS_MEAN">0.30837272490442</MDI>
      <MDI key="STATISTICS_STDDEV">0.020008626811673</MDI>
      <MDI key="STATISTICS_SKIPFACTORX">1</MDI>
      <MDI key="STATISTICS_SKIPFACTORY">1</MDI>
      <MDI key="STATISTICS_EXCLUDEDVALUES"></MDI>
      <MDI key="STATISTICS_COVARIANCES">4.00345146888813E-04</MDI>
    </Metadata>
  </PAMRasterBand>
</PAMDataset>
