<PAMDataset>
  <Metadata>
    <MDI key="DataType">Generic</MDI>
  </Metadata>
  <Metadata domain="Esri">
    <MDI key="PyramidResamplingType">NEAREST</MDI>
  </Metadata>
  <PAMRasterBand band="1">
    <Histograms>
      <HistItem>
        <HistMin>0.1950999945402145</HistMin>
        <HistMax>0.357230007648468</HistMax>
        <BucketCount>256</BucketCount>
        <IncludeOutOfRange>1</IncludeOutOfRange>
        <Approximate>0</Approximate>
        <HistCounts>1|1|0|0|1|0|2|4|0|0|0|0|0|2|0|0|1|0|0|2|2|2|0|0|3|3|4|3|1|5|7|1|5|10|5|9|11|13|9|6|12|7|7|10|6|6|4|11|11|8|6|9|9|11|18|21|14|12|20|31|37|50|44|45|43|36|38|55|37|29|20|18|17|23|23|28|21|30|27|25|26|21|14|16|18|20|13|15|13|12|27|24|21|23|14|17|19|12|16|19|18|12|11|16|15|18|16|15|17|25|17|13|20|19|15|22|18|16|19|18|15|17|18|17|16|8|9|18|25|20|24|30|26|24|12|16|15|22|17|13|24|17|21|19|10|12|19|19|11|27|35|29|31|30|22|22|13|11|16|24|17|21|25|46|63|78|81|68|58|32|35|22|14|20|30|41|62|73|59|37|37|40|23|26|27|33|33|15|17|14|13|11|15|23|12|11|5|6|5|5|0|0|0|0|0|0|1|0|0|0|0|0|0|0|0|0|0|0|0|0|0|0|0|0|0|0|0|0|0|0|0|0|0|0|0|0|0|0|0|0|0|0|0|0|0|0|0|0|0|0|0|0|0|0|0|1</HistCounts>
      </HistItem>
    </Histograms>
    <Metadata>
      <MDI key="STATISTICS_MINIMUM">0.19509999454021</MDI>
      <MDI key="STATISTICS_MAXIMUM">0.35723000764847</MDI>
      <MDI key="STATISTICS_MEAN">0.27350808939556</MDI>
      <MDI key="STATISTICS_STDDEV">0.030324216287848</MDI>
      <MDI key="STATISTICS_SKIPFACTORX">1</MDI>
      <MDI key="STATISTICS_SKIPFACTORY">1</MDI>
      <MDI key="STATISTICS_EXCLUDEDVALUES"></MDI>
      <MDI key="STATISTICS_COVARIANCES">9.19558093472208E-04</MDI>
    </Metadata>
  </PAMRasterBand>
</PAMDataset>
