<PAMDataset>
  <Metadata>
    <MDI key="DataType">Generic</MDI>
  </Metadata>
  <Metadata domain="Esri">
    <MDI key="PyramidResamplingType">NEAREST</MDI>
  </Metadata>
  <PAMRasterBand band="1">
    <Histograms>
      <HistItem>
        <HistMin>0.2348700016736984</HistMin>
        <HistMax>0.4410499930381775</HistMax>
        <BucketCount>256</BucketCount>
        <IncludeOutOfRange>1</IncludeOutOfRange>
        <Approximate>0</Approximate>
        <HistCounts>1|0|0|0|0|0|0|0|0|0|0|0|0|0|0|0|0|0|0|0|0|0|0|0|0|0|0|0|0|0|0|0|0|0|0|0|0|0|0|0|0|0|0|0|0|0|0|1|0|0|0|0|0|0|0|0|0|0|0|0|0|0|0|0|0|0|0|0|0|0|0|0|0|0|0|0|0|0|0|0|0|0|1|0|0|0|0|0|0|0|0|0|1|1|0|0|0|0|1|0|1|0|0|0|1|0|2|10|1|9|4|2|3|3|5|5|5|10|5|9|7|6|17|13|2|8|10|11|8|9|21|14|18|16|20|22|24|29|29|43|40|41|45|40|26|44|47|30|31|21|19|29|27|24|23|23|13|19|21|12|19|18|11|20|13|12|17|14|21|11|28|28|20|18|28|24|23|20|16|15|20|12|18|24|32|27|26|34|40|35|40|32|44|36|31|33|52|41|35|41|53|46|62|67|65|68|70|67|79|90|76|63|68|59|74|54|74|57|45|46|41|37|34|25|27|18|17|18|10|14|12|13|12|13|13|12|18|8|7|7|7|8|7|10|10|4|11|3|1|2|3|1|1|0|1|1</HistCounts>
      </HistItem>
    </Histograms>
    <Metadata>
      <MDI key="STATISTICS_MINIMUM">0.2348700016737</MDI>
      <MDI key="STATISTICS_MAXIMUM">0.44104999303818</MDI>
      <MDI key="STATISTICS_MEAN">0.38565633965176</MDI>
      <MDI key="STATISTICS_STDDEV">0.026600076550748</MDI>
      <MDI key="STATISTICS_SKIPFACTORX">1</MDI>
      <MDI key="STATISTICS_SKIPFACTORY">1</MDI>
      <MDI key="STATISTICS_EXCLUDEDVALUES"></MDI>
      <MDI key="STATISTICS_COVARIANCES">7.07564072505677E-04</MDI>
    </Metadata>
  </PAMRasterBand>
</PAMDataset>
