<PAMDataset>
  <Metadata>
    <MDI key="DataType">Generic</MDI>
  </Metadata>
  <Metadata domain="Esri">
    <MDI key="PyramidResamplingType">NEAREST</MDI>
  </Metadata>
  <PAMRasterBand band="1">
    <Histograms>
      <HistItem>
        <HistMin>0.1873999983072281</HistMin>
        <HistMax>0.3334699869155884</HistMax>
        <BucketCount>256</BucketCount>
        <IncludeOutOfRange>1</IncludeOutOfRange>
        <Approximate>0</Approximate>
        <HistCounts>1|0|0|0|0|0|0|0|0|0|1|0|0|0|0|0|0|0|0|0|0|0|0|0|0|0|0|0|0|0|0|0|0|0|0|0|1|0|1|0|1|0|0|1|0|1|1|1|0|1|0|1|0|2|1|1|1|4|3|2|4|1|2|4|5|6|5|4|3|6|4|4|7|6|9|5|2|7|10|10|3|6|14|6|8|10|9|5|4|8|5|3|6|7|8|9|7|1|5|5|10|8|4|8|15|6|7|10|4|10|8|17|11|8|10|13|7|12|12|8|17|13|17|15|21|21|26|19|23|30|22|42|36|26|30|37|42|46|41|35|39|42|48|46|35|37|68|40|37|42|69|45|51|50|54|56|50|50|46|44|41|36|33|34|31|36|29|27|30|34|43|58|51|49|33|32|36|53|46|36|34|38|43|37|33|37|41|31|21|32|36|33|31|27|31|20|19|19|21|14|28|21|17|16|12|7|12|10|12|19|8|15|18|14|13|8|7|10|14|10|7|9|13|8|7|10|7|6|10|9|5|9|13|3|1|2|2|4|1|0|0|0|1|0|0|2|0|0|0|0|0|0|0|0|0|1</HistCounts>
      </HistItem>
    </Histograms>
    <Metadata>
      <MDI key="STATISTICS_MINIMUM">0.18739999830723</MDI>
      <MDI key="STATISTICS_MAXIMUM">0.33346998691559</MDI>
      <MDI key="STATISTICS_MEAN">0.27781504980901</MDI>
      <MDI key="STATISTICS_STDDEV">0.020352212892418</MDI>
      <MDI key="STATISTICS_SKIPFACTORX">1</MDI>
      <MDI key="STATISTICS_SKIPFACTORY">1</MDI>
      <MDI key="STATISTICS_EXCLUDEDVALUES"></MDI>
      <MDI key="STATISTICS_COVARIANCES">4.14212569618316E-04</MDI>
    </Metadata>
  </PAMRasterBand>
</PAMDataset>
