<PAMDataset>
  <Metadata>
    <MDI key="DataType">Generic</MDI>
  </Metadata>
  <Metadata domain="Esri">
    <MDI key="PyramidResamplingType">NEAREST</MDI>
  </Metadata>
  <PAMRasterBand band="1">
    <Histograms>
      <HistItem>
        <HistMin>0.2721500098705292</HistMin>
        <HistMax>0.446179986000061</HistMax>
        <BucketCount>256</BucketCount>
        <IncludeOutOfRange>1</IncludeOutOfRange>
        <Approximate>0</Approximate>
        <HistCounts>1|0|0|1|0|0|0|0|0|0|0|0|0|0|0|0|0|0|0|0|0|0|0|0|0|0|0|0|0|0|0|0|0|0|0|0|0|0|0|0|0|0|0|0|0|0|0|0|0|0|0|0|0|0|0|0|0|0|0|0|0|0|0|0|0|0|0|0|0|0|0|0|0|0|0|3|5|10|4|7|1|1|1|1|2|1|2|1|2|3|2|2|6|14|5|7|13|14|10|8|8|10|10|4|8|7|8|9|26|25|35|50|45|51|33|33|37|41|53|25|27|19|12|12|13|14|18|17|14|16|19|17|31|21|14|17|12|14|13|9|9|9|7|10|13|13|14|11|10|13|16|9|7|15|19|16|28|21|17|31|19|22|23|13|17|13|18|24|15|19|17|22|14|17|21|18|17|30|26|26|37|36|37|37|33|36|24|25|25|46|53|40|69|75|81|80|92|66|49|61|53|46|56|61|54|50|65|63|43|36|47|33|32|30|28|28|30|24|27|15|9|13|11|12|14|16|8|7|13|11|12|5|7|4|6|17|11|13|9|7|7|12|7|1|2|2|1|2|1|2|0|1|0|0|1|1</HistCounts>
      </HistItem>
    </Histograms>
    <Metadata>
      <MDI key="STATISTICS_MINIMUM">0.27215000987053</MDI>
      <MDI key="STATISTICS_MAXIMUM">0.44617998600006</MDI>
      <MDI key="STATISTICS_MEAN">0.39003245351905</MDI>
      <MDI key="STATISTICS_STDDEV">0.027114820682641</MDI>
      <MDI key="STATISTICS_SKIPFACTORX">1</MDI>
      <MDI key="STATISTICS_SKIPFACTORY">1</MDI>
      <MDI key="STATISTICS_EXCLUDEDVALUES"></MDI>
      <MDI key="STATISTICS_COVARIANCES">7.35213500651768E-04</MDI>
    </Metadata>
  </PAMRasterBand>
</PAMDataset>
