<PAMDataset>
  <Metadata>
    <MDI key="DataType">Generic</MDI>
  </Metadata>
  <Metadata domain="Esri">
    <MDI key="PyramidResamplingType">NEAREST</MDI>
  </Metadata>
  <PAMRasterBand band="1">
    <Histograms>
      <HistItem>
        <HistMin>0.2271600067615509</HistMin>
        <HistMax>0.3645899891853333</HistMax>
        <BucketCount>256</BucketCount>
        <IncludeOutOfRange>1</IncludeOutOfRange>
        <Approximate>0</Approximate>
        <HistCounts>1|0|1|1|0|0|0|0|1|0|2|1|0|1|1|0|1|0|1|1|2|2|0|3|4|3|2|5|2|4|3|6|3|6|2|2|0|5|6|4|5|3|1|5|4|2|0|6|2|6|3|8|6|3|2|7|3|3|8|5|4|2|2|2|5|8|4|15|12|17|11|6|19|17|13|14|16|14|19|20|7|16|19|18|18|30|33|27|40|45|33|36|43|70|43|53|59|41|29|34|30|32|24|22|27|33|39|19|24|24|24|21|19|21|11|23|13|10|21|16|20|14|15|12|12|11|11|19|7|6|13|19|5|7|7|17|14|12|17|8|11|14|9|13|16|16|16|9|11|26|13|17|12|12|13|14|5|11|9|11|12|17|15|21|22|18|9|15|10|6|21|12|17|21|15|28|24|21|21|21|24|24|23|27|30|22|24|21|27|30|25|32|32|25|24|29|38|46|30|38|35|37|45|45|51|39|42|36|39|30|34|32|29|23|18|25|18|21|19|13|10|12|19|11|9|7|8|11|10|10|9|5|3|3|3|1|2|1|1|2|2|1|1|0|0|0|0|0|0|2|0|0|0|0|0|1</HistCounts>
      </HistItem>
    </Histograms>
    <Metadata>
      <MDI key="STATISTICS_MINIMUM">0.22716000676155</MDI>
      <MDI key="STATISTICS_MAXIMUM">0.36458998918533</MDI>
      <MDI key="STATISTICS_MEAN">0.30507174419783</MDI>
      <MDI key="STATISTICS_STDDEV">0.028778146432133</MDI>
      <MDI key="STATISTICS_SKIPFACTORX">1</MDI>
      <MDI key="STATISTICS_SKIPFACTORY">1</MDI>
      <MDI key="STATISTICS_EXCLUDEDVALUES"></MDI>
      <MDI key="STATISTICS_COVARIANCES">8.2818171206929E-04</MDI>
    </Metadata>
  </PAMRasterBand>
</PAMDataset>
