<PAMDataset>
  <Metadata>
    <MDI key="DataType">Generic</MDI>
  </Metadata>
  <Metadata domain="Esri">
    <MDI key="PyramidResamplingType">NEAREST</MDI>
  </Metadata>
  <PAMRasterBand band="1">
    <Histograms>
      <HistItem>
        <HistMin>0.1825399994850159</HistMin>
        <HistMax>0.3682999908924103</HistMax>
        <BucketCount>256</BucketCount>
        <IncludeOutOfRange>1</IncludeOutOfRange>
        <Approximate>0</Approximate>
        <HistCounts>2|0|1|2|0|2|3|3|3|2|0|1|1|2|2|0|2|1|3|2|1|1|2|1|3|0|5|1|1|0|2|5|3|3|3|2|0|9|9|4|5|2|8|7|16|14|18|8|10|21|7|11|14|13|10|8|5|7|14|5|11|4|6|8|11|10|7|9|10|17|16|21|14|27|22|17|12|14|28|24|23|19|21|29|28|48|50|51|51|55|57|63|57|37|46|39|44|38|29|37|41|23|15|28|27|22|23|24|17|20|20|24|23|27|16|20|14|16|23|15|26|16|20|21|13|21|11|13|19|17|26|16|29|25|24|25|27|25|23|23|23|29|32|37|34|35|24|29|32|27|39|27|24|29|38|24|20|28|25|27|18|23|30|17|28|28|38|27|27|41|21|35|29|30|33|23|32|22|26|36|27|19|25|29|31|22|15|14|18|13|25|22|12|12|3|3|4|2|1|1|1|3|4|1|1|0|0|2|0|1|0|0|0|0|2|0|0|0|0|1|0|0|0|0|0|0|0|0|0|0|0|0|0|0|0|0|0|0|0|1|0|0|0|0|0|0|0|0|0|0|0|0|0|0|0|1</HistCounts>
      </HistItem>
    </Histograms>
    <Metadata>
      <MDI key="STATISTICS_MINIMUM">0.18253999948502</MDI>
      <MDI key="STATISTICS_MAXIMUM">0.36829999089241</MDI>
      <MDI key="STATISTICS_MEAN">0.27122830692654</MDI>
      <MDI key="STATISTICS_STDDEV">0.031116180342258</MDI>
      <MDI key="STATISTICS_SKIPFACTORX">1</MDI>
      <MDI key="STATISTICS_SKIPFACTORY">1</MDI>
      <MDI key="STATISTICS_EXCLUDEDVALUES"></MDI>
      <MDI key="STATISTICS_COVARIANCES">9.68216679091904E-04</MDI>
    </Metadata>
  </PAMRasterBand>
</PAMDataset>
