<PAMDataset>
  <Metadata>
    <MDI key="DataType">Generic</MDI>
  </Metadata>
  <Metadata domain="Esri">
    <MDI key="PyramidResamplingType">NEAREST</MDI>
  </Metadata>
  <PAMRasterBand band="1">
    <Histograms>
      <HistItem>
        <HistMin>0.1501300036907196</HistMin>
        <HistMax>0.3098599910736084</HistMax>
        <BucketCount>256</BucketCount>
        <IncludeOutOfRange>1</IncludeOutOfRange>
        <Approximate>0</Approximate>
        <HistCounts>1|0|0|0|0|0|0|0|0|0|0|0|0|0|1|0|0|0|0|0|0|0|0|0|0|0|0|0|0|1|0|0|0|0|0|0|0|0|0|0|0|0|0|0|0|2|0|0|0|1|0|1|0|0|0|3|1|1|1|0|0|1|0|1|3|1|0|5|0|3|5|2|8|1|3|0|3|4|13|3|7|6|10|8|4|9|6|8|8|7|7|7|10|3|9|9|13|7|12|8|5|5|11|6|13|5|6|4|8|10|7|13|12|11|11|11|10|17|15|22|17|24|23|26|21|26|31|37|35|42|43|32|45|37|41|33|35|39|38|38|46|31|36|40|32|43|41|38|39|41|57|57|53|61|55|48|59|40|33|41|34|31|37|43|42|32|43|47|37|34|29|36|38|45|41|31|46|27|32|30|40|35|43|32|36|34|34|46|35|35|31|30|28|20|32|29|23|20|26|17|20|28|29|21|13|11|21|17|15|13|11|12|12|10|10|5|7|4|10|2|5|5|14|11|10|6|9|10|6|1|3|4|0|1|5|1|1|4|1|2|3|1|1|0|0|0|0|0|1|0|0|0|0|0|0|1</HistCounts>
      </HistItem>
    </Histograms>
    <Metadata>
      <MDI key="STATISTICS_MINIMUM">0.15013000369072</MDI>
      <MDI key="STATISTICS_MAXIMUM">0.30985999107361</MDI>
      <MDI key="STATISTICS_MEAN">0.24877083842567</MDI>
      <MDI key="STATISTICS_STDDEV">0.021177012464471</MDI>
      <MDI key="STATISTICS_SKIPFACTORX">1</MDI>
      <MDI key="STATISTICS_SKIPFACTORY">1</MDI>
      <MDI key="STATISTICS_EXCLUDEDVALUES"></MDI>
      <MDI key="STATISTICS_COVARIANCES">4.48465856920368E-04</MDI>
    </Metadata>
  </PAMRasterBand>
</PAMDataset>
