<PAMDataset>
  <Metadata>
    <MDI key="DataType">Generic</MDI>
  </Metadata>
  <Metadata domain="Esri">
    <MDI key="PyramidResamplingType">NEAREST</MDI>
  </Metadata>
  <PAMRasterBand band="1">
    <Histograms>
      <HistItem>
        <HistMin>0.1734700053930283</HistMin>
        <HistMax>0.317799985408783</HistMax>
        <BucketCount>256</BucketCount>
        <IncludeOutOfRange>1</IncludeOutOfRange>
        <Approximate>0</Approximate>
        <HistCounts>1|0|1|0|0|0|0|0|0|0|0|1|0|0|0|0|2|1|0|0|0|0|0|0|0|1|0|0|1|0|0|1|0|3|2|0|1|1|0|1|3|0|4|3|1|2|6|3|1|5|1|5|2|6|2|3|2|3|7|5|2|5|6|4|6|8|5|6|7|6|6|5|3|8|5|8|8|8|3|5|3|6|9|4|6|5|9|8|6|5|10|10|8|10|9|10|12|10|7|12|13|16|15|12|21|14|11|22|25|14|18|27|23|21|29|17|31|22|24|28|24|26|33|21|29|31|18|39|25|32|18|34|35|35|26|20|32|30|25|32|30|22|32|32|33|35|31|42|24|37|25|34|41|41|39|38|38|48|34|32|39|43|32|41|42|47|44|46|39|62|44|43|52|38|27|36|28|30|28|23|18|31|23|15|22|25|28|26|18|35|24|27|30|25|26|30|29|24|30|31|32|22|20|21|15|20|14|21|10|11|12|6|10|6|17|9|9|6|7|5|11|8|7|10|8|8|7|4|7|7|4|4|4|5|3|1|8|2|3|2|8|2|4|1|2|1|0|1|1|1|0|1|1|0|0|1</HistCounts>
      </HistItem>
    </Histograms>
    <Metadata>
      <MDI key="STATISTICS_MINIMUM">0.17347000539303</MDI>
      <MDI key="STATISTICS_MAXIMUM">0.31779998540878</MDI>
      <MDI key="STATISTICS_MEAN">0.25982104806498</MDI>
      <MDI key="STATISTICS_STDDEV">0.022773641724311</MDI>
      <MDI key="STATISTICS_SKIPFACTORX">1</MDI>
      <MDI key="STATISTICS_SKIPFACTORY">1</MDI>
      <MDI key="STATISTICS_EXCLUDEDVALUES"></MDI>
      <MDI key="STATISTICS_COVARIANCES">5.18638757387294E-04</MDI>
    </Metadata>
  </PAMRasterBand>
</PAMDataset>
