<PAMDataset>
  <Metadata>
    <MDI key="DataType">Generic</MDI>
  </Metadata>
  <Metadata domain="Esri">
    <MDI key="PyramidResamplingType">NEAREST</MDI>
  </Metadata>
  <PAMRasterBand band="1">
    <Histograms>
      <HistItem>
        <HistMin>0.121849998831749</HistMin>
        <HistMax>0.3113900125026703</HistMax>
        <BucketCount>256</BucketCount>
        <IncludeOutOfRange>1</IncludeOutOfRange>
        <Approximate>0</Approximate>
        <HistCounts>1|0|0|0|0|0|0|0|0|0|0|0|0|0|0|0|0|0|0|0|0|0|0|0|0|0|0|0|0|0|0|0|0|0|0|1|0|0|0|0|0|0|0|0|0|0|0|0|0|0|0|0|1|0|0|0|0|0|0|0|0|1|0|0|0|0|0|0|0|0|0|0|0|0|1|0|0|0|0|0|1|0|1|0|3|2|0|0|2|3|2|5|3|3|3|6|4|3|6|4|4|4|9|8|3|6|7|8|6|16|7|8|5|14|11|7|14|5|6|8|4|8|5|7|9|7|13|5|3|6|8|10|9|16|15|8|10|9|14|14|17|18|24|19|23|20|20|20|27|30|36|39|44|45|47|32|44|47|54|42|52|52|53|58|60|59|74|75|68|62|52|60|46|41|42|45|45|41|39|41|46|48|42|44|40|45|53|50|52|50|38|34|35|49|59|43|47|44|43|35|42|32|38|30|31|36|27|28|29|28|30|14|26|23|24|19|24|15|18|14|17|17|17|8|14|11|17|12|9|11|14|8|5|3|3|1|0|0|2|3|1|1|3|1|6|3|2|0|0|1|0|0|0|0|0|1</HistCounts>
      </HistItem>
    </Histograms>
    <Metadata>
      <MDI key="STATISTICS_MINIMUM">0.12184999883175</MDI>
      <MDI key="STATISTICS_MAXIMUM">0.31139001250267</MDI>
      <MDI key="STATISTICS_MEAN">0.25142595809463</MDI>
      <MDI key="STATISTICS_STDDEV">0.02195615923383</MDI>
      <MDI key="STATISTICS_SKIPFACTORX">1</MDI>
      <MDI key="STATISTICS_SKIPFACTORY">1</MDI>
      <MDI key="STATISTICS_EXCLUDEDVALUES"></MDI>
      <MDI key="STATISTICS_COVARIANCES">4.82072928301312E-04</MDI>
    </Metadata>
  </PAMRasterBand>
</PAMDataset>
