<PAMDataset>
  <Metadata>
    <MDI key="DataType">Generic</MDI>
  </Metadata>
  <Metadata domain="Esri">
    <MDI key="PyramidResamplingType">NEAREST</MDI>
  </Metadata>
  <PAMRasterBand band="1">
    <Histograms>
      <HistItem>
        <HistMin>0.1835100054740906</HistMin>
        <HistMax>0.3440600037574768</HistMax>
        <BucketCount>256</BucketCount>
        <IncludeOutOfRange>1</IncludeOutOfRange>
        <Approximate>0</Approximate>
        <HistCounts>1|3|0|1|0|0|1|0|0|1|1|2|2|4|1|3|1|1|2|3|1|1|1|3|2|1|1|3|2|4|10|7|5|4|6|6|4|6|3|7|8|5|9|3|9|5|5|7|4|4|6|6|14|9|12|13|21|40|29|37|42|39|47|49|55|40|44|50|26|35|26|29|32|27|33|21|25|12|19|18|9|9|21|13|17|15|24|10|18|16|19|17|16|18|16|14|22|20|20|17|27|20|22|24|22|37|16|30|20|28|26|27|20|33|28|23|18|25|30|29|16|22|20|22|32|12|20|18|14|14|24|18|22|22|29|45|28|15|16|21|15|24|19|27|9|30|47|86|80|60|49|39|27|21|23|26|25|29|26|34|36|24|38|46|57|60|58|50|36|35|35|53|28|21|25|24|27|33|16|12|1|4|3|5|4|4|1|0|0|0|1|1|0|0|0|0|1|0|0|0|0|0|0|0|0|0|0|0|0|0|0|0|0|0|0|0|0|0|0|0|0|0|0|0|0|0|0|0|0|0|0|0|0|0|0|0|0|0|0|0|0|0|0|0|0|0|0|0|0|0|0|0|0|0|0|1</HistCounts>
      </HistItem>
    </Histograms>
    <Metadata>
      <MDI key="STATISTICS_MINIMUM">0.18351000547409</MDI>
      <MDI key="STATISTICS_MAXIMUM">0.34406000375748</MDI>
      <MDI key="STATISTICS_MEAN">0.25680070386254</MDI>
      <MDI key="STATISTICS_STDDEV">0.026630938708677</MDI>
      <MDI key="STATISTICS_SKIPFACTORX">1</MDI>
      <MDI key="STATISTICS_SKIPFACTORY">1</MDI>
      <MDI key="STATISTICS_EXCLUDEDVALUES"></MDI>
      <MDI key="STATISTICS_COVARIANCES">7.09206896505303E-04</MDI>
    </Metadata>
  </PAMRasterBand>
</PAMDataset>
