<PAMDataset>
  <Metadata>
    <MDI key="DataType">Generic</MDI>
  </Metadata>
  <Metadata domain="Esri">
    <MDI key="PyramidResamplingType">NEAREST</MDI>
  </Metadata>
  <PAMRasterBand band="1">
    <Histograms>
      <HistItem>
        <HistMin>0.2025000005960465</HistMin>
        <HistMax>0.36353999376297</HistMax>
        <BucketCount>256</BucketCount>
        <IncludeOutOfRange>1</IncludeOutOfRange>
        <Approximate>0</Approximate>
        <HistCounts>1|0|0|0|0|1|1|1|0|0|2|0|0|0|1|2|0|0|0|1|0|2|3|1|4|8|5|5|3|3|8|6|8|4|10|11|11|9|10|8|5|9|5|4|10|10|13|4|7|5|8|4|11|5|15|17|39|36|35|32|37|39|38|42|51|41|40|30|30|17|14|26|19|22|26|11|13|15|19|19|25|19|20|20|26|16|18|16|15|10|16|23|22|14|12|16|18|14|16|22|13|15|11|14|14|20|20|16|23|18|31|21|19|15|17|24|27|20|18|17|19|24|17|16|14|15|12|18|10|14|19|21|25|23|23|18|19|23|18|8|13|28|19|16|16|12|20|15|16|26|19|27|21|33|26|14|21|29|31|23|22|29|31|61|72|67|67|62|50|43|37|32|29|33|38|68|55|58|46|39|29|25|22|24|33|27|14|14|11|6|12|12|9|4|8|14|4|11|13|15|8|1|0|0|0|0|1|0|0|0|0|0|0|0|0|0|0|0|0|0|0|0|0|0|0|0|0|0|0|0|0|0|0|0|0|0|0|0|0|0|0|0|0|0|0|0|0|0|0|0|0|0|0|0|0|1</HistCounts>
      </HistItem>
    </Histograms>
    <Metadata>
      <MDI key="STATISTICS_MINIMUM">0.20250000059605</MDI>
      <MDI key="STATISTICS_MAXIMUM">0.36353999376297</MDI>
      <MDI key="STATISTICS_MEAN">0.28047483214782</MDI>
      <MDI key="STATISTICS_STDDEV">0.030100127155936</MDI>
      <MDI key="STATISTICS_SKIPFACTORX">1</MDI>
      <MDI key="STATISTICS_SKIPFACTORY">1</MDI>
      <MDI key="STATISTICS_EXCLUDEDVALUES"></MDI>
      <MDI key="STATISTICS_COVARIANCES">9.06017654803507E-04</MDI>
    </Metadata>
  </PAMRasterBand>
</PAMDataset>
