<PAMDataset>
  <Metadata>
    <MDI key="DataType">Generic</MDI>
  </Metadata>
  <Metadata domain="Esri">
    <MDI key="PyramidResamplingType">NEAREST</MDI>
  </Metadata>
  <PAMRasterBand band="1">
    <Histograms>
      <HistItem>
        <HistMin>0.2365799993276596</HistMin>
        <HistMax>0.4020499885082245</HistMax>
        <BucketCount>256</BucketCount>
        <IncludeOutOfRange>1</IncludeOutOfRange>
        <Approximate>0</Approximate>
        <HistCounts>1|0|0|0|0|0|0|0|0|0|0|0|0|0|1|3|1|2|3|7|3|5|6|4|4|7|3|2|2|4|6|6|10|8|5|7|6|3|12|5|4|2|1|4|7|4|9|15|10|9|16|13|21|23|36|43|42|41|57|61|51|35|23|16|26|21|12|16|18|26|19|8|15|14|15|22|18|11|11|12|9|13|14|12|11|22|10|14|19|11|16|8|9|16|17|25|30|21|12|24|21|12|24|15|26|16|19|17|18|15|20|17|15|9|26|16|25|29|27|22|30|31|28|32|31|27|28|22|25|21|21|29|25|39|35|35|20|21|12|13|12|19|20|26|32|59|89|100|75|77|68|84|83|53|50|35|38|40|43|39|33|36|41|56|40|42|20|27|10|17|13|18|6|17|26|21|29|14|8|4|4|5|9|2|2|4|6|2|2|3|0|0|1|0|0|0|0|0|0|0|0|0|0|0|0|0|0|0|0|0|0|0|0|0|0|0|0|0|0|0|0|0|0|0|0|0|0|0|0|0|0|0|0|0|0|0|0|0|0|0|0|0|0|0|0|0|0|0|0|0|0|0|0|0|0|1</HistCounts>
      </HistItem>
    </Histograms>
    <Metadata>
      <MDI key="STATISTICS_MINIMUM">0.23657999932766</MDI>
      <MDI key="STATISTICS_MAXIMUM">0.40204998850822</MDI>
      <MDI key="STATISTICS_MEAN">0.31279478343271</MDI>
      <MDI key="STATISTICS_STDDEV">0.027194855865875</MDI>
      <MDI key="STATISTICS_SKIPFACTORX">1</MDI>
      <MDI key="STATISTICS_SKIPFACTORY">1</MDI>
      <MDI key="STATISTICS_EXCLUDEDVALUES"></MDI>
      <MDI key="STATISTICS_COVARIANCES">7.39560185565725E-04</MDI>
    </Metadata>
  </PAMRasterBand>
</PAMDataset>
