<PAMDataset>
  <Metadata>
    <MDI key="DataType">Generic</MDI>
  </Metadata>
  <Metadata domain="Esri">
    <MDI key="PyramidResamplingType">NEAREST</MDI>
  </Metadata>
  <PAMRasterBand band="1">
    <Histograms>
      <HistItem>
        <HistMin>0.2207099944353104</HistMin>
        <HistMax>0.386819988489151</HistMax>
        <BucketCount>256</BucketCount>
        <IncludeOutOfRange>1</IncludeOutOfRange>
        <Approximate>0</Approximate>
        <HistCounts>1|0|1|0|0|0|0|0|0|0|0|0|0|0|0|0|0|0|0|0|0|0|0|0|0|0|0|0|0|0|0|0|0|0|0|0|0|0|0|0|0|0|1|1|1|0|0|1|0|0|0|1|1|2|0|0|0|0|1|2|2|2|1|1|1|2|1|3|2|2|0|1|0|0|4|2|3|5|3|3|5|7|4|5|2|5|10|4|6|9|6|7|7|7|5|10|11|6|11|11|8|13|12|5|9|10|10|14|8|19|14|13|14|25|17|20|13|29|20|27|20|29|26|21|32|27|37|31|35|27|29|27|31|37|38|49|51|52|57|57|44|47|36|44|31|41|44|30|36|35|34|35|40|45|29|40|43|38|37|56|39|59|49|50|48|50|49|49|45|60|62|55|62|70|77|62|55|30|33|37|28|32|31|44|34|37|33|25|28|29|33|34|27|22|17|21|22|18|23|19|18|14|18|10|11|17|8|10|9|6|1|2|4|0|2|0|2|1|1|1|0|0|0|0|0|0|0|0|0|0|0|0|0|0|0|0|0|0|0|0|0|0|0|0|0|0|0|0|0|0|0|0|0|0|0|1</HistCounts>
      </HistItem>
    </Histograms>
    <Metadata>
      <MDI key="STATISTICS_MINIMUM">0.22070999443531</MDI>
      <MDI key="STATISTICS_MAXIMUM">0.38681998848915</MDI>
      <MDI key="STATISTICS_MEAN">0.32071034656324</MDI>
      <MDI key="STATISTICS_STDDEV">0.019383797231634</MDI>
      <MDI key="STATISTICS_SKIPFACTORX">1</MDI>
      <MDI key="STATISTICS_SKIPFACTORY">1</MDI>
      <MDI key="STATISTICS_EXCLUDEDVALUES"></MDI>
      <MDI key="STATISTICS_COVARIANCES">3.75731595117091E-04</MDI>
    </Metadata>
  </PAMRasterBand>
</PAMDataset>
