<PAMDataset>
  <Metadata>
    <MDI key="DataType">Generic</MDI>
  </Metadata>
  <Metadata domain="Esri">
    <MDI key="PyramidResamplingType">NEAREST</MDI>
  </Metadata>
  <PAMRasterBand band="1">
    <Histograms>
      <HistItem>
        <HistMin>0.1753100007772446</HistMin>
        <HistMax>0.3223400115966797</HistMax>
        <BucketCount>256</BucketCount>
        <IncludeOutOfRange>1</IncludeOutOfRange>
        <Approximate>0</Approximate>
        <HistCounts>1|0|0|0|0|0|0|0|0|0|0|0|0|0|0|0|0|0|0|0|0|0|0|0|0|0|0|0|0|0|0|0|0|0|0|0|0|0|0|0|0|0|0|0|0|1|0|0|0|1|1|0|2|0|0|1|0|0|0|0|0|0|1|1|1|1|2|0|7|1|0|0|1|6|4|1|1|4|3|5|3|6|4|3|7|4|3|7|4|3|5|8|4|10|5|9|9|8|7|5|5|9|9|9|9|13|12|13|9|9|9|10|7|8|13|10|10|6|13|5|11|15|12|5|11|15|9|18|12|11|20|23|19|24|25|31|27|25|31|36|32|32|35|30|41|48|55|58|63|56|46|61|52|24|25|25|27|30|23|25|31|25|38|41|27|38|28|29|34|43|30|45|36|41|48|34|51|39|44|35|55|37|30|59|36|32|33|34|43|27|45|40|49|35|32|38|36|33|37|29|30|33|25|35|26|32|24|34|21|16|22|33|28|14|17|29|11|13|27|20|11|16|10|12|17|11|14|17|12|7|6|13|11|7|16|7|5|5|4|2|1|1|2|1|0|2|1|2|3|0|0|0|0|0|1|1</HistCounts>
      </HistItem>
    </Histograms>
    <Metadata>
      <MDI key="STATISTICS_MINIMUM">0.17531000077724</MDI>
      <MDI key="STATISTICS_MAXIMUM">0.32234001159668</MDI>
      <MDI key="STATISTICS_MEAN">0.2720651575408</MDI>
      <MDI key="STATISTICS_STDDEV">0.020403512457077</MDI>
      <MDI key="STATISTICS_SKIPFACTORX">1</MDI>
      <MDI key="STATISTICS_SKIPFACTORY">1</MDI>
      <MDI key="STATISTICS_EXCLUDEDVALUES"></MDI>
      <MDI key="STATISTICS_COVARIANCES">4.16303320586102E-04</MDI>
    </Metadata>
  </PAMRasterBand>
</PAMDataset>
