<PAMDataset>
  <Metadata>
    <MDI key="DataType">Generic</MDI>
  </Metadata>
  <Metadata domain="Esri">
    <MDI key="PyramidResamplingType">NEAREST</MDI>
  </Metadata>
  <PAMRasterBand band="1">
    <Histograms>
      <HistItem>
        <HistMin>0.1887100040912628</HistMin>
        <HistMax>0.3810999989509583</HistMax>
        <BucketCount>256</BucketCount>
        <IncludeOutOfRange>1</IncludeOutOfRange>
        <Approximate>0</Approximate>
        <HistCounts>2|1|0|3|4|0|2|3|3|0|2|1|2|4|1|2|4|1|3|1|3|2|1|1|3|1|1|3|1|4|3|2|3|4|6|6|3|4|20|11|19|10|18|13|8|18|15|13|6|11|14|10|11|12|7|12|3|5|5|9|14|12|23|11|14|18|12|23|20|19|19|18|18|14|23|19|21|26|39|31|20|27|30|30|47|68|46|61|54|45|54|65|60|51|48|24|19|25|17|24|15|14|25|16|26|23|19|23|20|17|17|15|23|20|19|13|21|13|19|21|14|13|11|10|14|26|20|43|21|28|32|28|33|29|23|26|27|30|40|24|19|22|25|29|30|19|25|16|19|25|32|20|18|19|27|17|17|19|29|25|22|27|31|40|26|41|35|34|28|30|29|24|30|21|18|17|24|24|23|23|23|24|15|18|27|19|25|24|25|26|19|11|11|5|2|5|2|1|2|2|0|0|1|1|1|0|1|1|0|1|1|2|0|0|1|0|1|0|0|0|0|1|0|1|0|0|0|1|0|0|0|0|0|0|0|0|0|0|0|0|0|1|0|0|0|0|0|0|0|0|0|0|0|0|0|1</HistCounts>
      </HistItem>
    </Histograms>
    <Metadata>
      <MDI key="STATISTICS_MINIMUM">0.18871000409126</MDI>
      <MDI key="STATISTICS_MAXIMUM">0.38109999895096</MDI>
      <MDI key="STATISTICS_MEAN">0.27759984427163</MDI>
      <MDI key="STATISTICS_STDDEV">0.033276193979824</MDI>
      <MDI key="STATISTICS_SKIPFACTORX">1</MDI>
      <MDI key="STATISTICS_SKIPFACTORY">1</MDI>
      <MDI key="STATISTICS_EXCLUDEDVALUES"></MDI>
      <MDI key="STATISTICS_COVARIANCES">1.10730508578286E-03</MDI>
    </Metadata>
  </PAMRasterBand>
</PAMDataset>
