<PAMDataset>
  <Metadata>
    <MDI key="DataType">Generic</MDI>
  </Metadata>
  <Metadata domain="Esri">
    <MDI key="PyramidResamplingType">NEAREST</MDI>
  </Metadata>
  <PAMRasterBand band="1">
    <Histograms>
      <HistItem>
        <HistMin>0.3083299994468689</HistMin>
        <HistMax>0.4777700006961823</HistMax>
        <BucketCount>256</BucketCount>
        <IncludeOutOfRange>1</IncludeOutOfRange>
        <Approximate>0</Approximate>
        <HistCounts>1|0|0|0|0|0|0|0|0|0|0|0|0|0|0|0|1|0|0|0|0|0|0|0|0|0|0|0|0|0|0|0|0|0|0|0|0|0|0|0|0|0|0|0|0|0|0|0|0|0|0|1|0|1|3|3|3|0|5|5|3|3|1|1|2|2|1|2|1|3|5|2|3|4|6|9|10|11|9|6|6|11|7|7|7|10|22|22|24|23|12|22|19|29|19|26|20|28|26|22|29|18|28|20|25|19|16|15|16|15|17|7|18|14|18|14|18|16|17|26|21|23|26|20|12|13|16|18|14|10|11|12|19|13|13|17|12|8|14|12|13|10|12|18|14|16|15|20|22|20|23|14|27|17|18|12|14|13|11|17|13|11|13|16|21|34|21|24|20|28|25|25|50|42|45|42|38|31|49|45|48|47|42|54|55|38|53|40|52|66|33|47|39|42|39|46|57|30|41|37|43|45|32|34|25|47|27|34|22|27|31|33|19|19|31|20|19|27|17|12|14|26|15|21|8|8|7|8|8|5|7|6|4|8|4|6|6|6|6|2|0|4|1|0|1|2|3|2|1|1|0|0|1|1|0|1</HistCounts>
      </HistItem>
    </Histograms>
    <Metadata>
      <MDI key="STATISTICS_MINIMUM">0.30832999944687</MDI>
      <MDI key="STATISTICS_MAXIMUM">0.47777000069618</MDI>
      <MDI key="STATISTICS_MEAN">0.41627471384038</MDI>
      <MDI key="STATISTICS_STDDEV">0.028970169873351</MDI>
      <MDI key="STATISTICS_SKIPFACTORX">1</MDI>
      <MDI key="STATISTICS_SKIPFACTORY">1</MDI>
      <MDI key="STATISTICS_EXCLUDEDVALUES"></MDI>
      <MDI key="STATISTICS_COVARIANCES">8.39270742490832E-04</MDI>
    </Metadata>
  </PAMRasterBand>
</PAMDataset>
