<PAMDataset>
  <Metadata>
    <MDI key="DataType">Generic</MDI>
  </Metadata>
  <Metadata domain="Esri">
    <MDI key="PyramidResamplingType">NEAREST</MDI>
  </Metadata>
  <PAMRasterBand band="1">
    <Histograms>
      <HistItem>
        <HistMin>0.2456099987030029</HistMin>
        <HistMax>0.4212400019168854</HistMax>
        <BucketCount>256</BucketCount>
        <IncludeOutOfRange>1</IncludeOutOfRange>
        <Approximate>0</Approximate>
        <HistCounts>1|0|0|0|0|0|0|0|0|0|0|0|0|0|0|1|0|0|0|0|0|0|0|0|0|0|0|0|0|0|0|0|0|0|0|0|0|0|0|0|0|0|0|0|0|0|0|0|0|0|0|0|0|0|0|0|0|0|0|0|0|0|0|0|0|0|0|0|0|0|0|0|0|0|0|0|0|1|0|0|2|0|1|0|0|1|3|4|6|3|2|2|4|5|4|2|6|4|4|5|5|11|11|7|8|2|7|6|1|6|8|5|6|5|6|4|7|7|18|11|10|9|13|10|14|22|23|35|36|37|37|51|52|57|68|76|55|44|50|39|32|38|25|23|25|26|27|20|11|23|16|25|22|29|22|18|25|25|18|17|17|23|22|18|18|8|17|17|19|18|28|32|38|32|31|29|40|48|34|42|70|60|63|75|70|56|80|75|66|52|67|72|66|55|53|67|49|51|53|39|44|35|28|31|40|23|24|16|34|10|24|18|26|27|24|28|22|14|10|10|9|7|4|4|3|6|4|4|4|3|1|4|0|1|0|0|1|0|0|0|0|0|0|0|0|0|0|0|0|0|0|0|0|0|0|1</HistCounts>
      </HistItem>
    </Histograms>
    <Metadata>
      <MDI key="STATISTICS_MINIMUM">0.245609998703</MDI>
      <MDI key="STATISTICS_MAXIMUM">0.42124000191689</MDI>
      <MDI key="STATISTICS_MEAN">0.36201288355867</MDI>
      <MDI key="STATISTICS_STDDEV">0.021477042207428</MDI>
      <MDI key="STATISTICS_SKIPFACTORX">1</MDI>
      <MDI key="STATISTICS_SKIPFACTORY">1</MDI>
      <MDI key="STATISTICS_EXCLUDEDVALUES"></MDI>
      <MDI key="STATISTICS_COVARIANCES">4.61263341979645E-04</MDI>
    </Metadata>
  </PAMRasterBand>
</PAMDataset>
