<PAMDataset>
  <Metadata>
    <MDI key="DataType">Generic</MDI>
  </Metadata>
  <Metadata domain="Esri">
    <MDI key="PyramidResamplingType">NEAREST</MDI>
  </Metadata>
  <PAMRasterBand band="1">
    <Histograms>
      <HistItem>
        <HistMin>0.1929000020027161</HistMin>
        <HistMax>0.3561300039291382</HistMax>
        <BucketCount>256</BucketCount>
        <IncludeOutOfRange>1</IncludeOutOfRange>
        <Approximate>0</Approximate>
        <HistCounts>2|1|0|0|3|1|0|0|2|0|1|1|0|0|0|1|1|0|3|3|4|0|1|1|1|1|3|7|3|4|5|3|8|11|8|7|6|14|5|7|5|12|5|11|10|11|3|8|7|8|4|8|4|8|8|8|24|26|27|28|46|44|35|36|39|47|33|36|40|31|24|23|20|20|31|39|40|31|25|21|28|26|21|23|18|16|20|21|12|13|19|15|20|14|19|25|14|28|13|15|25|17|23|16|15|16|12|16|16|18|14|19|19|24|17|15|19|13|14|18|20|10|15|8|13|10|11|9|13|14|13|21|14|21|16|23|25|21|16|23|17|15|18|11|22|26|18|15|24|18|23|21|20|15|16|14|18|27|19|18|20|23|31|36|30|20|34|17|11|29|27|18|40|62|68|85|48|44|33|21|22|24|18|29|35|54|75|46|21|25|23|19|17|18|25|33|17|9|8|9|11|6|11|19|16|6|4|1|1|0|0|0|0|0|0|0|0|0|0|0|0|0|0|0|0|0|0|0|0|0|0|0|0|0|0|0|0|0|0|0|0|0|0|0|0|0|0|0|0|0|0|0|0|0|1|0</HistCounts>
      </HistItem>
    </Histograms>
    <Metadata>
      <MDI key="STATISTICS_MINIMUM">0.19290000200272</MDI>
      <MDI key="STATISTICS_MAXIMUM">0.35613000392914</MDI>
      <MDI key="STATISTICS_MEAN">0.2728887154703</MDI>
      <MDI key="STATISTICS_STDDEV">0.032104697146701</MDI>
      <MDI key="STATISTICS_SKIPFACTORX">1</MDI>
      <MDI key="STATISTICS_SKIPFACTORY">1</MDI>
      <MDI key="STATISTICS_EXCLUDEDVALUES"></MDI>
      <MDI key="STATISTICS_COVARIANCES">1.03071157888138E-03</MDI>
    </Metadata>
  </PAMRasterBand>
</PAMDataset>
