<PAMDataset>
  <Metadata>
    <MDI key="DataType">Generic</MDI>
  </Metadata>
  <Metadata domain="Esri">
    <MDI key="PyramidResamplingType">NEAREST</MDI>
  </Metadata>
  <PAMRasterBand band="1">
    <Histograms>
      <HistItem>
        <HistMin>0.2449900060892105</HistMin>
        <HistMax>0.4041500091552734</HistMax>
        <BucketCount>256</BucketCount>
        <IncludeOutOfRange>1</IncludeOutOfRange>
        <Approximate>0</Approximate>
        <HistCounts>1|2|3|1|2|2|1|3|1|0|2|2|1|4|1|3|1|1|2|1|1|3|0|2|0|2|1|2|2|1|2|1|3|2|5|1|3|1|1|4|1|5|4|3|4|4|3|5|8|6|8|10|16|21|24|9|14|19|10|11|7|13|10|15|10|15|13|8|6|16|10|14|17|14|28|20|23|16|15|19|16|25|18|17|30|25|28|24|30|22|31|33|34|39|25|12|15|11|17|17|21|18|13|23|15|12|27|25|20|25|37|21|29|26|29|19|31|29|24|36|25|24|34|39|25|21|25|35|25|30|15|17|29|37|37|43|42|43|44|72|75|93|57|36|52|51|50|60|57|44|53|52|44|29|37|44|42|35|29|34|36|31|27|36|42|26|29|40|30|28|30|32|30|19|12|12|8|9|8|12|13|14|11|8|8|5|5|5|3|5|1|4|2|2|5|0|0|0|0|1|0|0|0|0|0|0|0|1|0|0|0|0|0|0|0|0|0|0|0|0|0|0|0|0|0|0|0|0|0|0|0|0|0|0|0|0|0|0|0|0|0|0|0|0|0|0|0|0|0|0|0|0|0|0|0|1</HistCounts>
      </HistItem>
    </Histograms>
    <Metadata>
      <MDI key="STATISTICS_MINIMUM">0.24499000608921</MDI>
      <MDI key="STATISTICS_MAXIMUM">0.40415000915527</MDI>
      <MDI key="STATISTICS_MEAN">0.32214103748051</MDI>
      <MDI key="STATISTICS_STDDEV">0.023349239020014</MDI>
      <MDI key="STATISTICS_SKIPFACTORX">1</MDI>
      <MDI key="STATISTICS_SKIPFACTORY">1</MDI>
      <MDI key="STATISTICS_EXCLUDEDVALUES"></MDI>
      <MDI key="STATISTICS_COVARIANCES">5.45186962813754E-04</MDI>
    </Metadata>
  </PAMRasterBand>
</PAMDataset>
