<PAMDataset>
  <Metadata>
    <MDI key="DataType">Generic</MDI>
  </Metadata>
  <Metadata domain="Esri">
    <MDI key="PyramidResamplingType">NEAREST</MDI>
  </Metadata>
  <PAMRasterBand band="1">
    <Histograms>
      <HistItem>
        <HistMin>0.1996700018644333</HistMin>
        <HistMax>0.3447000086307526</HistMax>
        <BucketCount>256</BucketCount>
        <IncludeOutOfRange>1</IncludeOutOfRange>
        <Approximate>0</Approximate>
        <HistCounts>1|0|0|1|0|1|1|0|0|0|0|0|0|0|3|0|0|1|0|1|3|1|3|3|0|2|1|0|0|0|1|2|2|1|3|1|3|2|3|5|6|8|4|1|5|4|1|5|4|4|6|3|1|5|6|7|6|5|10|7|6|3|7|9|5|7|9|14|13|11|15|15|19|17|26|19|19|35|32|25|20|19|27|36|32|34|42|42|44|30|24|43|40|24|30|20|30|29|32|27|21|33|23|34|27|23|22|21|20|21|15|30|21|16|20|13|18|18|16|21|10|8|21|14|14|15|9|11|14|17|12|10|8|14|14|13|10|13|19|15|6|11|5|9|9|7|14|15|12|14|10|16|22|22|14|15|12|17|17|11|12|17|17|11|16|6|18|14|10|18|18|22|16|11|19|17|14|14|15|11|21|24|20|21|7|11|23|26|17|27|20|19|21|19|16|23|20|18|27|24|13|30|23|23|23|24|23|16|33|24|17|23|34|18|46|34|36|43|35|28|26|24|23|22|15|30|39|19|24|23|23|7|16|17|10|12|17|16|14|12|6|10|8|14|4|5|4|2|2|2|0|1|0|0|1|1</HistCounts>
      </HistItem>
    </Histograms>
    <Metadata>
      <MDI key="STATISTICS_MINIMUM">0.19967000186443</MDI>
      <MDI key="STATISTICS_MAXIMUM">0.34470000863075</MDI>
      <MDI key="STATISTICS_MEAN">0.28389891980076</MDI>
      <MDI key="STATISTICS_STDDEV">0.032822203397649</MDI>
      <MDI key="STATISTICS_SKIPFACTORX">1</MDI>
      <MDI key="STATISTICS_SKIPFACTORY">1</MDI>
      <MDI key="STATISTICS_EXCLUDEDVALUES"></MDI>
      <MDI key="STATISTICS_COVARIANCES">1.07729703587667E-03</MDI>
    </Metadata>
  </PAMRasterBand>
</PAMDataset>
