<PAMDataset>
  <Metadata>
    <MDI key="DataType">Generic</MDI>
  </Metadata>
  <Metadata domain="Esri">
    <MDI key="PyramidResamplingType">NEAREST</MDI>
  </Metadata>
  <PAMRasterBand band="1">
    <Histograms>
      <HistItem>
        <HistMin>0.1983399987220764</HistMin>
        <HistMax>0.3552300035953522</HistMax>
        <BucketCount>256</BucketCount>
        <IncludeOutOfRange>1</IncludeOutOfRange>
        <Approximate>0</Approximate>
        <HistCounts>2|0|0|2|0|0|3|1|0|2|1|0|1|4|0|1|0|1|3|1|3|0|3|2|1|2|1|2|0|3|1|3|4|4|3|1|1|3|3|2|4|5|8|5|3|6|8|3|5|8|10|15|5|6|6|9|8|4|15|5|6|9|9|15|13|14|20|20|12|17|18|22|27|26|38|33|41|37|31|27|24|22|34|28|25|23|22|24|25|20|23|13|20|17|19|17|21|15|20|18|23|22|28|21|22|21|32|18|19|19|26|32|27|28|32|28|23|33|41|40|30|32|33|43|22|33|21|16|26|36|32|26|29|27|33|32|21|43|33|27|39|35|30|32|31|24|34|31|32|26|39|35|34|48|40|34|47|48|34|31|46|34|39|39|42|47|24|36|32|36|35|33|28|31|26|29|25|19|16|14|24|20|19|11|19|6|6|9|9|8|3|9|4|5|3|3|2|4|1|2|2|7|3|2|3|3|0|0|0|0|0|0|0|0|0|0|0|0|0|0|0|1|0|0|0|0|0|0|0|0|0|0|0|0|0|0|0|0|0|0|0|0|0|0|0|0|0|0|0|0|0|0|0|0|0|1</HistCounts>
      </HistItem>
    </Histograms>
    <Metadata>
      <MDI key="STATISTICS_MINIMUM">0.19833999872208</MDI>
      <MDI key="STATISTICS_MAXIMUM">0.35523000359535</MDI>
      <MDI key="STATISTICS_MEAN">0.2748937543859</MDI>
      <MDI key="STATISTICS_STDDEV">0.024373708315902</MDI>
      <MDI key="STATISTICS_SKIPFACTORX">1</MDI>
      <MDI key="STATISTICS_SKIPFACTORY">1</MDI>
      <MDI key="STATISTICS_EXCLUDEDVALUES"></MDI>
      <MDI key="STATISTICS_COVARIANCES">5.94077657068685E-04</MDI>
    </Metadata>
  </PAMRasterBand>
</PAMDataset>
