<PAMDataset>
  <Metadata>
    <MDI key="DataType">Generic</MDI>
  </Metadata>
  <Metadata domain="Esri">
    <MDI key="PyramidResamplingType">NEAREST</MDI>
  </Metadata>
  <PAMRasterBand band="1">
    <Histograms>
      <HistItem>
        <HistMin>0.1605499982833862</HistMin>
        <HistMax>0.3242799937725067</HistMax>
        <BucketCount>256</BucketCount>
        <IncludeOutOfRange>1</IncludeOutOfRange>
        <Approximate>0</Approximate>
        <HistCounts>1|2|0|0|1|1|1|0|0|1|0|1|0|0|1|0|0|1|1|0|1|0|1|1|1|1|1|3|2|1|0|1|1|0|3|1|1|1|0|2|2|1|0|1|0|1|1|1|1|1|3|3|3|1|4|2|6|3|4|3|11|8|5|5|5|9|6|7|7|5|8|8|5|9|8|8|5|6|5|10|4|9|15|15|13|12|10|9|18|21|21|14|26|37|33|33|45|38|51|53|46|44|33|28|29|33|29|25|37|33|33|42|31|30|22|29|26|24|38|22|39|31|26|37|41|30|30|36|27|28|34|31|16|34|24|19|19|16|22|27|26|27|22|36|21|26|22|26|28|31|27|31|27|37|29|34|37|24|39|26|30|22|21|26|27|23|23|22|25|37|19|26|32|35|27|32|32|24|27|30|24|35|30|29|20|13|13|15|9|16|20|12|5|14|19|10|14|13|10|13|14|13|17|12|19|12|13|14|12|10|13|8|11|10|7|12|5|12|11|10|3|13|13|13|7|7|7|4|6|8|7|9|3|8|6|2|1|3|2|4|4|2|2|2|1|1|1|0|2|0|0|1|0|1|0|1</HistCounts>
      </HistItem>
    </Histograms>
    <Metadata>
      <MDI key="STATISTICS_MINIMUM">0.16054999828339</MDI>
      <MDI key="STATISTICS_MAXIMUM">0.32427999377251</MDI>
      <MDI key="STATISTICS_MEAN">0.25088009382409</MDI>
      <MDI key="STATISTICS_STDDEV">0.027679879284253</MDI>
      <MDI key="STATISTICS_SKIPFACTORX">1</MDI>
      <MDI key="STATISTICS_SKIPFACTORY">1</MDI>
      <MDI key="STATISTICS_EXCLUDEDVALUES"></MDI>
      <MDI key="STATISTICS_COVARIANCES">7.66175717190807E-04</MDI>
    </Metadata>
  </PAMRasterBand>
</PAMDataset>
