<PAMDataset>
  <Metadata>
    <MDI key="DataType">Generic</MDI>
  </Metadata>
  <Metadata domain="Esri">
    <MDI key="PyramidResamplingType">NEAREST</MDI>
  </Metadata>
  <PAMRasterBand band="1">
    <Histograms>
      <HistItem>
        <HistMin>0.1876399964094162</HistMin>
        <HistMax>0.3374400138854981</HistMax>
        <BucketCount>256</BucketCount>
        <IncludeOutOfRange>1</IncludeOutOfRange>
        <Approximate>0</Approximate>
        <HistCounts>2|4|2|0|1|1|1|0|1|2|1|2|1|0|1|3|4|0|1|0|3|3|2|1|1|1|1|1|2|2|3|1|0|1|1|3|0|2|2|2|3|2|1|4|7|3|5|5|4|5|4|5|7|6|6|6|4|9|11|6|18|15|27|25|35|27|21|9|12|27|19|25|23|25|24|17|28|43|38|28|26|43|41|33|33|22|14|24|19|19|26|19|28|24|21|29|13|22|23|19|26|25|19|35|31|29|49|46|46|42|44|37|32|43|43|22|30|28|23|22|18|22|18|14|20|20|23|23|20|12|13|19|31|25|17|14|17|20|16|22|18|32|32|44|73|51|52|62|41|49|32|40|33|20|25|23|22|17|31|19|26|50|38|44|32|43|64|57|43|52|41|28|34|22|17|24|19|11|13|13|6|14|14|10|9|3|3|7|6|6|6|10|7|9|4|3|1|4|1|3|1|0|0|0|0|1|1|1|0|0|0|0|0|0|0|0|1|0|0|0|0|0|0|0|0|0|0|0|0|0|0|0|0|0|0|0|0|0|0|0|0|0|0|0|0|0|0|0|0|0|0|0|0|0|0|1</HistCounts>
      </HistItem>
    </Histograms>
    <Metadata>
      <MDI key="STATISTICS_MINIMUM">0.18763999640942</MDI>
      <MDI key="STATISTICS_MAXIMUM">0.3374400138855</MDI>
      <MDI key="STATISTICS_MEAN">0.25921927710048</MDI>
      <MDI key="STATISTICS_STDDEV">0.023037273699727</MDI>
      <MDI key="STATISTICS_SKIPFACTORX">1</MDI>
      <MDI key="STATISTICS_SKIPFACTORY">1</MDI>
      <MDI key="STATISTICS_EXCLUDEDVALUES"></MDI>
      <MDI key="STATISTICS_COVARIANCES">5.30715979516144E-04</MDI>
    </Metadata>
  </PAMRasterBand>
</PAMDataset>
