<PAMDataset>
  <Metadata>
    <MDI key="DataType">Generic</MDI>
  </Metadata>
  <Metadata domain="Esri">
    <MDI key="PyramidResamplingType">NEAREST</MDI>
  </Metadata>
  <PAMRasterBand band="1">
    <Histograms>
      <HistItem>
        <HistMin>0.227840006351471</HistMin>
        <HistMax>0.3808299899101257</HistMax>
        <BucketCount>256</BucketCount>
        <IncludeOutOfRange>1</IncludeOutOfRange>
        <Approximate>0</Approximate>
        <HistCounts>1|1|3|0|1|1|3|2|1|1|0|1|0|3|3|2|3|0|1|2|2|2|1|1|1|2|1|2|1|0|0|2|3|1|1|1|2|3|2|2|3|3|1|4|0|2|3|1|2|2|3|4|4|5|6|9|27|13|18|16|10|11|13|10|8|9|5|12|10|7|15|11|13|13|13|14|18|19|10|11|11|9|8|9|9|10|11|21|16|16|18|17|24|25|22|20|27|30|40|31|39|33|37|40|21|13|14|18|16|17|14|16|18|16|21|27|26|29|24|32|22|25|27|19|19|18|24|36|29|24|35|25|32|18|33|26|22|27|33|30|35|32|43|53|52|54|62|57|62|59|50|53|42|48|50|47|52|47|32|32|31|34|36|25|46|37|57|36|36|33|22|28|25|32|24|32|39|44|31|22|20|21|23|20|15|16|14|15|15|9|14|7|7|12|14|8|11|4|11|9|6|6|4|5|2|1|7|1|0|1|3|0|1|0|0|0|0|0|0|0|0|0|0|0|0|0|0|0|0|0|0|0|0|0|0|0|0|0|0|0|0|0|0|0|0|0|0|0|0|0|0|0|0|0|0|1</HistCounts>
      </HistItem>
    </Histograms>
    <Metadata>
      <MDI key="STATISTICS_MINIMUM">0.22784000635147</MDI>
      <MDI key="STATISTICS_MAXIMUM">0.38082998991013</MDI>
      <MDI key="STATISTICS_MEAN">0.3075820613263</MDI>
      <MDI key="STATISTICS_STDDEV">0.023289658159014</MDI>
      <MDI key="STATISTICS_SKIPFACTORX">1</MDI>
      <MDI key="STATISTICS_SKIPFACTORY">1</MDI>
      <MDI key="STATISTICS_EXCLUDEDVALUES"></MDI>
      <MDI key="STATISTICS_COVARIANCES">5.42408177163714E-04</MDI>
    </Metadata>
  </PAMRasterBand>
</PAMDataset>
