<PAMDataset>
  <Metadata>
    <MDI key="DataType">Generic</MDI>
  </Metadata>
  <Metadata domain="Esri">
    <MDI key="PyramidResamplingType">NEAREST</MDI>
  </Metadata>
  <PAMRasterBand band="1">
    <Histograms>
      <HistItem>
        <HistMin>0.2669399976730347</HistMin>
        <HistMax>0.4385699927806854</HistMax>
        <BucketCount>256</BucketCount>
        <IncludeOutOfRange>1</IncludeOutOfRange>
        <Approximate>0</Approximate>
        <HistCounts>1|0|0|0|0|0|0|1|0|0|0|0|0|0|0|0|0|0|0|0|0|0|0|0|0|0|0|0|0|0|0|0|0|0|0|0|0|0|0|0|0|0|0|0|0|0|0|0|0|0|0|0|0|0|0|0|0|0|0|0|1|1|0|0|2|0|2|0|0|0|1|1|2|2|1|2|0|2|5|4|4|4|7|5|5|6|2|3|5|2|6|4|4|5|4|8|5|8|7|14|4|7|10|8|10|9|10|7|9|8|13|11|13|14|8|23|15|16|24|23|33|22|18|19|25|22|30|25|36|29|30|44|44|56|42|54|42|52|31|18|21|20|17|13|17|22|22|10|22|17|16|10|14|17|21|14|22|20|20|18|25|28|18|29|28|36|20|28|38|34|37|29|40|36|33|42|36|31|43|26|38|39|36|41|53|45|52|51|46|59|45|53|55|59|61|59|46|44|52|47|45|48|55|42|38|47|43|23|42|35|34|20|18|19|20|14|11|14|9|17|11|6|9|11|9|10|7|3|11|9|5|0|4|2|1|0|2|1|1|1|2|0|0|0|0|0|0|0|0|0|0|0|0|0|1|0</HistCounts>
      </HistItem>
    </Histograms>
    <Metadata>
      <MDI key="STATISTICS_MINIMUM">0.26693999767303</MDI>
      <MDI key="STATISTICS_MAXIMUM">0.43856999278069</MDI>
      <MDI key="STATISTICS_MEAN">0.37959537245644</MDI>
      <MDI key="STATISTICS_STDDEV">0.023695675935618</MDI>
      <MDI key="STATISTICS_SKIPFACTORX">1</MDI>
      <MDI key="STATISTICS_SKIPFACTORY">1</MDI>
      <MDI key="STATISTICS_EXCLUDEDVALUES"></MDI>
      <MDI key="STATISTICS_COVARIANCES">5.6148505804581E-04</MDI>
    </Metadata>
  </PAMRasterBand>
</PAMDataset>
