<PAMDataset>
  <Metadata>
    <MDI key="DataType">Generic</MDI>
  </Metadata>
  <Metadata domain="Esri">
    <MDI key="PyramidResamplingType">NEAREST</MDI>
  </Metadata>
  <PAMRasterBand band="1">
    <Histograms>
      <HistItem>
        <HistMin>0.2214999943971634</HistMin>
        <HistMax>0.3656600117683411</HistMax>
        <BucketCount>256</BucketCount>
        <IncludeOutOfRange>1</IncludeOutOfRange>
        <Approximate>0</Approximate>
        <HistCounts>1|0|0|0|0|0|0|0|1|2|1|0|0|0|1|0|0|2|0|0|1|1|2|3|2|3|2|3|3|2|3|3|5|4|0|3|8|4|5|4|1|2|3|6|11|5|5|6|7|2|6|3|3|1|5|5|9|8|5|7|4|8|5|4|8|5|6|7|5|8|10|7|12|25|32|32|29|27|34|37|71|52|59|48|31|26|20|18|17|27|20|18|17|18|26|22|26|32|34|29|35|25|22|34|25|17|26|15|28|19|22|28|32|22|16|17|17|21|14|16|20|13|10|11|15|15|9|9|13|14|14|11|14|7|9|12|9|19|7|13|9|9|12|15|9|10|18|10|15|11|16|9|11|14|8|13|9|14|11|7|11|17|11|16|16|17|22|19|17|17|18|24|23|28|23|26|20|22|12|16|27|21|26|21|24|23|18|25|14|28|27|19|18|25|24|21|26|35|24|26|21|22|28|27|19|19|30|24|27|28|39|35|35|41|20|25|31|29|32|22|15|18|14|29|21|20|25|13|20|16|15|10|11|17|8|9|8|9|7|3|4|4|4|2|1|0|1|0|1|0|1|1|1|1|0|1</HistCounts>
      </HistItem>
    </Histograms>
    <Metadata>
      <MDI key="STATISTICS_MINIMUM">0.22149999439716</MDI>
      <MDI key="STATISTICS_MAXIMUM">0.36566001176834</MDI>
      <MDI key="STATISTICS_MEAN">0.30360719194754</MDI>
      <MDI key="STATISTICS_STDDEV">0.031930801368873</MDI>
      <MDI key="STATISTICS_SKIPFACTORX">1</MDI>
      <MDI key="STATISTICS_SKIPFACTORY">1</MDI>
      <MDI key="STATISTICS_EXCLUDEDVALUES"></MDI>
      <MDI key="STATISTICS_COVARIANCES">1.01957607605845E-03</MDI>
    </Metadata>
  </PAMRasterBand>
</PAMDataset>
