<PAMDataset>
  <Metadata>
    <MDI key="DataType">Generic</MDI>
  </Metadata>
  <Metadata domain="Esri">
    <MDI key="PyramidResamplingType">NEAREST</MDI>
  </Metadata>
  <PAMRasterBand band="1">
    <Histograms>
      <HistItem>
        <HistMin>0.1458500027656555</HistMin>
        <HistMax>0.3251700103282929</HistMax>
        <BucketCount>256</BucketCount>
        <IncludeOutOfRange>1</IncludeOutOfRange>
        <Approximate>0</Approximate>
        <HistCounts>1|0|0|0|0|0|0|0|0|0|0|0|0|0|0|0|0|0|0|0|0|0|0|0|0|0|0|0|0|0|0|0|0|0|0|0|0|0|0|0|0|0|0|0|1|0|0|0|0|0|0|0|1|0|0|0|0|0|1|0|0|0|0|0|0|0|0|0|0|0|0|1|0|0|3|0|1|0|0|1|2|2|1|3|1|3|2|3|4|2|3|3|2|3|4|4|4|6|7|4|3|10|3|10|6|8|6|11|9|8|8|11|8|12|12|9|4|5|4|5|6|4|7|6|8|13|9|11|16|7|9|8|7|9|10|13|24|10|20|19|20|17|17|28|33|25|30|33|30|38|34|33|48|36|47|48|47|47|52|53|56|46|37|43|61|53|76|79|74|67|71|52|43|25|46|36|37|38|46|57|59|40|55|37|58|51|47|48|46|31|49|37|45|44|35|51|35|37|39|34|46|40|39|28|24|13|26|31|28|18|25|18|17|17|12|15|24|13|8|27|14|6|16|12|12|6|10|8|8|7|13|9|4|15|7|3|1|4|6|6|2|0|3|0|0|0|0|1|0|0|0|0|0|0|0|1</HistCounts>
      </HistItem>
    </Histograms>
    <Metadata>
      <MDI key="STATISTICS_MINIMUM">0.14585000276566</MDI>
      <MDI key="STATISTICS_MAXIMUM">0.32517001032829</MDI>
      <MDI key="STATISTICS_MEAN">0.26695873947337</MDI>
      <MDI key="STATISTICS_STDDEV">0.021059625777742</MDI>
      <MDI key="STATISTICS_SKIPFACTORX">1</MDI>
      <MDI key="STATISTICS_SKIPFACTORY">1</MDI>
      <MDI key="STATISTICS_EXCLUDEDVALUES"></MDI>
      <MDI key="STATISTICS_COVARIANCES">4.43507837898521E-04</MDI>
    </Metadata>
  </PAMRasterBand>
</PAMDataset>
