<PAMDataset>
  <Metadata>
    <MDI key="DataType">Generic</MDI>
  </Metadata>
  <Metadata domain="Esri">
    <MDI key="PyramidResamplingType">NEAREST</MDI>
  </Metadata>
  <PAMRasterBand band="1">
    <Histograms>
      <HistItem>
        <HistMin>0.2754800021648407</HistMin>
        <HistMax>0.4621100127696991</HistMax>
        <BucketCount>256</BucketCount>
        <IncludeOutOfRange>1</IncludeOutOfRange>
        <Approximate>0</Approximate>
        <HistCounts>1|0|0|0|0|0|0|0|0|0|0|0|0|0|0|0|0|0|1|0|0|0|0|0|0|0|0|0|0|0|0|0|0|0|0|0|0|0|0|0|0|0|0|0|0|0|0|0|0|0|0|0|0|0|0|0|0|0|0|0|0|0|0|0|0|0|0|0|0|0|0|0|0|0|0|0|0|0|0|0|1|3|12|2|2|4|2|4|1|2|2|0|0|1|1|3|3|2|4|4|7|12|6|8|7|8|3|10|9|9|12|8|10|12|23|17|12|24|21|38|26|50|82|63|46|43|36|20|15|10|8|11|23|14|14|7|8|18|18|16|25|20|21|20|11|17|14|11|13|14|15|16|14|11|13|12|11|14|7|16|21|19|26|27|16|29|22|24|26|23|20|16|23|15|19|19|18|13|25|21|30|36|32|34|28|33|24|30|33|36|41|41|33|39|49|41|52|65|75|65|91|96|94|90|66|82|78|72|59|60|43|41|31|36|26|30|21|18|17|20|19|12|13|10|12|9|12|19|9|18|11|10|8|13|5|12|12|4|9|7|11|7|6|7|4|6|2|3|2|1|1|0|0|2|0|1</HistCounts>
      </HistItem>
    </Histograms>
    <Metadata>
      <MDI key="STATISTICS_MINIMUM">0.27548000216484</MDI>
      <MDI key="STATISTICS_MAXIMUM">0.4621100127697</MDI>
      <MDI key="STATISTICS_MEAN">0.40501331363561</MDI>
      <MDI key="STATISTICS_STDDEV">0.027384123066287</MDI>
      <MDI key="STATISTICS_SKIPFACTORX">1</MDI>
      <MDI key="STATISTICS_SKIPFACTORY">1</MDI>
      <MDI key="STATISTICS_EXCLUDEDVALUES"></MDI>
      <MDI key="STATISTICS_COVARIANCES">7.49890196109531E-04</MDI>
    </Metadata>
  </PAMRasterBand>
</PAMDataset>
