<PAMDataset>
  <Metadata>
    <MDI key="DataType">Generic</MDI>
  </Metadata>
  <Metadata domain="Esri">
    <MDI key="PyramidResamplingType">NEAREST</MDI>
  </Metadata>
  <PAMRasterBand band="1">
    <Histograms>
      <HistItem>
        <HistMin>0.239669993519783</HistMin>
        <HistMax>0.4156199991703033</HistMax>
        <BucketCount>256</BucketCount>
        <IncludeOutOfRange>1</IncludeOutOfRange>
        <Approximate>0</Approximate>
        <HistCounts>1|0|0|0|0|0|0|0|0|0|0|1|0|0|0|0|0|0|0|0|0|0|0|0|0|0|0|0|0|0|0|0|0|0|0|0|0|0|0|0|0|0|0|0|0|0|0|0|0|0|0|0|0|0|0|0|0|0|0|0|0|0|0|0|0|0|0|1|0|0|0|0|0|0|0|0|1|0|0|1|0|2|5|3|7|5|5|3|6|4|6|4|8|5|5|2|9|6|8|4|8|6|10|2|6|7|8|4|7|4|6|9|9|6|7|16|15|8|16|20|28|19|41|30|32|40|52|41|50|57|66|52|49|58|56|53|52|38|33|39|27|25|22|31|23|27|28|20|23|26|19|35|23|40|56|33|45|40|49|51|45|42|60|63|52|46|40|51|55|52|47|35|42|48|46|44|53|46|57|60|54|48|45|51|52|43|32|33|42|32|36|35|31|33|26|30|30|22|16|16|19|14|18|18|20|24|23|20|16|10|12|6|2|7|4|1|3|0|2|0|3|1|1|0|0|0|0|0|0|0|0|0|0|0|0|0|0|0|0|0|0|0|0|0|0|0|0|0|0|0|0|0|0|0|0|1</HistCounts>
      </HistItem>
    </Histograms>
    <Metadata>
      <MDI key="STATISTICS_MINIMUM">0.23966999351978</MDI>
      <MDI key="STATISTICS_MAXIMUM">0.4156199991703</MDI>
      <MDI key="STATISTICS_MEAN">0.3488287611238</MDI>
      <MDI key="STATISTICS_STDDEV">0.019617127524377</MDI>
      <MDI key="STATISTICS_SKIPFACTORX">1</MDI>
      <MDI key="STATISTICS_SKIPFACTORY">1</MDI>
      <MDI key="STATISTICS_EXCLUDEDVALUES"></MDI>
      <MDI key="STATISTICS_COVARIANCES">3.84831692307685E-04</MDI>
    </Metadata>
  </PAMRasterBand>
</PAMDataset>
