<PAMDataset>
  <Metadata>
    <MDI key="DataType">Generic</MDI>
  </Metadata>
  <Metadata domain="Esri">
    <MDI key="PyramidResamplingType">NEAREST</MDI>
  </Metadata>
  <PAMRasterBand band="1">
    <Histograms>
      <HistItem>
        <HistMin>0.2378000020980835</HistMin>
        <HistMax>0.395220011472702</HistMax>
        <BucketCount>256</BucketCount>
        <IncludeOutOfRange>1</IncludeOutOfRange>
        <Approximate>0</Approximate>
        <HistCounts>2|0|0|1|1|0|1|0|1|1|0|0|1|3|1|2|2|2|2|2|0|3|2|3|3|0|4|4|5|6|4|6|6|9|9|4|1|5|6|9|8|11|5|6|6|1|8|10|11|8|5|6|4|9|17|19|33|55|47|46|38|33|21|30|34|44|22|30|18|22|23|28|21|34|24|16|19|26|14|11|21|15|20|16|20|15|17|18|17|21|16|12|14|15|13|24|21|24|29|26|21|15|22|39|22|21|19|18|26|22|19|15|11|24|25|18|17|23|19|18|16|12|13|15|14|12|18|14|11|20|19|19|15|8|9|12|14|12|14|15|7|24|22|21|21|17|27|19|23|27|24|29|17|15|27|26|22|15|24|13|12|16|25|18|12|22|24|23|25|28|24|34|27|34|38|36|37|45|42|48|40|52|54|51|52|58|47|27|30|22|14|14|16|19|14|19|23|15|14|16|16|7|12|9|12|6|7|7|10|13|2|6|6|4|5|3|0|3|0|0|0|1|0|0|0|0|0|0|0|0|0|0|0|0|0|0|0|0|0|0|0|0|0|0|0|0|0|0|0|0|0|0|0|0|0|1</HistCounts>
      </HistItem>
    </Histograms>
    <Metadata>
      <MDI key="STATISTICS_MINIMUM">0.23780000209808</MDI>
      <MDI key="STATISTICS_MAXIMUM">0.3952200114727</MDI>
      <MDI key="STATISTICS_MEAN">0.31592098633726</MDI>
      <MDI key="STATISTICS_STDDEV">0.031366460448239</MDI>
      <MDI key="STATISTICS_SKIPFACTORX">1</MDI>
      <MDI key="STATISTICS_SKIPFACTORY">1</MDI>
      <MDI key="STATISTICS_EXCLUDEDVALUES"></MDI>
      <MDI key="STATISTICS_COVARIANCES">9.83854841050925E-04</MDI>
    </Metadata>
  </PAMRasterBand>
</PAMDataset>
