<PAMDataset>
  <Metadata>
    <MDI key="DataType">Generic</MDI>
  </Metadata>
  <Metadata domain="Esri">
    <MDI key="PyramidResamplingType">NEAREST</MDI>
  </Metadata>
  <PAMRasterBand band="1">
    <Histograms>
      <HistItem>
        <HistMin>0.1805499941110611</HistMin>
        <HistMax>0.3336400091648102</HistMax>
        <BucketCount>256</BucketCount>
        <IncludeOutOfRange>1</IncludeOutOfRange>
        <Approximate>0</Approximate>
        <HistCounts>1|0|1|0|2|1|2|0|1|0|0|1|1|1|1|0|0|0|1|0|1|0|0|0|0|0|2|4|1|0|1|2|2|2|0|1|1|2|0|3|0|2|0|0|1|1|3|2|4|2|2|6|4|1|2|2|3|2|5|4|4|5|5|6|4|7|3|6|8|11|13|11|11|18|13|13|11|10|11|15|15|12|12|11|11|10|14|13|15|17|17|28|30|40|34|38|22|24|36|29|22|36|33|53|49|49|51|32|33|32|44|36|27|40|47|34|45|46|32|34|32|28|30|18|19|32|18|29|27|34|30|36|36|26|34|28|36|28|28|26|52|58|58|70|49|29|30|29|23|28|31|33|50|29|26|26|32|23|34|14|19|29|35|42|50|48|30|37|28|55|25|20|29|23|33|22|24|35|26|27|28|27|22|16|18|12|15|17|10|12|11|6|13|8|6|12|5|8|8|5|4|4|5|8|2|3|7|6|5|2|2|3|1|0|1|1|0|0|0|1|0|1|0|0|0|0|0|0|0|0|0|0|0|0|0|0|0|0|0|0|0|0|0|0|0|0|0|0|0|0|0|0|0|0|0|1</HistCounts>
      </HistItem>
    </Histograms>
    <Metadata>
      <MDI key="STATISTICS_MINIMUM">0.18054999411106</MDI>
      <MDI key="STATISTICS_MAXIMUM">0.33364000916481</MDI>
      <MDI key="STATISTICS_MEAN">0.25991333501293</MDI>
      <MDI key="STATISTICS_STDDEV">0.021470720448566</MDI>
      <MDI key="STATISTICS_SKIPFACTORX">1</MDI>
      <MDI key="STATISTICS_SKIPFACTORY">1</MDI>
      <MDI key="STATISTICS_EXCLUDEDVALUES"></MDI>
      <MDI key="STATISTICS_COVARIANCES">4.60991836580485E-04</MDI>
    </Metadata>
  </PAMRasterBand>
</PAMDataset>
