<PAMDataset>
  <Metadata>
    <MDI key="DataType">Generic</MDI>
  </Metadata>
  <Metadata domain="Esri">
    <MDI key="PyramidResamplingType">NEAREST</MDI>
  </Metadata>
  <PAMRasterBand band="1">
    <Histograms>
      <HistItem>
        <HistMin>0.2346899956464768</HistMin>
        <HistMax>0.3914900124073029</HistMax>
        <BucketCount>256</BucketCount>
        <IncludeOutOfRange>1</IncludeOutOfRange>
        <Approximate>0</Approximate>
        <HistCounts>1|0|0|0|0|0|0|0|0|0|0|1|0|0|0|0|0|0|0|0|0|0|0|0|0|0|0|1|0|0|0|0|0|0|0|0|0|0|0|1|0|0|0|0|0|0|0|1|0|0|0|0|1|1|0|1|1|0|0|0|0|2|0|1|2|1|1|0|2|0|1|1|2|1|2|1|0|5|2|3|1|5|3|6|2|4|15|2|5|4|7|5|3|9|10|2|4|6|9|7|13|13|13|11|7|8|8|6|3|8|8|10|10|11|16|11|15|20|19|17|23|21|17|26|28|33|35|28|23|33|41|49|49|56|36|33|38|35|37|43|40|45|36|19|21|34|23|21|23|26|21|25|30|32|40|26|36|29|43|42|39|27|32|45|47|49|43|49|55|44|50|60|50|45|49|52|55|64|62|65|50|53|54|44|37|49|39|42|31|37|24|29|36|44|30|29|34|27|22|19|25|20|20|28|16|14|19|13|15|5|14|8|16|7|9|15|9|7|15|11|13|8|8|2|3|1|2|2|3|3|2|1|1|1|2|0|0|1|0|0|0|0|0|0|0|1|0|0|0|0|0|0|0|0|0|1</HistCounts>
      </HistItem>
    </Histograms>
    <Metadata>
      <MDI key="STATISTICS_MINIMUM">0.23468999564648</MDI>
      <MDI key="STATISTICS_MAXIMUM">0.3914900124073</MDI>
      <MDI key="STATISTICS_MEAN">0.33329371395963</MDI>
      <MDI key="STATISTICS_STDDEV">0.019603780192366</MDI>
      <MDI key="STATISTICS_SKIPFACTORX">1</MDI>
      <MDI key="STATISTICS_SKIPFACTORY">1</MDI>
      <MDI key="STATISTICS_EXCLUDEDVALUES"></MDI>
      <MDI key="STATISTICS_COVARIANCES">3.84308197830613E-04</MDI>
    </Metadata>
  </PAMRasterBand>
</PAMDataset>
