<PAMDataset>
  <Metadata>
    <MDI key="DataType">Generic</MDI>
  </Metadata>
  <Metadata domain="Esri">
    <MDI key="PyramidResamplingType">NEAREST</MDI>
  </Metadata>
  <PAMRasterBand band="1">
    <Histograms>
      <HistItem>
        <HistMin>0.2314999997615814</HistMin>
        <HistMax>0.3872500061988831</HistMax>
        <BucketCount>256</BucketCount>
        <IncludeOutOfRange>1</IncludeOutOfRange>
        <Approximate>0</Approximate>
        <HistCounts>1|0|0|0|0|0|3|1|0|0|0|1|2|0|1|0|3|3|2|3|4|6|1|2|1|3|3|4|4|3|12|9|6|3|5|1|6|9|7|3|4|2|14|12|5|5|9|3|7|7|8|13|23|18|10|20|25|29|23|31|20|40|29|26|26|28|32|28|36|37|31|25|28|20|14|22|12|16|16|14|20|12|14|14|15|21|12|15|14|11|16|12|15|12|13|12|20|22|22|13|20|16|12|16|13|9|17|20|16|18|19|24|23|32|27|24|20|33|35|27|12|21|42|44|41|37|35|29|23|29|33|31|18|13|21|22|34|33|32|31|30|20|31|23|33|29|40|41|33|29|42|45|40|42|46|47|57|73|51|56|43|46|36|48|42|25|42|31|22|21|13|16|24|29|24|18|25|23|24|24|21|16|7|10|11|7|4|9|11|17|19|10|2|1|0|0|0|1|2|0|0|0|0|0|0|0|0|0|0|0|0|0|0|0|0|0|0|0|0|0|0|0|1|0|0|0|0|0|0|0|0|0|0|0|0|0|0|0|0|0|0|0|0|0|0|0|0|0|0|0|0|0|0|0|0|1</HistCounts>
      </HistItem>
    </Histograms>
    <Metadata>
      <MDI key="STATISTICS_MINIMUM">0.23149999976158</MDI>
      <MDI key="STATISTICS_MAXIMUM">0.38725000619888</MDI>
      <MDI key="STATISTICS_MEAN">0.30523217144079</MDI>
      <MDI key="STATISTICS_STDDEV">0.02606817631042</MDI>
      <MDI key="STATISTICS_SKIPFACTORX">1</MDI>
      <MDI key="STATISTICS_SKIPFACTORY">1</MDI>
      <MDI key="STATISTICS_EXCLUDEDVALUES"></MDI>
      <MDI key="STATISTICS_COVARIANCES">6.79549816151126E-04</MDI>
    </Metadata>
  </PAMRasterBand>
</PAMDataset>
