<PAMDataset>
  <Metadata>
    <MDI key="DataType">Generic</MDI>
  </Metadata>
  <Metadata domain="Esri">
    <MDI key="PyramidResamplingType">NEAREST</MDI>
  </Metadata>
  <PAMRasterBand band="1">
    <Histograms>
      <HistItem>
        <HistMin>0.1497700065374374</HistMin>
        <HistMax>0.3221400082111359</HistMax>
        <BucketCount>256</BucketCount>
        <IncludeOutOfRange>1</IncludeOutOfRange>
        <Approximate>0</Approximate>
        <HistCounts>1|0|0|0|1|0|0|0|0|0|0|0|1|0|0|3|1|2|3|5|1|0|0|1|2|1|1|1|1|1|2|1|0|0|3|1|1|0|0|2|0|3|3|1|1|4|1|1|2|1|1|5|2|3|5|2|0|2|4|6|1|6|5|3|1|1|6|5|5|7|12|24|16|15|18|10|17|11|19|11|16|15|19|14|16|17|16|14|14|5|16|12|12|19|15|11|20|22|20|28|22|27|26|23|37|35|59|53|84|74|78|83|55|48|52|47|52|39|28|45|30|29|28|35|34|28|40|29|29|20|22|31|24|21|25|21|20|22|18|17|41|27|20|28|26|16|22|26|35|36|24|28|32|47|34|29|33|28|34|25|42|34|45|69|68|69|76|61|66|53|37|34|24|24|19|17|12|17|13|18|13|11|11|10|7|5|15|15|7|5|9|4|9|8|4|4|8|6|5|8|6|5|5|5|4|6|2|6|5|5|4|2|5|2|1|3|2|1|1|0|1|1|2|0|0|2|2|1|0|1|0|0|0|0|0|0|0|0|0|0|0|0|0|0|0|0|0|0|0|0|0|0|0|0|0|1</HistCounts>
      </HistItem>
    </Histograms>
    <Metadata>
      <MDI key="STATISTICS_MINIMUM">0.14977000653744</MDI>
      <MDI key="STATISTICS_MAXIMUM">0.32214000821114</MDI>
      <MDI key="STATISTICS_MEAN">0.23905611920824</MDI>
      <MDI key="STATISTICS_STDDEV">0.024155021735795</MDI>
      <MDI key="STATISTICS_SKIPFACTORX">1</MDI>
      <MDI key="STATISTICS_SKIPFACTORY">1</MDI>
      <MDI key="STATISTICS_EXCLUDEDVALUES"></MDI>
      <MDI key="STATISTICS_COVARIANCES">5.83465075056741E-04</MDI>
    </Metadata>
  </PAMRasterBand>
</PAMDataset>
