<PAMDataset>
  <Metadata>
    <MDI key="DataType">Generic</MDI>
  </Metadata>
  <Metadata domain="Esri">
    <MDI key="PyramidResamplingType">NEAREST</MDI>
  </Metadata>
  <PAMRasterBand band="1">
    <Histograms>
      <HistItem>
        <HistMin>0.1932400017976761</HistMin>
        <HistMax>0.3430100083351135</HistMax>
        <BucketCount>256</BucketCount>
        <IncludeOutOfRange>1</IncludeOutOfRange>
        <Approximate>0</Approximate>
        <HistCounts>3|4|1|0|0|2|0|1|0|1|0|0|1|0|0|1|2|1|2|1|1|0|5|0|2|0|1|0|3|2|3|1|0|0|2|0|2|1|5|0|3|3|3|4|3|2|2|4|4|3|3|2|4|3|3|9|10|8|9|5|8|11|20|16|22|21|17|10|14|9|8|8|5|9|10|11|17|26|22|47|34|28|26|23|21|24|21|39|29|24|24|26|24|17|18|28|35|38|30|33|54|42|39|30|25|30|36|44|33|49|61|56|60|56|28|39|28|20|24|23|20|21|19|21|21|24|23|16|18|20|26|20|21|25|19|22|16|10|11|16|11|23|25|26|40|55|68|69|71|58|50|42|25|26|23|29|24|24|19|31|33|23|44|41|41|44|49|42|29|51|40|59|45|21|20|20|14|11|21|10|14|14|10|11|11|11|7|2|5|6|9|5|8|4|1|9|3|3|7|4|3|4|3|4|3|3|2|1|0|0|0|0|0|1|0|0|0|0|0|0|0|0|0|1|0|0|0|0|0|0|0|0|0|0|0|0|0|0|0|0|0|0|0|0|0|0|0|0|0|0|0|0|0|0|0|1</HistCounts>
      </HistItem>
    </Histograms>
    <Metadata>
      <MDI key="STATISTICS_MINIMUM">0.19324000179768</MDI>
      <MDI key="STATISTICS_MAXIMUM">0.34301000833511</MDI>
      <MDI key="STATISTICS_MEAN">0.26677607362292</MDI>
      <MDI key="STATISTICS_STDDEV">0.022134035734495</MDI>
      <MDI key="STATISTICS_SKIPFACTORX">1</MDI>
      <MDI key="STATISTICS_SKIPFACTORY">1</MDI>
      <MDI key="STATISTICS_EXCLUDEDVALUES"></MDI>
      <MDI key="STATISTICS_COVARIANCES">4.89915537895914E-04</MDI>
    </Metadata>
  </PAMRasterBand>
</PAMDataset>
