<PAMDataset>
  <Metadata>
    <MDI key="DataType">Generic</MDI>
  </Metadata>
  <Metadata domain="Esri">
    <MDI key="PyramidResamplingType">NEAREST</MDI>
  </Metadata>
  <PAMRasterBand band="1">
    <Histograms>
      <HistItem>
        <HistMin>0.2385700047016144</HistMin>
        <HistMax>0.4166600108146668</HistMax>
        <BucketCount>256</BucketCount>
        <IncludeOutOfRange>1</IncludeOutOfRange>
        <Approximate>0</Approximate>
        <HistCounts>1|0|0|1|0|0|0|0|0|0|0|0|0|0|0|0|0|0|0|0|0|0|0|0|0|0|0|0|0|0|0|0|0|0|0|0|1|0|0|0|0|0|0|0|0|0|0|0|0|0|0|0|0|0|0|1|0|2|2|1|0|0|0|0|0|1|3|1|3|3|3|2|2|1|3|3|2|1|2|5|5|3|5|7|10|5|4|3|4|4|4|2|2|3|3|0|2|2|4|5|5|11|9|11|6|14|11|15|16|25|23|17|26|34|30|21|27|23|43|56|43|48|61|69|48|50|31|30|24|26|25|27|26|20|28|20|23|16|29|20|25|18|14|24|26|15|23|25|17|18|22|20|27|17|29|23|13|16|21|24|16|23|18|37|24|36|33|36|46|45|58|40|45|62|48|45|42|61|64|53|50|57|57|63|51|50|44|38|49|49|46|42|33|38|40|28|38|26|29|29|43|20|31|37|14|31|24|20|24|23|18|13|12|6|9|9|7|14|4|8|8|5|4|5|3|2|0|1|2|0|3|0|4|1|0|1|0|0|0|0|0|0|0|0|0|0|0|0|0|0|0|0|0|0|0|1</HistCounts>
      </HistItem>
    </Histograms>
    <Metadata>
      <MDI key="STATISTICS_MINIMUM">0.23857000470161</MDI>
      <MDI key="STATISTICS_MAXIMUM">0.41666001081467</MDI>
      <MDI key="STATISTICS_MEAN">0.35018621626576</MDI>
      <MDI key="STATISTICS_STDDEV">0.023943780648432</MDI>
      <MDI key="STATISTICS_SKIPFACTORX">1</MDI>
      <MDI key="STATISTICS_SKIPFACTORY">1</MDI>
      <MDI key="STATISTICS_EXCLUDEDVALUES"></MDI>
      <MDI key="STATISTICS_COVARIANCES">5.73304631740242E-04</MDI>
    </Metadata>
  </PAMRasterBand>
</PAMDataset>
