<PAMDataset>
  <Metadata>
    <MDI key="DataType">Generic</MDI>
  </Metadata>
  <Metadata domain="Esri">
    <MDI key="PyramidResamplingType">NEAREST</MDI>
  </Metadata>
  <PAMRasterBand band="1">
    <Histograms>
      <HistItem>
        <HistMin>0.2346899956464768</HistMin>
        <HistMax>0.4307799935340881</HistMax>
        <BucketCount>256</BucketCount>
        <IncludeOutOfRange>1</IncludeOutOfRange>
        <Approximate>0</Approximate>
        <HistCounts>1|0|0|0|0|0|0|0|0|0|0|0|0|0|0|0|0|0|0|0|0|0|0|0|0|0|0|0|0|0|0|0|0|0|0|0|0|0|0|1|0|0|0|0|0|0|0|0|0|0|0|0|0|0|0|0|0|0|0|0|0|0|0|0|0|0|0|0|0|0|0|0|0|0|0|0|0|0|0|0|0|0|0|1|0|0|0|0|0|0|0|0|0|0|0|1|1|1|0|1|0|0|1|4|5|5|3|4|5|4|3|6|4|4|5|7|9|7|7|10|9|14|10|6|10|14|14|9|10|8|8|7|7|11|19|26|52|57|46|56|43|63|34|29|16|19|21|28|22|27|27|20|40|19|15|21|14|11|11|15|9|17|13|14|6|18|14|19|11|21|12|26|24|16|28|22|21|35|18|21|25|18|10|14|13|18|18|20|30|41|32|23|32|47|32|39|46|32|37|46|30|36|41|58|69|101|74|70|61|71|70|70|66|71|73|89|82|82|82|40|39|42|38|33|30|27|20|18|6|9|12|17|16|8|11|8|10|8|13|10|8|9|10|16|10|9|4|5|4|1|0|3|3|0|1|1</HistCounts>
      </HistItem>
    </Histograms>
    <Metadata>
      <MDI key="STATISTICS_MINIMUM">0.23468999564648</MDI>
      <MDI key="STATISTICS_MAXIMUM">0.43077999353409</MDI>
      <MDI key="STATISTICS_MEAN">0.37863487250716</MDI>
      <MDI key="STATISTICS_STDDEV">0.026221084242983</MDI>
      <MDI key="STATISTICS_SKIPFACTORX">1</MDI>
      <MDI key="STATISTICS_SKIPFACTORY">1</MDI>
      <MDI key="STATISTICS_EXCLUDEDVALUES"></MDI>
      <MDI key="STATISTICS_COVARIANCES">6.87545258877586E-04</MDI>
    </Metadata>
  </PAMRasterBand>
</PAMDataset>
