<PAMDataset>
  <Metadata>
    <MDI key="DataType">Generic</MDI>
  </Metadata>
  <Metadata domain="Esri">
    <MDI key="PyramidResamplingType">NEAREST</MDI>
  </Metadata>
  <PAMRasterBand band="1">
    <Histograms>
      <HistItem>
        <HistMin>0.2194499969482422</HistMin>
        <HistMax>0.4097999930381775</HistMax>
        <BucketCount>256</BucketCount>
        <IncludeOutOfRange>1</IncludeOutOfRange>
        <Approximate>0</Approximate>
        <HistCounts>1|0|0|0|0|0|0|0|0|0|0|0|0|0|0|0|0|0|0|0|0|0|0|1|0|0|0|0|0|0|0|0|0|0|0|0|0|0|0|0|0|0|0|0|0|0|0|0|0|0|0|0|1|0|0|1|1|1|0|1|1|1|0|0|1|2|2|2|2|1|0|1|1|4|2|3|1|1|5|2|2|4|4|7|3|4|3|2|10|6|10|7|7|5|16|11|18|5|13|7|5|5|10|10|9|8|10|17|13|10|17|15|16|22|20|17|20|22|22|24|25|31|34|26|33|30|26|25|22|30|32|34|36|29|30|30|29|26|24|28|30|23|29|27|23|35|40|24|21|34|23|28|23|25|20|33|24|39|49|41|49|34|50|53|46|44|47|64|49|56|51|51|60|64|61|51|55|47|60|48|55|46|62|45|55|43|33|37|37|25|40|42|48|37|32|37|30|35|24|24|33|19|18|22|19|17|16|11|12|13|7|8|17|9|3|5|1|7|3|1|0|1|1|0|1|2|0|0|0|0|0|1|0|0|0|0|0|0|0|0|0|0|0|0|0|0|0|0|0|0|0|0|0|0|0|1</HistCounts>
      </HistItem>
    </Histograms>
    <Metadata>
      <MDI key="STATISTICS_MINIMUM">0.21944999694824</MDI>
      <MDI key="STATISTICS_MAXIMUM">0.40979999303818</MDI>
      <MDI key="STATISTICS_MEAN">0.33784274414114</MDI>
      <MDI key="STATISTICS_STDDEV">0.023504777305346</MDI>
      <MDI key="STATISTICS_SKIPFACTORX">1</MDI>
      <MDI key="STATISTICS_SKIPFACTORY">1</MDI>
      <MDI key="STATISTICS_EXCLUDEDVALUES"></MDI>
      <MDI key="STATISTICS_COVARIANCES">5.52474556173919E-04</MDI>
    </Metadata>
  </PAMRasterBand>
</PAMDataset>
