<PAMDataset>
  <Metadata>
    <MDI key="DataType">Generic</MDI>
  </Metadata>
  <Metadata domain="Esri">
    <MDI key="PyramidResamplingType">NEAREST</MDI>
  </Metadata>
  <PAMRasterBand band="1">
    <Histograms>
      <HistItem>
        <HistMin>0.1661400049924851</HistMin>
        <HistMax>0.3180699944496155</HistMax>
        <BucketCount>256</BucketCount>
        <IncludeOutOfRange>1</IncludeOutOfRange>
        <Approximate>0</Approximate>
        <HistCounts>1|0|0|0|0|0|0|0|0|0|0|0|0|1|0|0|0|0|0|0|0|0|0|1|0|0|0|0|0|0|0|3|0|2|1|0|0|0|1|1|1|1|1|1|0|0|0|1|1|0|0|1|1|0|2|2|1|1|2|2|1|3|2|3|7|5|6|6|6|3|2|10|3|4|9|3|8|4|8|9|9|6|7|3|11|8|5|4|5|5|7|7|7|9|8|9|8|6|10|12|15|10|14|16|13|14|25|22|25|28|29|19|18|26|25|28|35|38|24|23|31|33|34|43|36|39|37|44|47|42|48|38|37|30|36|41|43|40|46|50|52|34|42|42|49|46|60|43|38|44|57|37|40|27|43|46|46|38|36|33|41|36|37|46|45|43|48|49|51|42|37|29|20|26|22|26|22|21|25|26|22|25|22|21|20|25|23|23|18|17|17|19|21|16|14|16|24|15|21|22|17|20|8|10|18|16|19|13|4|4|8|9|4|4|5|4|4|4|5|2|3|2|11|6|7|3|6|2|4|3|6|8|2|1|0|0|0|1|0|2|1|1|1|2|1|1|2|0|1|0|0|0|0|0|0|1</HistCounts>
      </HistItem>
    </Histograms>
    <Metadata>
      <MDI key="STATISTICS_MINIMUM">0.16614000499249</MDI>
      <MDI key="STATISTICS_MAXIMUM">0.31806999444962</MDI>
      <MDI key="STATISTICS_MEAN">0.25426527808123</MDI>
      <MDI key="STATISTICS_STDDEV">0.0207153641795</MDI>
      <MDI key="STATISTICS_SKIPFACTORX">1</MDI>
      <MDI key="STATISTICS_SKIPFACTORY">1</MDI>
      <MDI key="STATISTICS_EXCLUDEDVALUES"></MDI>
      <MDI key="STATISTICS_COVARIANCES">4.29126313089298E-04</MDI>
    </Metadata>
  </PAMRasterBand>
</PAMDataset>
