<PAMDataset>
  <Metadata>
    <MDI key="DataType">Generic</MDI>
  </Metadata>
  <Metadata domain="Esri">
    <MDI key="PyramidResamplingType">NEAREST</MDI>
  </Metadata>
  <PAMRasterBand band="1">
    <Histograms>
      <HistItem>
        <HistMin>0.1338399946689606</HistMin>
        <HistMax>0.3145500123500824</HistMax>
        <BucketCount>256</BucketCount>
        <IncludeOutOfRange>1</IncludeOutOfRange>
        <Approximate>0</Approximate>
        <HistCounts>1|0|0|0|0|0|0|0|0|0|0|0|0|0|0|0|0|0|0|0|0|0|0|0|0|0|0|0|0|0|0|0|0|0|0|0|0|0|0|0|1|0|0|0|0|0|0|0|0|0|0|0|0|0|0|0|0|0|0|1|0|1|0|0|0|0|0|1|0|1|1|1|1|2|2|2|1|2|2|0|1|1|3|0|7|4|3|2|1|4|3|5|7|4|1|4|9|8|6|7|10|6|11|5|9|9|12|5|8|14|8|7|7|4|9|4|8|3|11|7|7|8|8|8|10|12|4|9|12|9|11|17|15|20|9|13|14|24|23|23|16|26|23|29|37|32|44|42|37|40|38|44|44|52|63|58|45|42|48|57|55|51|53|68|66|63|80|88|69|47|39|48|56|38|49|39|45|55|50|48|43|46|42|45|46|42|51|52|49|36|49|37|40|36|34|37|35|41|34|28|20|27|27|22|16|18|24|16|25|21|12|12|16|16|12|13|13|14|12|8|12|5|9|7|7|14|7|7|12|5|4|3|5|2|1|5|3|1|2|4|0|0|0|0|0|1|0|0|0|0|0|0|0|0|0|1</HistCounts>
      </HistItem>
    </Histograms>
    <Metadata>
      <MDI key="STATISTICS_MINIMUM">0.13383999466896</MDI>
      <MDI key="STATISTICS_MAXIMUM">0.31455001235008</MDI>
      <MDI key="STATISTICS_MEAN">0.25290726965408</MDI>
      <MDI key="STATISTICS_STDDEV">0.020912931711909</MDI>
      <MDI key="STATISTICS_SKIPFACTORX">1</MDI>
      <MDI key="STATISTICS_SKIPFACTORY">1</MDI>
      <MDI key="STATISTICS_EXCLUDEDVALUES"></MDI>
      <MDI key="STATISTICS_COVARIANCES">4.37350712786954E-04</MDI>
    </Metadata>
  </PAMRasterBand>
</PAMDataset>
