<PAMDataset>
  <Metadata>
    <MDI key="DataType">Generic</MDI>
  </Metadata>
  <Metadata domain="Esri">
    <MDI key="PyramidResamplingType">NEAREST</MDI>
  </Metadata>
  <PAMRasterBand band="1">
    <Histograms>
      <HistItem>
        <HistMin>0.2389499992132187</HistMin>
        <HistMax>0.4172300100326538</HistMax>
        <BucketCount>256</BucketCount>
        <IncludeOutOfRange>1</IncludeOutOfRange>
        <Approximate>0</Approximate>
        <HistCounts>1|0|1|0|0|0|0|0|0|0|0|0|0|0|0|0|0|0|0|0|0|0|0|0|0|0|0|0|0|0|0|0|0|0|0|0|0|0|0|0|0|0|0|0|0|0|0|0|0|0|0|0|0|0|0|0|0|0|0|0|0|0|0|0|0|0|0|1|0|0|0|0|1|0|2|1|1|2|2|3|9|14|4|6|6|1|3|1|8|6|8|5|6|8|9|7|8|4|10|8|9|8|10|15|6|7|8|8|20|22|12|25|13|38|28|44|42|54|55|62|52|53|38|52|55|35|29|25|41|26|22|19|29|32|20|27|20|27|22|22|23|19|15|21|19|17|11|13|15|12|17|17|24|24|23|19|23|25|34|27|24|35|45|50|49|61|63|57|65|74|73|72|64|57|57|61|61|51|58|63|53|47|33|42|35|37|35|34|43|32|24|32|34|35|24|35|39|28|29|24|29|26|22|17|8|8|7|8|7|2|7|7|9|7|3|6|5|5|1|8|3|3|0|1|3|3|4|0|0|0|0|0|0|0|0|0|0|0|0|0|0|0|0|0|0|0|0|0|0|0|0|0|0|0|0|1</HistCounts>
      </HistItem>
    </Histograms>
    <Metadata>
      <MDI key="STATISTICS_MINIMUM">0.23894999921322</MDI>
      <MDI key="STATISTICS_MAXIMUM">0.41723001003265</MDI>
      <MDI key="STATISTICS_MEAN">0.34808378122212</MDI>
      <MDI key="STATISTICS_STDDEV">0.022276460971282</MDI>
      <MDI key="STATISTICS_SKIPFACTORX">1</MDI>
      <MDI key="STATISTICS_SKIPFACTORY">1</MDI>
      <MDI key="STATISTICS_EXCLUDEDVALUES"></MDI>
      <MDI key="STATISTICS_COVARIANCES">4.96240713405072E-04</MDI>
    </Metadata>
  </PAMRasterBand>
</PAMDataset>
