<PAMDataset>
  <Metadata>
    <MDI key="DataType">Generic</MDI>
  </Metadata>
  <Metadata domain="Esri">
    <MDI key="PyramidResamplingType">NEAREST</MDI>
  </Metadata>
  <PAMRasterBand band="1">
    <Histograms>
      <HistItem>
        <HistMin>0.1641899943351746</HistMin>
        <HistMax>0.3356899917125702</HistMax>
        <BucketCount>256</BucketCount>
        <IncludeOutOfRange>1</IncludeOutOfRange>
        <Approximate>0</Approximate>
        <HistCounts>1|0|0|0|0|0|0|0|0|0|0|0|0|0|0|0|0|0|0|0|0|0|0|0|0|0|0|0|0|0|0|0|0|0|0|0|0|0|0|0|0|0|0|0|0|0|1|1|2|0|0|0|0|0|0|2|0|1|2|1|1|1|2|4|1|1|3|2|1|2|0|3|4|4|3|4|2|1|7|8|3|6|3|6|4|4|1|5|4|6|8|8|4|4|5|4|13|6|15|13|6|7|6|13|17|10|13|19|14|16|17|20|18|26|27|31|46|44|36|48|51|46|59|46|38|53|37|34|27|36|34|30|42|27|32|29|28|22|26|25|19|31|27|17|17|18|27|16|26|28|18|10|12|18|19|11|9|24|11|15|16|10|15|11|11|14|17|11|16|21|14|12|8|16|15|19|18|13|23|25|21|18|26|16|24|20|18|25|26|22|23|23|24|25|13|16|24|21|13|14|18|22|19|24|25|24|30|39|31|16|36|28|29|29|32|27|26|32|32|48|73|81|59|31|18|26|39|39|53|32|26|28|26|16|10|12|17|22|36|12|9|7|6|9|8|5|6|8|1|3|1|1|0|0|0|1</HistCounts>
      </HistItem>
    </Histograms>
    <Metadata>
      <MDI key="STATISTICS_MINIMUM">0.16418999433517</MDI>
      <MDI key="STATISTICS_MAXIMUM">0.33568999171257</MDI>
      <MDI key="STATISTICS_MEAN">0.27773880942939</MDI>
      <MDI key="STATISTICS_STDDEV">0.031143831482718</MDI>
      <MDI key="STATISTICS_SKIPFACTORX">1</MDI>
      <MDI key="STATISTICS_SKIPFACTORY">1</MDI>
      <MDI key="STATISTICS_EXCLUDEDVALUES"></MDI>
      <MDI key="STATISTICS_COVARIANCES">9.69938239423954E-04</MDI>
    </Metadata>
  </PAMRasterBand>
</PAMDataset>
