<PAMDataset>
  <Metadata>
    <MDI key="DataType">Generic</MDI>
  </Metadata>
  <Metadata domain="Esri">
    <MDI key="PyramidResamplingType">NEAREST</MDI>
  </Metadata>
  <PAMRasterBand band="1">
    <Histograms>
      <HistItem>
        <HistMin>0.2146700024604797</HistMin>
        <HistMax>0.3514699935913086</HistMax>
        <BucketCount>256</BucketCount>
        <IncludeOutOfRange>1</IncludeOutOfRange>
        <Approximate>0</Approximate>
        <HistCounts>2|0|0|0|0|1|0|0|0|0|2|0|0|1|0|0|1|3|0|1|0|1|1|0|3|5|3|5|2|4|3|5|2|4|5|5|6|6|3|4|6|10|4|7|6|5|7|6|6|8|8|11|8|5|11|3|10|13|13|15|11|22|18|19|15|17|23|38|24|35|34|43|34|23|23|33|18|25|20|19|20|16|18|17|26|23|20|25|28|19|22|19|20|14|12|29|14|16|18|15|22|14|13|12|7|14|10|14|23|11|17|13|22|11|13|13|11|8|13|11|12|14|11|16|21|16|19|12|21|13|18|15|12|26|13|18|12|18|12|16|14|14|13|11|15|10|5|12|17|9|13|12|6|7|17|9|12|17|19|20|21|11|18|16|17|9|15|16|8|18|16|15|15|15|21|9|18|21|21|16|21|16|25|25|17|23|22|21|21|27|18|15|18|24|25|25|28|33|32|20|33|30|36|38|34|30|31|26|22|29|28|33|39|26|38|33|25|30|26|23|16|25|21|16|22|20|13|21|27|17|15|17|15|11|11|5|10|9|11|5|8|7|12|8|12|6|2|3|0|3|1|1|0|3|1|1</HistCounts>
      </HistItem>
    </Histograms>
    <Metadata>
      <MDI key="STATISTICS_MINIMUM">0.21467000246048</MDI>
      <MDI key="STATISTICS_MAXIMUM">0.35146999359131</MDI>
      <MDI key="STATISTICS_MEAN">0.29317069033226</MDI>
      <MDI key="STATISTICS_STDDEV">0.03225081252937</MDI>
      <MDI key="STATISTICS_SKIPFACTORX">1</MDI>
      <MDI key="STATISTICS_SKIPFACTORY">1</MDI>
      <MDI key="STATISTICS_EXCLUDEDVALUES"></MDI>
      <MDI key="STATISTICS_COVARIANCES">1.04011490880455E-03</MDI>
    </Metadata>
  </PAMRasterBand>
</PAMDataset>
