<?xml version="1.0" encoding="UTF-8"?>
<metadata xml:lang="zh"><Esri><CreaDate>20211130</CreaDate><CreaTime>20075000</CreaTime><ArcGISFormat>1.0</ArcGISFormat><SyncOnce>FALSE</SyncOnce><DataProperties><itemProps><itemName Sync="TRUE">Date8_5.tif</itemName><itemLocation><linkage Sync="TRUE">file://H:\Desktop\SCI4\Revision-1\WRR-Revision-hsz-20211128\Data\TIFF\Date8_5.tif</linkage><protocol Sync="TRUE">Local Area Network</protocol></itemLocation><imsContentType Sync="TRUE">002</imsContentType><nativeExtBox><westBL Sync="TRUE">15.135845</westBL><eastBL Sync="TRUE">15.156014</eastBL><southBL Sync="TRUE">48.145070</southBL><northBL Sync="TRUE">48.165239</northBL><exTypeCode Sync="TRUE">1</exTypeCode></nativeExtBox></itemProps><RasterProperties><General><PixelDepth Sync="TRUE">32</PixelDepth><HasColormap Sync="TRUE">FALSE</HasColormap><CompressionType Sync="TRUE">LZW</CompressionType><NumBands Sync="TRUE">1</NumBands><Format Sync="TRUE">TIFF</Format><HasPyramids Sync="TRUE">TRUE</HasPyramids><SourceType Sync="TRUE">continuous</SourceType><PixelType Sync="TRUE">floating point</PixelType><NoDataValue Sync="TRUE">-999</NoDataValue></General></RasterProperties><lineage><Process ToolSource="c:\program files (x86)\arcgis\desktop10.2\ArcToolbox\Toolboxes\Data Management Tools.tbx\CopyRaster" Date="20211130" Time="200750">CopyRaster H:\Desktop\SCI4\Revision-1\WRR-Revision-hsz-20211128\Data\Date8_5.grd H:\Desktop\SCI4\Revision-1\WRR-Revision-hsz-20211128\Data\TIFF\Date8_5.tif # # -9.990000e+002 NONE NONE # NONE NONE</Process></lineage></DataProperties><SyncDate>20211130</SyncDate><SyncTime>20075000</SyncTime><ModDate>20211130</ModDate><ModTime>20075000</ModTime></Esri><dataIdInfo><envirDesc Sync="TRUE"> Version 6.2 (Build 9200) ; Esri ArcGIS 10.2.2.3552</envirDesc><dataLang><languageCode value="zho" Sync="TRUE"></languageCode><countryCode value="CHN" Sync="TRUE"></countryCode></dataLang><idCitation><resTitle Sync="TRUE">Date8_5.tif</resTitle><presForm><PresFormCd value="005" Sync="TRUE"></PresFormCd></presForm></idCitation><spatRpType><SpatRepTypCd value="002" Sync="TRUE"></SpatRepTypCd></spatRpType></dataIdInfo><mdLang><languageCode value="zho" Sync="TRUE"></languageCode><countryCode value="CHN" Sync="TRUE"></countryCode></mdLang><mdChar><CharSetCd value="004" Sync="TRUE"></CharSetCd></mdChar><distInfo><distFormat><formatName Sync="TRUE">栅格数据集</formatName></distFormat></distInfo><mdHrLv><ScopeCd value="005" Sync="TRUE"></ScopeCd></mdHrLv><mdHrLvName Sync="TRUE">dataset</mdHrLvName><spatRepInfo><Georect><cellGeo><CellGeoCd Sync="TRUE" value="002"></CellGeoCd></cellGeo><numDims Sync="TRUE">2</numDims><tranParaAv Sync="TRUE">1</tranParaAv><chkPtAv Sync="TRUE">0</chkPtAv><cornerPts><pos Sync="TRUE">15.135845 48.145070</pos></cornerPts><cornerPts><pos Sync="TRUE">15.135845 48.165239</pos></cornerPts><cornerPts><pos Sync="TRUE">15.156014 48.165239</pos></cornerPts><cornerPts><pos Sync="TRUE">15.156014 48.145070</pos></cornerPts><centerPt><pos Sync="TRUE">15.145930 48.155154</pos></centerPt><axisDimension type="002"><dimSize Sync="TRUE">61</dimSize><dimResol><value Sync="TRUE">0.000331</value></dimResol></axisDimension><axisDimension type="001"><dimSize Sync="TRUE">61</dimSize><dimResol><value Sync="TRUE">0.000331</value></dimResol></axisDimension><ptInPixel><PixOrientCd Sync="TRUE" value="001"></PixOrientCd></ptInPixel></Georect></spatRepInfo><contInfo><ImgDesc><contentTyp><ContentTypCd Sync="TRUE" value="001"></ContentTypCd></contentTyp><covDim><Band><dimDescrp Sync="TRUE">Band_1</dimDescrp><bitsPerVal Sync="TRUE">32</bitsPerVal></Band></covDim></ImgDesc></contInfo><mdDateSt Sync="TRUE">20211130</mdDateSt></metadata>
