<PAMDataset>
  <Metadata>
    <MDI key="DataType">Generic</MDI>
  </Metadata>
  <Metadata domain="Esri">
    <MDI key="PyramidResamplingType">NEAREST</MDI>
  </Metadata>
  <PAMRasterBand band="1">
    <Histograms>
      <HistItem>
        <HistMin>0.2267899960279465</HistMin>
        <HistMax>0.3905799984931946</HistMax>
        <BucketCount>256</BucketCount>
        <IncludeOutOfRange>1</IncludeOutOfRange>
        <Approximate>0</Approximate>
        <HistCounts>1|0|0|0|0|0|0|0|0|0|0|0|2|1|0|0|1|6|0|0|1|1|0|1|4|1|9|5|3|4|3|7|6|5|3|8|11|18|15|7|8|6|8|9|6|6|9|6|13|8|8|14|16|25|17|24|19|21|27|50|66|50|33|28|25|24|27|30|26|30|24|22|18|24|26|22|20|10|8|13|15|17|23|15|21|15|17|22|21|20|18|18|23|17|12|21|17|12|12|18|12|10|14|10|18|13|10|15|22|14|18|14|19|28|20|18|21|29|18|20|25|20|20|23|18|15|22|24|17|11|20|13|15|16|27|21|24|27|23|9|10|27|17|10|15|14|22|21|23|26|30|28|29|20|25|29|27|28|26|37|22|19|23|24|35|34|36|57|80|97|93|91|73|59|64|29|27|18|21|18|17|16|18|17|23|35|30|12|9|6|11|7|10|10|6|9|17|19|11|9|5|3|0|0|0|0|0|0|0|0|0|0|0|0|0|0|0|0|0|0|0|0|0|0|0|0|0|0|0|0|0|0|0|0|0|0|0|0|0|0|0|0|0|0|0|0|0|0|0|0|0|0|0|0|0|1</HistCounts>
      </HistItem>
    </Histograms>
    <Metadata>
      <MDI key="STATISTICS_MINIMUM">0.22678999602795</MDI>
      <MDI key="STATISTICS_MAXIMUM">0.39057999849319</MDI>
      <MDI key="STATISTICS_MEAN">0.30617737165785</MDI>
      <MDI key="STATISTICS_STDDEV">0.030516036078531</MDI>
      <MDI key="STATISTICS_SKIPFACTORX">1</MDI>
      <MDI key="STATISTICS_SKIPFACTORY">1</MDI>
      <MDI key="STATISTICS_EXCLUDEDVALUES"></MDI>
      <MDI key="STATISTICS_COVARIANCES">9.3122845794618E-04</MDI>
    </Metadata>
  </PAMRasterBand>
</PAMDataset>
