<PAMDataset>
  <Metadata>
    <MDI key="DataType">Generic</MDI>
  </Metadata>
  <Metadata domain="Esri">
    <MDI key="PyramidResamplingType">NEAREST</MDI>
  </Metadata>
  <PAMRasterBand band="1">
    <Histograms>
      <HistItem>
        <HistMin>0.2319100052118301</HistMin>
        <HistMax>0.3874199986457825</HistMax>
        <BucketCount>256</BucketCount>
        <IncludeOutOfRange>1</IncludeOutOfRange>
        <Approximate>0</Approximate>
        <HistCounts>1|3|0|2|2|1|0|2|1|0|3|0|3|1|4|0|2|1|2|3|2|2|1|4|1|0|1|4|0|2|3|2|1|3|1|2|3|4|1|1|5|5|8|4|4|6|5|7|11|5|10|7|14|22|22|25|38|28|23|21|12|23|16|18|21|25|18|13|10|24|19|20|24|16|27|16|15|20|13|16|12|13|15|15|19|18|23|13|20|27|26|23|17|18|17|18|17|18|14|15|19|16|25|16|15|19|19|27|26|33|33|21|39|35|32|30|21|34|29|31|27|23|19|24|31|25|21|23|31|28|25|21|20|20|22|38|29|51|43|52|52|63|50|53|37|42|46|44|46|39|42|47|57|58|47|45|47|40|49|50|27|29|41|24|23|26|32|26|23|27|19|20|16|14|20|17|22|16|14|9|9|9|5|13|12|12|7|3|3|3|2|7|7|8|7|9|4|5|10|1|3|9|3|3|3|0|3|1|1|0|2|0|0|1|0|0|0|0|0|0|0|0|0|0|0|0|0|0|0|0|0|0|0|0|0|0|0|0|0|0|0|0|0|0|0|0|0|0|0|0|0|0|0|0|1|0</HistCounts>
      </HistItem>
    </Histograms>
    <Metadata>
      <MDI key="STATISTICS_MINIMUM">0.23191000521183</MDI>
      <MDI key="STATISTICS_MAXIMUM">0.38741999864578</MDI>
      <MDI key="STATISTICS_MEAN">0.30674215296253</MDI>
      <MDI key="STATISTICS_STDDEV">0.024649016164327</MDI>
      <MDI key="STATISTICS_SKIPFACTORX">1</MDI>
      <MDI key="STATISTICS_SKIPFACTORY">1</MDI>
      <MDI key="STATISTICS_EXCLUDEDVALUES"></MDI>
      <MDI key="STATISTICS_COVARIANCES">6.07573997869242E-04</MDI>
    </Metadata>
  </PAMRasterBand>
</PAMDataset>
