<PAMDataset>
  <Metadata>
    <MDI key="DataType">Generic</MDI>
  </Metadata>
  <Metadata domain="Esri">
    <MDI key="PyramidResamplingType">NEAREST</MDI>
  </Metadata>
  <PAMRasterBand band="1">
    <Histograms>
      <HistItem>
        <HistMin>0.207859992980957</HistMin>
        <HistMax>0.3774499893188477</HistMax>
        <BucketCount>256</BucketCount>
        <IncludeOutOfRange>1</IncludeOutOfRange>
        <Approximate>0</Approximate>
        <HistCounts>1|0|0|0|0|0|0|0|0|0|0|0|0|1|0|0|0|0|0|0|0|0|0|0|0|0|0|0|0|0|0|0|0|0|0|0|0|0|0|0|0|0|0|0|0|0|0|0|0|0|0|0|0|0|0|0|0|0|0|0|0|0|0|0|0|0|1|1|0|2|2|0|1|5|0|0|0|1|2|1|1|3|3|1|2|4|6|5|5|6|7|1|4|10|8|7|9|2|3|6|13|8|7|11|8|12|7|5|10|8|10|6|3|10|9|10|16|12|8|18|9|16|20|17|24|30|30|30|29|35|32|33|31|29|34|50|48|53|53|50|51|36|58|46|40|23|20|29|26|31|45|40|37|42|44|44|41|48|53|52|58|58|49|39|55|52|40|46|61|47|54|63|71|47|55|49|56|56|61|52|43|56|47|49|45|37|25|28|45|44|45|33|29|28|20|19|15|18|15|23|16|16|16|21|14|13|11|12|15|15|15|18|16|12|7|4|1|2|2|0|0|0|0|0|0|0|0|0|0|0|0|0|0|0|0|0|0|0|0|0|0|0|0|0|0|0|0|0|0|0|0|0|0|0|0|1</HistCounts>
      </HistItem>
    </Histograms>
    <Metadata>
      <MDI key="STATISTICS_MINIMUM">0.20785999298096</MDI>
      <MDI key="STATISTICS_MAXIMUM">0.37744998931885</MDI>
      <MDI key="STATISTICS_MEAN">0.31371975549765</MDI>
      <MDI key="STATISTICS_STDDEV">0.018671970916504</MDI>
      <MDI key="STATISTICS_SKIPFACTORX">1</MDI>
      <MDI key="STATISTICS_SKIPFACTORY">1</MDI>
      <MDI key="STATISTICS_EXCLUDEDVALUES"></MDI>
      <MDI key="STATISTICS_COVARIANCES">3.48642497906757E-04</MDI>
    </Metadata>
  </PAMRasterBand>
</PAMDataset>
