<PAMDataset>
  <Metadata>
    <MDI key="DataType">Generic</MDI>
  </Metadata>
  <Metadata domain="Esri">
    <MDI key="PyramidResamplingType">NEAREST</MDI>
  </Metadata>
  <PAMRasterBand band="1">
    <Histograms>
      <HistItem>
        <HistMin>0.1588100045919418</HistMin>
        <HistMax>0.326880007982254</HistMax>
        <BucketCount>256</BucketCount>
        <IncludeOutOfRange>1</IncludeOutOfRange>
        <Approximate>0</Approximate>
        <HistCounts>1|2|4|1|0|0|1|1|0|0|1|3|1|1|0|1|0|0|0|0|0|1|1|2|1|1|3|0|1|1|0|1|0|1|1|2|0|0|2|2|2|2|1|3|2|2|2|1|0|2|3|4|1|2|1|3|4|2|7|9|6|3|8|8|9|9|7|12|16|20|14|16|11|11|8|6|7|9|8|7|4|13|8|11|15|11|11|13|20|15|23|37|42|53|45|31|40|65|39|35|34|27|49|23|26|34|28|22|30|19|24|16|20|32|28|21|21|22|28|16|32|22|27|39|27|29|28|32|37|48|37|51|33|44|30|38|42|39|47|30|35|40|35|35|33|35|25|23|29|33|27|27|28|26|28|39|46|47|30|43|37|36|38|42|51|44|37|23|16|25|22|24|18|14|15|20|21|23|17|21|21|10|25|17|22|24|26|18|13|19|11|15|11|14|16|9|14|14|8|13|10|11|12|10|8|12|6|5|4|6|6|7|3|7|4|3|7|5|4|1|2|3|2|1|1|1|0|0|0|0|0|0|0|0|0|1|0|0|0|1|0|0|0|0|0|0|0|1|0|0|0|0|0|0|0|1</HistCounts>
      </HistItem>
    </Histograms>
    <Metadata>
      <MDI key="STATISTICS_MINIMUM">0.15881000459194</MDI>
      <MDI key="STATISTICS_MAXIMUM">0.32688000798225</MDI>
      <MDI key="STATISTICS_MEAN">0.24711614334593</MDI>
      <MDI key="STATISTICS_STDDEV">0.025551949726681</MDI>
      <MDI key="STATISTICS_SKIPFACTORX">1</MDI>
      <MDI key="STATISTICS_SKIPFACTORY">1</MDI>
      <MDI key="STATISTICS_EXCLUDEDVALUES"></MDI>
      <MDI key="STATISTICS_COVARIANCES">6.52902134834855E-04</MDI>
    </Metadata>
  </PAMRasterBand>
</PAMDataset>
