<PAMDataset>
  <Metadata>
    <MDI key="DataType">Generic</MDI>
  </Metadata>
  <Metadata domain="Esri">
    <MDI key="PyramidResamplingType">NEAREST</MDI>
  </Metadata>
  <PAMRasterBand band="1">
    <Histograms>
      <HistItem>
        <HistMin>0.1725600063800812</HistMin>
        <HistMax>0.3330900073051453</HistMax>
        <BucketCount>256</BucketCount>
        <IncludeOutOfRange>1</IncludeOutOfRange>
        <Approximate>0</Approximate>
        <HistCounts>1|0|4|0|0|0|1|1|0|1|1|0|1|0|1|1|0|1|1|0|0|0|2|1|0|2|1|0|3|2|0|0|1|0|3|1|1|0|1|1|1|0|0|1|1|1|2|2|1|1|8|2|3|3|3|3|2|3|3|4|2|6|3|5|6|3|8|8|4|9|11|15|8|6|8|7|6|10|13|5|13|5|10|11|15|13|8|7|11|17|15|11|17|12|19|15|13|17|20|16|17|17|22|19|17|26|26|43|38|28|33|35|44|56|34|51|50|49|70|51|40|51|56|44|38|31|28|29|29|24|30|42|40|37|60|54|62|47|55|43|48|32|35|42|38|38|41|43|37|33|22|35|30|39|35|43|43|49|36|48|37|42|42|25|30|27|31|44|41|31|24|32|36|29|36|22|15|14|19|35|18|37|35|22|27|15|15|13|10|12|9|7|5|5|4|5|7|4|3|1|0|4|0|1|0|2|1|1|1|1|0|0|0|0|2|1|2|4|3|1|2|5|5|0|0|0|0|0|0|0|0|0|0|0|0|0|0|0|0|0|0|0|0|0|0|0|0|0|0|0|0|0|0|0|0|1</HistCounts>
      </HistItem>
    </Histograms>
    <Metadata>
      <MDI key="STATISTICS_MINIMUM">0.17256000638008</MDI>
      <MDI key="STATISTICS_MAXIMUM">0.33309000730515</MDI>
      <MDI key="STATISTICS_MEAN">0.25753056974989</MDI>
      <MDI key="STATISTICS_STDDEV">0.020992579720139</MDI>
      <MDI key="STATISTICS_SKIPFACTORX">1</MDI>
      <MDI key="STATISTICS_SKIPFACTORY">1</MDI>
      <MDI key="STATISTICS_EXCLUDEDVALUES"></MDI>
      <MDI key="STATISTICS_COVARIANCES">4.40688403306383E-04</MDI>
    </Metadata>
  </PAMRasterBand>
</PAMDataset>
