<PAMDataset>
  <Metadata>
    <MDI key="DataType">Generic</MDI>
  </Metadata>
  <Metadata domain="Esri">
    <MDI key="PyramidResamplingType">NEAREST</MDI>
  </Metadata>
  <PAMRasterBand band="1">
    <Histograms>
      <HistItem>
        <HistMin>0.1841900050640106</HistMin>
        <HistMax>0.3544099926948547</HistMax>
        <BucketCount>256</BucketCount>
        <IncludeOutOfRange>1</IncludeOutOfRange>
        <Approximate>0</Approximate>
        <HistCounts>1|0|0|0|0|0|4|1|0|2|0|0|3|1|0|1|1|0|2|0|4|4|0|2|4|1|5|2|3|4|4|7|6|7|7|9|7|9|13|5|12|12|7|5|7|7|2|10|11|3|15|15|25|31|32|51|31|15|23|30|49|44|46|33|24|18|24|21|28|21|17|16|22|17|23|24|25|27|19|25|22|22|26|22|13|20|14|17|16|19|18|12|17|15|15|17|16|17|19|24|19|23|13|17|31|14|20|18|11|17|22|13|21|19|24|10|18|20|18|14|12|15|14|15|16|8|14|15|15|19|15|21|16|20|15|23|16|23|16|20|26|21|20|22|19|24|19|30|23|25|29|15|15|20|18|19|17|15|20|27|25|30|20|31|25|24|29|29|30|24|14|27|33|22|44|24|29|38|31|30|33|42|44|58|44|38|28|27|29|25|28|27|21|21|16|19|18|14|25|22|12|17|13|13|16|15|9|6|5|6|2|1|1|1|1|1|0|2|0|0|0|0|0|0|0|0|0|0|0|0|0|0|0|0|0|0|0|0|0|0|0|0|0|0|0|0|0|0|0|0|0|0|0|0|0|1</HistCounts>
      </HistItem>
    </Histograms>
    <Metadata>
      <MDI key="STATISTICS_MINIMUM">0.18419000506401</MDI>
      <MDI key="STATISTICS_MAXIMUM">0.35440999269485</MDI>
      <MDI key="STATISTICS_MEAN">0.26768613571651</MDI>
      <MDI key="STATISTICS_STDDEV">0.034111234567729</MDI>
      <MDI key="STATISTICS_SKIPFACTORX">1</MDI>
      <MDI key="STATISTICS_SKIPFACTORY">1</MDI>
      <MDI key="STATISTICS_EXCLUDEDVALUES"></MDI>
      <MDI key="STATISTICS_COVARIANCES">1.16357632373464E-03</MDI>
    </Metadata>
  </PAMRasterBand>
</PAMDataset>
