<PAMDataset>
  <Metadata>
    <MDI key="DataType">Generic</MDI>
  </Metadata>
  <Metadata domain="Esri">
    <MDI key="PyramidResamplingType">NEAREST</MDI>
  </Metadata>
  <PAMRasterBand band="1">
    <Histograms>
      <HistItem>
        <HistMin>0.1477299928665161</HistMin>
        <HistMax>0.3471100032329559</HistMax>
        <BucketCount>256</BucketCount>
        <IncludeOutOfRange>1</IncludeOutOfRange>
        <Approximate>0</Approximate>
        <HistCounts>1|0|0|0|0|1|0|2|2|1|1|1|1|2|1|1|0|2|0|1|0|0|2|2|0|1|4|1|2|1|1|1|1|0|0|1|1|3|4|2|1|3|6|1|1|1|1|1|3|1|2|5|8|1|3|3|5|0|9|2|11|17|20|20|27|15|16|15|13|17|13|10|5|8|14|11|11|10|7|18|15|17|14|29|23|34|25|41|61|70|68|65|55|66|57|40|42|49|46|39|41|48|32|48|51|39|40|41|34|29|43|42|56|46|38|29|25|20|23|18|21|27|35|20|29|24|27|39|41|50|26|35|40|50|41|34|46|38|49|60|53|52|48|42|43|52|52|37|47|37|23|35|33|30|33|28|21|22|26|25|18|20|15|10|15|14|11|16|12|14|19|14|8|15|5|11|2|1|4|3|4|3|3|6|6|1|3|2|0|0|2|1|3|0|4|2|0|2|0|1|0|0|0|0|0|0|0|0|0|0|0|0|0|0|0|1|0|0|0|0|0|0|0|0|0|0|0|0|0|0|0|0|0|0|0|0|0|0|0|0|0|0|0|0|0|0|0|0|0|0|0|0|0|0|0|1</HistCounts>
      </HistItem>
    </Histograms>
    <Metadata>
      <MDI key="STATISTICS_MINIMUM">0.14772999286652</MDI>
      <MDI key="STATISTICS_MAXIMUM">0.34711000323296</MDI>
      <MDI key="STATISTICS_MEAN">0.23909164215489</MDI>
      <MDI key="STATISTICS_STDDEV">0.024656853454304</MDI>
      <MDI key="STATISTICS_SKIPFACTORX">1</MDI>
      <MDI key="STATISTICS_SKIPFACTORY">1</MDI>
      <MDI key="STATISTICS_EXCLUDEDVALUES"></MDI>
      <MDI key="STATISTICS_COVARIANCES">6.07960422267015E-04</MDI>
    </Metadata>
  </PAMRasterBand>
</PAMDataset>
