<PAMDataset>
  <Metadata>
    <MDI key="DataType">Generic</MDI>
  </Metadata>
  <Metadata domain="Esri">
    <MDI key="PyramidResamplingType">NEAREST</MDI>
  </Metadata>
  <PAMRasterBand band="1">
    <Histograms>
      <HistItem>
        <HistMin>0.1463200002908707</HistMin>
        <HistMax>0.3207499980926514</HistMax>
        <BucketCount>256</BucketCount>
        <IncludeOutOfRange>1</IncludeOutOfRange>
        <Approximate>0</Approximate>
        <HistCounts>1|0|0|0|0|0|0|0|0|0|0|0|0|0|0|0|0|0|0|0|0|1|0|0|0|0|0|0|0|0|0|0|0|0|0|0|0|0|0|1|0|1|1|1|0|0|1|0|0|0|0|1|0|0|2|1|1|0|1|0|5|1|2|5|2|2|5|1|4|0|3|3|2|1|7|3|4|3|5|6|2|3|7|2|6|3|5|4|8|3|3|3|9|7|5|6|9|14|8|21|12|10|24|16|18|31|25|24|19|26|35|25|27|44|50|35|44|40|52|58|56|52|48|35|45|33|59|40|43|43|40|29|18|26|21|12|17|22|22|24|12|12|20|18|16|15|17|17|11|12|11|16|14|18|19|18|11|14|21|16|18|14|21|12|18|14|19|11|8|9|16|14|16|12|15|27|17|13|22|24|17|16|19|25|22|25|22|16|23|20|27|21|26|16|24|24|19|28|27|29|33|32|28|34|22|25|29|36|31|28|33|38|33|40|46|30|37|33|20|45|53|34|31|27|24|27|15|21|32|29|27|26|31|28|14|20|14|9|6|3|7|2|1|2|1|1|1|0|0|0|1|1|0|0|0|1</HistCounts>
      </HistItem>
    </Histograms>
    <Metadata>
      <MDI key="STATISTICS_MINIMUM">0.14632000029087</MDI>
      <MDI key="STATISTICS_MAXIMUM">0.32074999809265</MDI>
      <MDI key="STATISTICS_MEAN">0.25820914275686</MDI>
      <MDI key="STATISTICS_STDDEV">0.031474805046476</MDI>
      <MDI key="STATISTICS_SKIPFACTORX">1</MDI>
      <MDI key="STATISTICS_SKIPFACTORY">1</MDI>
      <MDI key="STATISTICS_EXCLUDEDVALUES"></MDI>
      <MDI key="STATISTICS_COVARIANCES">9.90663352713685E-04</MDI>
    </Metadata>
  </PAMRasterBand>
</PAMDataset>
