<PAMDataset>
  <Metadata>
    <MDI key="DataType">Generic</MDI>
  </Metadata>
  <Metadata domain="Esri">
    <MDI key="PyramidResamplingType">NEAREST</MDI>
  </Metadata>
  <PAMRasterBand band="1">
    <Histograms>
      <HistItem>
        <HistMin>0.1940599977970123</HistMin>
        <HistMax>0.3562099933624268</HistMax>
        <BucketCount>256</BucketCount>
        <IncludeOutOfRange>1</IncludeOutOfRange>
        <Approximate>0</Approximate>
        <HistCounts>2|0|0|1|0|0|1|0|1|1|1|4|1|1|0|0|0|0|0|2|1|1|1|1|4|7|5|3|4|9|4|9|6|8|3|4|2|7|10|10|6|6|5|8|8|6|4|6|9|6|17|15|17|13|20|29|30|51|47|36|29|31|35|34|26|29|34|23|12|14|15|21|25|28|18|22|20|23|24|26|33|22|25|29|29|20|22|19|17|23|22|21|19|24|16|10|23|17|21|22|29|23|23|19|16|22|14|16|11|17|13|16|16|24|16|12|23|17|19|12|13|13|11|15|14|14|7|10|18|22|16|11|19|23|19|21|16|12|13|14|19|25|24|18|11|12|23|19|19|16|7|13|16|14|25|19|32|28|30|38|40|30|30|23|21|24|22|26|43|22|23|31|43|38|47|38|54|45|48|54|44|25|36|38|32|34|17|17|13|17|13|23|22|16|16|14|26|20|19|8|10|7|8|6|9|6|5|11|5|13|5|7|2|2|6|6|3|9|4|0|0|0|0|0|0|0|0|0|0|0|0|0|0|0|0|0|0|0|0|1|0|0|0|0|0|0|0|0|0|0|0|0|0|0|0|1</HistCounts>
      </HistItem>
    </Histograms>
    <Metadata>
      <MDI key="STATISTICS_MINIMUM">0.19405999779701</MDI>
      <MDI key="STATISTICS_MAXIMUM">0.35620999336243</MDI>
      <MDI key="STATISTICS_MEAN">0.27363305570329</MDI>
      <MDI key="STATISTICS_STDDEV">0.032179480829068</MDI>
      <MDI key="STATISTICS_SKIPFACTORX">1</MDI>
      <MDI key="STATISTICS_SKIPFACTORY">1</MDI>
      <MDI key="STATISTICS_EXCLUDEDVALUES"></MDI>
      <MDI key="STATISTICS_COVARIANCES">1.03551898642835E-03</MDI>
    </Metadata>
  </PAMRasterBand>
</PAMDataset>
