<PAMDataset>
  <Metadata>
    <MDI key="DataType">Generic</MDI>
  </Metadata>
  <Metadata domain="Esri">
    <MDI key="PyramidResamplingType">NEAREST</MDI>
  </Metadata>
  <PAMRasterBand band="1">
    <Histograms>
      <HistItem>
        <HistMin>0.1508899927139282</HistMin>
        <HistMax>0.3238799870014191</HistMax>
        <BucketCount>256</BucketCount>
        <IncludeOutOfRange>1</IncludeOutOfRange>
        <Approximate>0</Approximate>
        <HistCounts>1|0|0|0|0|0|0|0|0|0|0|0|0|0|0|0|0|0|0|0|0|1|0|0|0|0|0|0|0|0|0|0|0|0|0|0|1|1|1|0|1|0|0|0|0|1|0|0|0|1|0|1|1|1|1|0|1|2|1|1|1|6|3|1|8|2|1|1|6|1|3|5|3|3|3|5|2|1|4|9|10|3|5|1|1|3|4|6|6|4|7|9|13|6|10|11|17|9|16|23|13|16|22|20|25|21|24|15|26|28|39|29|46|51|37|45|48|59|53|52|42|37|40|51|41|39|32|34|38|26|29|27|26|16|23|17|16|20|15|17|24|11|16|14|27|15|19|14|13|10|9|15|11|15|15|13|14|20|17|20|21|19|10|12|15|11|21|11|9|14|12|15|20|18|17|22|19|25|25|21|12|20|19|26|13|19|21|13|21|18|23|17|23|27|22|22|15|27|19|28|29|34|23|31|31|24|24|29|27|34|26|28|38|40|39|44|34|35|41|36|34|47|34|37|24|28|27|26|24|24|29|22|20|26|24|21|18|14|7|11|2|3|1|4|2|2|2|0|0|0|0|0|0|2|0|1</HistCounts>
      </HistItem>
    </Histograms>
    <Metadata>
      <MDI key="STATISTICS_MINIMUM">0.15088999271393</MDI>
      <MDI key="STATISTICS_MAXIMUM">0.32387998700142</MDI>
      <MDI key="STATISTICS_MEAN">0.26153962647313</MDI>
      <MDI key="STATISTICS_STDDEV">0.03199335844091</MDI>
      <MDI key="STATISTICS_SKIPFACTORX">1</MDI>
      <MDI key="STATISTICS_SKIPFACTORY">1</MDI>
      <MDI key="STATISTICS_EXCLUDEDVALUES"></MDI>
      <MDI key="STATISTICS_COVARIANCES">1.02357498432858E-03</MDI>
    </Metadata>
  </PAMRasterBand>
</PAMDataset>
