<PAMDataset>
  <Metadata>
    <MDI key="DataType">Generic</MDI>
  </Metadata>
  <Metadata domain="Esri">
    <MDI key="PyramidResamplingType">NEAREST</MDI>
  </Metadata>
  <PAMRasterBand band="1">
    <Histograms>
      <HistItem>
        <HistMin>0.246739998459816</HistMin>
        <HistMax>0.3981899917125702</HistMax>
        <BucketCount>256</BucketCount>
        <IncludeOutOfRange>1</IncludeOutOfRange>
        <Approximate>0</Approximate>
        <HistCounts>1|0|0|0|0|0|0|1|0|0|0|0|0|0|0|0|0|0|0|0|1|1|0|3|0|0|0|0|1|0|0|0|2|2|0|4|0|2|2|1|4|1|5|1|1|5|4|3|3|2|3|7|8|3|1|3|5|7|16|6|7|10|6|6|8|8|5|11|3|8|5|6|7|7|12|20|22|25|18|18|34|37|36|37|34|43|52|28|34|40|24|29|30|32|30|31|26|24|22|27|17|18|20|21|18|19|19|22|25|20|19|12|18|16|12|13|21|25|31|28|28|37|31|25|30|27|17|21|21|21|23|24|18|15|22|11|11|20|11|18|12|15|12|14|15|15|9|14|16|7|17|8|16|12|14|15|10|14|16|9|10|10|12|9|16|17|14|21|12|14|22|21|25|23|24|27|36|29|25|21|16|18|19|32|21|28|23|15|25|22|34|28|25|39|23|25|38|22|30|24|27|36|29|29|36|40|31|38|40|36|34|39|38|31|36|35|16|18|10|14|9|15|17|14|12|8|6|14|6|5|7|5|9|5|1|1|3|5|2|3|2|0|0|0|0|1|2|0|2|1|0|0|0|0|1|1</HistCounts>
      </HistItem>
    </Histograms>
    <Metadata>
      <MDI key="STATISTICS_MINIMUM">0.24673999845982</MDI>
      <MDI key="STATISTICS_MAXIMUM">0.39818999171257</MDI>
      <MDI key="STATISTICS_MEAN">0.33353520562991</MDI>
      <MDI key="STATISTICS_STDDEV">0.030545629053848</MDI>
      <MDI key="STATISTICS_SKIPFACTORX">1</MDI>
      <MDI key="STATISTICS_SKIPFACTORY">1</MDI>
      <MDI key="STATISTICS_EXCLUDEDVALUES"></MDI>
      <MDI key="STATISTICS_COVARIANCES">9.33035454295258E-04</MDI>
    </Metadata>
  </PAMRasterBand>
</PAMDataset>
