<PAMDataset>
  <Metadata>
    <MDI key="DataType">Generic</MDI>
  </Metadata>
  <Metadata domain="Esri">
    <MDI key="PyramidResamplingType">NEAREST</MDI>
  </Metadata>
  <PAMRasterBand band="1">
    <Histograms>
      <HistItem>
        <HistMin>0.1807200014591217</HistMin>
        <HistMax>0.344870001077652</HistMax>
        <BucketCount>256</BucketCount>
        <IncludeOutOfRange>1</IncludeOutOfRange>
        <Approximate>0</Approximate>
        <HistCounts>1|2|0|1|3|1|1|0|0|0|0|1|0|0|0|0|3|0|0|1|1|0|0|2|2|3|4|3|3|5|2|3|2|6|4|6|5|6|1|2|4|9|12|11|3|9|7|7|7|5|2|4|4|7|2|9|12|9|9|29|42|51|64|55|41|43|37|32|25|29|26|30|29|43|39|25|28|38|26|31|26|17|16|20|24|16|14|20|15|24|15|22|21|8|13|13|16|18|18|19|13|21|21|34|15|20|22|20|19|23|18|21|15|16|19|22|21|32|15|28|23|23|17|33|20|20|21|22|19|22|20|18|15|21|18|12|14|24|14|18|22|26|21|24|31|40|17|24|13|23|28|17|16|20|48|76|75|60|43|57|31|34|18|25|26|24|33|26|22|26|42|39|57|52|44|56|42|51|55|36|23|17|14|18|29|20|13|6|8|0|3|1|4|2|4|3|1|0|0|0|0|1|0|0|0|0|0|0|0|0|0|0|0|0|0|0|0|0|0|0|0|0|0|0|0|0|0|0|0|0|0|0|0|0|0|0|0|0|0|0|0|0|0|0|0|0|0|0|0|0|0|0|0|0|0|1</HistCounts>
      </HistItem>
    </Histograms>
    <Metadata>
      <MDI key="STATISTICS_MINIMUM">0.18072000145912</MDI>
      <MDI key="STATISTICS_MAXIMUM">0.34487000107765</MDI>
      <MDI key="STATISTICS_MEAN">0.25869120681872</MDI>
      <MDI key="STATISTICS_STDDEV">0.0283428347365</MDI>
      <MDI key="STATISTICS_SKIPFACTORX">1</MDI>
      <MDI key="STATISTICS_SKIPFACTORY">1</MDI>
      <MDI key="STATISTICS_EXCLUDEDVALUES"></MDI>
      <MDI key="STATISTICS_COVARIANCES">8.03316280900577E-04</MDI>
    </Metadata>
  </PAMRasterBand>
</PAMDataset>
