<PAMDataset>
  <Metadata>
    <MDI key="DataType">Generic</MDI>
  </Metadata>
  <Metadata domain="Esri">
    <MDI key="PyramidResamplingType">NEAREST</MDI>
  </Metadata>
  <PAMRasterBand band="1">
    <Histograms>
      <HistItem>
        <HistMin>0.1662199944257736</HistMin>
        <HistMax>0.3445799946784973</HistMax>
        <BucketCount>256</BucketCount>
        <IncludeOutOfRange>1</IncludeOutOfRange>
        <Approximate>0</Approximate>
        <HistCounts>1|0|0|0|0|0|0|0|0|0|0|0|0|0|0|0|0|0|0|0|0|0|0|0|0|0|0|0|0|0|0|0|0|0|0|0|0|0|0|0|0|0|0|0|0|1|0|0|0|0|0|0|0|0|0|0|1|2|0|0|0|0|0|1|4|3|0|4|7|4|3|3|4|3|4|3|7|3|6|1|1|3|6|4|4|1|3|5|5|2|7|5|3|6|7|9|14|12|9|9|12|8|14|15|10|14|13|19|21|17|28|25|47|56|53|46|51|47|41|41|34|37|34|43|27|30|45|43|45|39|28|40|36|28|29|29|24|28|35|17|21|21|15|13|13|15|22|15|13|21|15|14|17|25|12|12|13|6|18|14|16|15|14|14|17|13|13|13|14|19|14|19|10|15|12|13|14|19|23|16|12|11|21|19|22|33|23|22|22|33|21|24|20|24|14|19|23|18|19|18|22|21|28|20|29|33|26|24|29|21|29|37|26|27|35|33|40|38|40|44|34|42|53|44|39|35|37|33|37|34|26|26|22|18|26|18|17|12|17|12|13|9|7|8|5|10|4|5|3|3|2|0|1|0|2|0</HistCounts>
      </HistItem>
    </Histograms>
    <Metadata>
      <MDI key="STATISTICS_MINIMUM">0.16621999442577</MDI>
      <MDI key="STATISTICS_MAXIMUM">0.3445799946785</MDI>
      <MDI key="STATISTICS_MEAN">0.28326216855859</MDI>
      <MDI key="STATISTICS_STDDEV">0.032633971769121</MDI>
      <MDI key="STATISTICS_SKIPFACTORX">1</MDI>
      <MDI key="STATISTICS_SKIPFACTORY">1</MDI>
      <MDI key="STATISTICS_EXCLUDEDVALUES"></MDI>
      <MDI key="STATISTICS_COVARIANCES">1.06497611342777E-03</MDI>
    </Metadata>
  </PAMRasterBand>
</PAMDataset>
