<PAMDataset>
  <Metadata>
    <MDI key="DataType">Generic</MDI>
  </Metadata>
  <Metadata domain="Esri">
    <MDI key="PyramidResamplingType">NEAREST</MDI>
  </Metadata>
  <PAMRasterBand band="1">
    <Histograms>
      <HistItem>
        <HistMin>0.2565500140190125</HistMin>
        <HistMax>0.3971199989318848</HistMax>
        <BucketCount>256</BucketCount>
        <IncludeOutOfRange>1</IncludeOutOfRange>
        <Approximate>0</Approximate>
        <HistCounts>1|0|1|0|0|1|1|0|3|0|0|0|1|0|1|1|0|1|0|1|1|0|4|3|1|4|3|1|2|2|3|1|2|4|2|6|2|1|3|4|1|7|4|2|5|9|2|4|9|7|5|12|9|8|8|7|12|12|17|11|25|24|17|29|21|36|25|35|28|23|31|31|33|32|30|28|16|25|17|17|11|17|20|22|22|22|20|22|22|28|24|25|17|12|12|17|19|16|28|17|14|14|19|15|7|16|16|19|29|24|22|19|27|33|23|27|22|21|24|16|23|15|27|17|22|15|19|14|17|13|17|17|13|20|10|14|14|14|13|14|11|10|8|12|9|11|12|12|15|8|15|13|9|13|14|10|16|17|10|9|10|14|11|15|21|15|20|14|17|34|24|11|20|26|22|17|24|23|15|22|24|21|20|20|21|18|26|23|23|20|28|28|20|33|34|34|27|29|30|26|22|35|37|30|33|48|37|56|52|46|33|27|37|24|17|10|8|12|6|12|11|11|10|15|11|14|6|6|9|8|6|7|9|8|3|6|6|1|3|2|0|1|1|0|1|0|1|0|3|0|0|1|0|1|0|1</HistCounts>
      </HistItem>
    </Histograms>
    <Metadata>
      <MDI key="STATISTICS_MINIMUM">0.25655001401901</MDI>
      <MDI key="STATISTICS_MAXIMUM">0.39711999893188</MDI>
      <MDI key="STATISTICS_MEAN">0.33398313088719</MDI>
      <MDI key="STATISTICS_STDDEV">0.030877146646307</MDI>
      <MDI key="STATISTICS_SKIPFACTORX">1</MDI>
      <MDI key="STATISTICS_SKIPFACTORY">1</MDI>
      <MDI key="STATISTICS_EXCLUDEDVALUES"></MDI>
      <MDI key="STATISTICS_COVARIANCES">9.53398185017539E-04</MDI>
    </Metadata>
  </PAMRasterBand>
</PAMDataset>
