<PAMDataset>
  <Metadata>
    <MDI key="DataType">Generic</MDI>
  </Metadata>
  <Metadata domain="Esri">
    <MDI key="PyramidResamplingType">NEAREST</MDI>
  </Metadata>
  <PAMRasterBand band="1">
    <Histograms>
      <HistItem>
        <HistMin>0.1929599940776825</HistMin>
        <HistMax>0.3196099996566773</HistMax>
        <BucketCount>256</BucketCount>
        <IncludeOutOfRange>1</IncludeOutOfRange>
        <Approximate>0</Approximate>
        <HistCounts>1|0|1|3|1|0|0|2|0|1|0|0|0|1|0|1|1|0|0|2|2|1|1|3|2|5|1|2|4|3|4|4|3|2|0|4|4|2|7|8|4|3|2|5|7|8|8|9|6|10|5|6|6|6|2|8|8|2|3|4|9|2|8|5|5|4|6|8|6|13|20|12|24|40|44|65|46|34|32|39|32|39|26|26|25|19|19|11|13|13|13|12|19|21|21|33|15|15|18|13|9|21|18|17|16|19|14|14|11|13|17|13|13|9|16|8|18|19|17|13|25|16|20|19|17|17|23|12|15|11|16|15|12|19|14|15|17|15|12|14|22|14|17|17|17|19|16|19|13|20|14|19|14|7|10|15|11|6|10|9|9|11|17|20|16|20|11|11|18|21|14|8|18|8|14|23|28|32|15|17|14|13|16|14|9|7|20|17|13|7|32|47|80|72|56|42|45|26|33|23|24|21|29|12|18|14|12|19|29|32|38|53|55|49|26|37|40|32|27|30|38|30|25|20|19|18|16|16|17|23|25|7|8|4|4|0|3|3|0|5|2|0|1|0|1|0|0|0|0|0|0|0|0|0|0|1</HistCounts>
      </HistItem>
    </Histograms>
    <Metadata>
      <MDI key="STATISTICS_MINIMUM">0.19295999407768</MDI>
      <MDI key="STATISTICS_MAXIMUM">0.31960999965668</MDI>
      <MDI key="STATISTICS_MEAN">0.26665334834411</MDI>
      <MDI key="STATISTICS_STDDEV">0.028234915633959</MDI>
      <MDI key="STATISTICS_SKIPFACTORX">1</MDI>
      <MDI key="STATISTICS_SKIPFACTORY">1</MDI>
      <MDI key="STATISTICS_EXCLUDEDVALUES"></MDI>
      <MDI key="STATISTICS_COVARIANCES">7.97210460856808E-04</MDI>
    </Metadata>
  </PAMRasterBand>
</PAMDataset>
