<PAMDataset>
  <Metadata>
    <MDI key="DataType">Generic</MDI>
  </Metadata>
  <Metadata domain="Esri">
    <MDI key="PyramidResamplingType">NEAREST</MDI>
  </Metadata>
  <PAMRasterBand band="1">
    <Histograms>
      <HistItem>
        <HistMin>0.1761900037527084</HistMin>
        <HistMax>0.3306599855422974</HistMax>
        <BucketCount>256</BucketCount>
        <IncludeOutOfRange>1</IncludeOutOfRange>
        <Approximate>0</Approximate>
        <HistCounts>1|0|0|0|0|0|0|0|0|0|0|0|0|1|0|0|0|0|0|0|0|0|0|0|0|0|0|0|0|0|0|0|0|0|0|0|0|0|0|0|0|0|0|0|0|0|1|1|1|0|0|1|1|0|1|0|0|1|0|0|0|1|2|1|2|2|1|1|1|3|2|6|1|3|0|2|8|4|2|2|3|3|3|5|3|6|5|6|5|9|7|8|6|12|6|8|7|9|3|7|8|6|8|5|6|10|11|10|12|14|9|8|10|12|15|17|9|22|23|19|19|20|23|26|16|21|21|22|28|37|39|23|30|43|46|45|42|37|46|43|51|43|54|57|41|48|51|44|54|61|49|54|57|59|51|60|66|71|64|53|40|46|37|49|57|42|38|35|25|35|27|26|20|30|29|33|34|21|26|20|36|33|24|28|19|24|25|24|26|34|26|24|33|22|29|29|24|28|27|19|31|10|26|19|25|18|30|15|20|21|23|21|12|16|10|6|6|8|12|11|6|7|7|2|2|3|6|2|4|1|5|4|1|1|1|0|0|0|0|0|0|0|0|0|0|0|0|1|0|0|0|0|0|0|0|1</HistCounts>
      </HistItem>
    </Histograms>
    <Metadata>
      <MDI key="STATISTICS_MINIMUM">0.17619000375271</MDI>
      <MDI key="STATISTICS_MAXIMUM">0.3306599855423</MDI>
      <MDI key="STATISTICS_MEAN">0.27134996249339</MDI>
      <MDI key="STATISTICS_STDDEV">0.019440551338441</MDI>
      <MDI key="STATISTICS_SKIPFACTORX">1</MDI>
      <MDI key="STATISTICS_SKIPFACTORY">1</MDI>
      <MDI key="STATISTICS_EXCLUDEDVALUES"></MDI>
      <MDI key="STATISTICS_COVARIANCES">3.77935036342542E-04</MDI>
    </Metadata>
  </PAMRasterBand>
</PAMDataset>
