<PAMDataset>
  <Metadata>
    <MDI key="DataType">Generic</MDI>
  </Metadata>
  <Metadata domain="Esri">
    <MDI key="PyramidResamplingType">NEAREST</MDI>
  </Metadata>
  <PAMRasterBand band="1">
    <Histograms>
      <HistItem>
        <HistMin>0.153549998998642</HistMin>
        <HistMax>0.3170399963855743</HistMax>
        <BucketCount>256</BucketCount>
        <IncludeOutOfRange>1</IncludeOutOfRange>
        <Approximate>0</Approximate>
        <HistCounts>2|0|0|0|0|0|0|0|0|0|0|1|0|0|2|0|2|3|2|1|0|1|4|0|0|2|2|2|2|1|1|1|2|0|3|1|3|0|2|2|0|1|2|1|5|1|2|1|1|1|1|1|5|3|2|2|2|5|2|5|6|5|3|5|9|10|14|6|4|7|4|12|10|10|11|14|9|10|12|7|17|14|18|16|17|15|21|28|26|20|14|31|21|15|29|21|34|22|26|26|14|17|24|18|21|31|24|30|42|38|37|39|54|51|59|46|60|41|45|44|43|42|48|41|39|25|24|22|35|29|28|25|26|20|24|44|25|29|33|27|37|34|37|39|32|22|32|34|34|42|37|30|35|33|32|30|30|22|21|26|37|29|27|31|22|30|33|30|25|27|31|18|27|22|26|24|25|33|31|33|24|13|18|36|22|28|19|18|22|19|20|13|13|14|9|11|9|9|10|11|9|4|8|4|8|7|3|7|10|7|6|5|5|5|4|4|2|4|5|6|3|2|4|1|2|2|1|3|2|0|0|0|0|0|0|0|0|0|0|0|1|0|0|0|0|0|0|0|0|0|0|0|0|0|0|1</HistCounts>
      </HistItem>
    </Histograms>
    <Metadata>
      <MDI key="STATISTICS_MINIMUM">0.15354999899864</MDI>
      <MDI key="STATISTICS_MAXIMUM">0.31703999638557</MDI>
      <MDI key="STATISTICS_MEAN">0.23985933911909</MDI>
      <MDI key="STATISTICS_STDDEV">0.024515604211059</MDI>
      <MDI key="STATISTICS_SKIPFACTORX">1</MDI>
      <MDI key="STATISTICS_SKIPFACTORY">1</MDI>
      <MDI key="STATISTICS_EXCLUDEDVALUES"></MDI>
      <MDI key="STATISTICS_COVARIANCES">6.01014849833287E-04</MDI>
    </Metadata>
  </PAMRasterBand>
</PAMDataset>
