<PAMDataset>
  <Metadata>
    <MDI key="DataType">Generic</MDI>
  </Metadata>
  <Metadata domain="Esri">
    <MDI key="PyramidResamplingType">NEAREST</MDI>
  </Metadata>
  <PAMRasterBand band="1">
    <Histograms>
      <HistItem>
        <HistMin>0.2548500001430512</HistMin>
        <HistMax>0.4444600045681</HistMax>
        <BucketCount>256</BucketCount>
        <IncludeOutOfRange>1</IncludeOutOfRange>
        <Approximate>0</Approximate>
        <HistCounts>1|0|0|0|0|0|0|0|0|0|0|0|0|0|0|0|0|0|0|0|0|0|0|0|0|0|0|1|0|0|0|0|0|0|0|0|0|0|0|0|0|0|0|0|0|0|0|0|0|0|0|0|0|0|0|0|0|0|0|0|0|0|0|0|0|0|0|0|0|0|0|0|0|0|0|0|0|0|0|0|0|0|0|1|0|0|0|0|0|1|0|0|5|7|7|3|3|5|3|1|0|1|2|1|2|6|8|2|6|11|11|12|6|8|17|12|8|8|11|10|9|7|8|11|11|19|15|19|42|81|63|58|51|40|36|27|17|16|12|17|13|18|15|17|18|25|38|23|13|19|17|14|12|8|21|9|6|12|11|19|12|12|15|12|11|22|16|22|25|20|31|26|24|26|21|15|22|13|14|15|23|21|23|29|22|30|31|45|27|25|31|36|30|35|38|38|37|51|46|58|59|63|74|74|95|90|98|86|84|81|63|76|74|45|46|50|39|24|24|25|30|19|25|8|19|18|13|7|17|14|9|9|6|10|6|18|4|9|8|10|14|9|13|6|5|7|10|1|4|1|2|0|0|2|0|1</HistCounts>
      </HistItem>
    </Histograms>
    <Metadata>
      <MDI key="STATISTICS_MINIMUM">0.25485000014305</MDI>
      <MDI key="STATISTICS_MAXIMUM">0.4444600045681</MDI>
      <MDI key="STATISTICS_MEAN">0.39010386207001</MDI>
      <MDI key="STATISTICS_STDDEV">0.026583764044304</MDI>
      <MDI key="STATISTICS_SKIPFACTORX">1</MDI>
      <MDI key="STATISTICS_SKIPFACTORY">1</MDI>
      <MDI key="STATISTICS_EXCLUDEDVALUES"></MDI>
      <MDI key="STATISTICS_COVARIANCES">7.0669651076321E-04</MDI>
    </Metadata>
  </PAMRasterBand>
</PAMDataset>
