<PAMDataset>
  <Metadata>
    <MDI key="DataType">Generic</MDI>
  </Metadata>
  <Metadata domain="Esri">
    <MDI key="PyramidResamplingType">NEAREST</MDI>
  </Metadata>
  <PAMRasterBand band="1">
    <Histograms>
      <HistItem>
        <HistMin>0.1465400010347366</HistMin>
        <HistMax>0.3467000126838684</HistMax>
        <BucketCount>256</BucketCount>
        <IncludeOutOfRange>1</IncludeOutOfRange>
        <Approximate>0</Approximate>
        <HistCounts>1|0|0|0|0|0|0|2|3|2|1|0|0|0|1|1|3|0|1|0|1|1|1|1|3|3|1|5|1|1|0|1|0|2|0|1|2|4|2|1|2|3|2|4|2|3|3|2|4|5|6|2|7|5|6|2|10|16|14|17|23|29|17|11|6|15|10|18|9|4|10|6|9|15|12|10|10|17|12|15|19|22|30|32|29|30|38|51|79|104|119|78|62|51|57|43|52|39|55|58|45|38|48|45|41|22|27|31|19|18|28|31|28|30|14|23|22|15|19|20|29|23|22|19|16|37|28|34|36|24|22|24|26|18|24|32|32|51|39|45|36|31|31|32|38|53|73|52|60|55|42|39|54|45|33|52|34|33|27|23|27|37|24|22|15|8|19|9|16|10|6|11|12|7|6|3|9|2|6|3|2|3|2|1|1|0|0|1|0|0|0|1|0|0|0|0|0|0|0|0|0|1|0|0|0|0|0|0|0|0|0|0|0|0|0|0|0|0|0|0|0|0|0|1|0|0|0|0|0|0|0|0|0|0|0|0|0|0|0|0|0|0|0|0|0|0|0|0|0|0|0|0|0|0|0|1</HistCounts>
      </HistItem>
    </Histograms>
    <Metadata>
      <MDI key="STATISTICS_MINIMUM">0.14654000103474</MDI>
      <MDI key="STATISTICS_MAXIMUM">0.34670001268387</MDI>
      <MDI key="STATISTICS_MEAN">0.23695301811755</MDI>
      <MDI key="STATISTICS_STDDEV">0.025804995720613</MDI>
      <MDI key="STATISTICS_SKIPFACTORX">1</MDI>
      <MDI key="STATISTICS_SKIPFACTORY">1</MDI>
      <MDI key="STATISTICS_EXCLUDEDVALUES"></MDI>
      <MDI key="STATISTICS_COVARIANCES">6.65897804140853E-04</MDI>
    </Metadata>
  </PAMRasterBand>
</PAMDataset>
