<PAMDataset>
  <Metadata>
    <MDI key="DataType">Generic</MDI>
  </Metadata>
  <Metadata domain="Esri">
    <MDI key="PyramidResamplingType">NEAREST</MDI>
  </Metadata>
  <PAMRasterBand band="1">
    <Histograms>
      <HistItem>
        <HistMin>0.1563300043344498</HistMin>
        <HistMax>0.3229599893093109</HistMax>
        <BucketCount>256</BucketCount>
        <IncludeOutOfRange>1</IncludeOutOfRange>
        <Approximate>0</Approximate>
        <HistCounts>1|0|0|0|0|0|0|0|0|0|0|0|0|0|0|0|0|0|0|0|0|0|0|0|0|1|0|0|0|0|0|0|0|0|0|0|0|0|0|0|0|0|0|0|0|0|0|1|0|0|0|0|0|0|3|1|0|0|2|1|1|1|1|0|0|1|2|4|3|1|3|2|3|5|4|4|3|6|3|3|3|3|6|2|7|5|4|7|8|5|7|9|5|9|9|3|4|6|7|11|7|6|11|5|6|5|8|8|4|4|6|7|5|5|7|8|8|10|10|4|8|7|11|5|18|15|13|20|15|16|13|17|17|29|20|15|29|20|15|40|25|38|21|28|37|29|36|38|40|42|50|54|45|43|52|56|62|65|58|67|73|63|67|71|53|39|34|47|39|50|51|58|44|26|44|44|51|39|53|45|47|51|42|60|42|37|30|40|48|34|48|54|34|28|32|32|28|14|34|23|22|25|18|14|15|18|11|11|14|7|13|21|12|21|15|14|15|12|16|10|10|6|10|11|11|8|4|16|9|7|2|2|5|3|2|1|0|4|0|1|2|2|1|4|1|0|2|0|0|0|0|0|0|0|0|1</HistCounts>
      </HistItem>
    </Histograms>
    <Metadata>
      <MDI key="STATISTICS_MINIMUM">0.15633000433445</MDI>
      <MDI key="STATISTICS_MAXIMUM">0.32295998930931</MDI>
      <MDI key="STATISTICS_MEAN">0.2638816876826</MDI>
      <MDI key="STATISTICS_STDDEV">0.020979323486354</MDI>
      <MDI key="STATISTICS_SKIPFACTORX">1</MDI>
      <MDI key="STATISTICS_SKIPFACTORY">1</MDI>
      <MDI key="STATISTICS_EXCLUDEDVALUES"></MDI>
      <MDI key="STATISTICS_COVARIANCES">4.40132013945076E-04</MDI>
    </Metadata>
  </PAMRasterBand>
</PAMDataset>
