<PAMDataset>
  <Metadata>
    <MDI key="DataType">Generic</MDI>
  </Metadata>
  <Metadata domain="Esri">
    <MDI key="PyramidResamplingType">NEAREST</MDI>
  </Metadata>
  <PAMRasterBand band="1">
    <Histograms>
      <HistItem>
        <HistMin>0.136680006980896</HistMin>
        <HistMax>0.315420001745224</HistMax>
        <BucketCount>256</BucketCount>
        <IncludeOutOfRange>1</IncludeOutOfRange>
        <Approximate>0</Approximate>
        <HistCounts>1|0|0|0|0|0|0|0|0|0|0|0|0|0|0|0|0|0|0|0|0|0|0|0|0|0|0|0|0|0|0|0|0|0|0|0|0|0|0|0|0|1|0|0|1|0|0|0|0|0|0|0|0|0|0|0|0|0|0|0|0|0|0|0|0|0|0|1|0|1|1|1|1|1|1|1|0|0|0|2|4|3|4|5|1|4|4|2|4|2|1|10|5|4|6|3|7|4|6|5|4|5|4|6|5|10|15|10|8|6|9|8|10|4|7|4|3|10|6|7|10|4|7|10|3|8|8|10|5|12|13|14|9|18|11|12|13|13|20|16|16|22|14|19|28|22|30|32|32|32|38|41|35|28|40|48|46|58|50|58|50|44|55|61|60|70|63|66|47|69|80|53|36|58|47|45|52|62|52|53|43|60|48|47|47|45|47|37|41|39|53|50|45|38|40|36|35|37|28|31|38|25|31|22|27|29|23|29|20|17|20|11|23|12|23|27|15|11|16|17|15|10|14|10|10|8|11|9|11|12|8|14|4|6|0|5|2|2|0|3|2|1|3|3|5|2|0|0|0|0|1|0|0|0|0|1</HistCounts>
      </HistItem>
    </Histograms>
    <Metadata>
      <MDI key="STATISTICS_MINIMUM">0.1366800069809</MDI>
      <MDI key="STATISTICS_MAXIMUM">0.31542000174522</MDI>
      <MDI key="STATISTICS_MEAN">0.25696845476793</MDI>
      <MDI key="STATISTICS_STDDEV">0.021205180677249</MDI>
      <MDI key="STATISTICS_SKIPFACTORX">1</MDI>
      <MDI key="STATISTICS_SKIPFACTORY">1</MDI>
      <MDI key="STATISTICS_EXCLUDEDVALUES"></MDI>
      <MDI key="STATISTICS_COVARIANCES">4.49659687554771E-04</MDI>
    </Metadata>
  </PAMRasterBand>
</PAMDataset>
