<PAMDataset>
  <Metadata>
    <MDI key="DataType">Generic</MDI>
  </Metadata>
  <Metadata domain="Esri">
    <MDI key="PyramidResamplingType">NEAREST</MDI>
  </Metadata>
  <PAMRasterBand band="1">
    <Histograms>
      <HistItem>
        <HistMin>0.1975799947977066</HistMin>
        <HistMax>0.3548600077629089</HistMax>
        <BucketCount>256</BucketCount>
        <IncludeOutOfRange>1</IncludeOutOfRange>
        <Approximate>0</Approximate>
        <HistCounts>1|0|0|0|0|0|0|0|1|0|0|0|0|0|0|0|0|0|0|0|0|0|0|0|0|0|0|0|0|0|0|0|0|0|0|0|0|0|0|0|0|0|0|0|0|0|0|0|0|0|0|0|0|0|0|0|1|0|0|0|0|0|0|0|1|0|0|0|2|2|1|1|3|0|1|2|1|1|2|4|3|3|2|2|1|3|9|6|4|6|6|3|7|4|3|5|5|6|4|10|5|12|6|3|12|4|4|8|14|14|14|13|10|8|9|5|8|15|14|12|9|12|13|14|8|19|16|12|20|31|32|30|33|33|34|34|34|24|40|35|25|18|40|44|48|46|55|45|65|62|62|57|39|51|54|44|39|41|52|43|35|37|45|40|52|53|49|64|46|51|38|52|52|38|43|57|50|50|50|43|43|38|39|51|39|44|44|41|36|45|47|38|38|32|33|45|31|25|23|36|15|13|15|16|19|23|21|13|13|14|5|12|14|8|8|6|11|15|8|6|10|7|3|3|1|3|3|1|1|0|0|0|0|0|0|1|0|0|0|0|0|0|0|0|0|0|0|0|0|0|0|0|0|0|0|1</HistCounts>
      </HistItem>
    </Histograms>
    <Metadata>
      <MDI key="STATISTICS_MINIMUM">0.19757999479771</MDI>
      <MDI key="STATISTICS_MAXIMUM">0.35486000776291</MDI>
      <MDI key="STATISTICS_MEAN">0.29735110165915</MDI>
      <MDI key="STATISTICS_STDDEV">0.018000018720906</MDI>
      <MDI key="STATISTICS_SKIPFACTORX">1</MDI>
      <MDI key="STATISTICS_SKIPFACTORY">1</MDI>
      <MDI key="STATISTICS_EXCLUDEDVALUES"></MDI>
      <MDI key="STATISTICS_COVARIANCES">3.24000673952983E-04</MDI>
    </Metadata>
  </PAMRasterBand>
</PAMDataset>
