<PAMDataset>
  <Metadata>
    <MDI key="DataType">Generic</MDI>
  </Metadata>
  <Metadata domain="Esri">
    <MDI key="PyramidResamplingType">NEAREST</MDI>
  </Metadata>
  <PAMRasterBand band="1">
    <Histograms>
      <HistItem>
        <HistMin>0.2646400034427643</HistMin>
        <HistMax>0.4431799948215485</HistMax>
        <BucketCount>256</BucketCount>
        <IncludeOutOfRange>1</IncludeOutOfRange>
        <Approximate>0</Approximate>
        <HistCounts>1|0|0|0|0|0|0|0|1|0|0|0|0|0|0|0|0|0|0|0|0|0|0|0|0|0|0|0|0|0|0|0|0|0|0|0|0|0|0|0|0|0|0|0|0|0|0|0|0|0|0|0|0|0|0|0|0|0|0|0|0|0|0|0|0|0|0|0|0|0|0|0|0|0|0|0|0|0|0|0|1|1|1|2|7|11|3|4|2|1|2|1|0|2|1|4|1|2|6|7|9|10|9|12|15|8|13|16|15|10|11|6|8|7|8|9|6|9|13|25|39|56|70|66|62|43|32|25|16|20|17|12|12|14|15|11|11|16|25|34|25|17|15|17|12|12|7|13|8|7|15|10|12|12|11|16|11|13|20|19|10|23|20|26|24|17|24|17|18|16|26|27|11|15|22|15|12|15|26|29|21|30|41|36|46|43|38|29|19|31|24|30|34|29|55|50|49|71|66|67|72|69|73|61|53|54|42|31|55|48|55|37|48|42|52|48|53|38|36|43|28|28|27|38|18|12|15|13|15|15|12|8|6|5|8|6|11|7|10|11|7|10|5|12|5|8|3|4|8|1|1|2|0|1|0|1</HistCounts>
      </HistItem>
    </Histograms>
    <Metadata>
      <MDI key="STATISTICS_MINIMUM">0.26464000344276</MDI>
      <MDI key="STATISTICS_MAXIMUM">0.44317999482155</MDI>
      <MDI key="STATISTICS_MEAN">0.38925292676285</MDI>
      <MDI key="STATISTICS_STDDEV">0.027063456868999</MDI>
      <MDI key="STATISTICS_SKIPFACTORX">1</MDI>
      <MDI key="STATISTICS_SKIPFACTORY">1</MDI>
      <MDI key="STATISTICS_EXCLUDEDVALUES"></MDI>
      <MDI key="STATISTICS_COVARIANCES">7.3243069770017E-04</MDI>
    </Metadata>
  </PAMRasterBand>
</PAMDataset>
