<PAMDataset>
  <Metadata>
    <MDI key="DataType">Generic</MDI>
  </Metadata>
  <Metadata domain="Esri">
    <MDI key="PyramidResamplingType">NEAREST</MDI>
  </Metadata>
  <PAMRasterBand band="1">
    <Histograms>
      <HistItem>
        <HistMin>0.1767999976873398</HistMin>
        <HistMax>0.3559699952602387</HistMax>
        <BucketCount>256</BucketCount>
        <IncludeOutOfRange>1</IncludeOutOfRange>
        <Approximate>0</Approximate>
        <HistCounts>4|2|2|0|0|1|1|1|2|0|0|0|3|0|0|0|0|1|2|2|1|2|1|1|1|0|0|2|1|1|0|0|1|2|2|1|2|2|1|3|2|6|1|4|3|1|2|2|5|4|3|3|8|5|11|15|6|11|10|11|25|18|8|17|12|14|11|12|12|11|5|14|16|6|14|12|10|11|12|21|16|15|16|18|22|21|20|22|22|27|29|49|49|68|51|56|43|60|48|36|26|30|39|38|39|36|51|45|44|46|41|47|42|39|53|39|30|25|26|21|14|37|13|22|26|16|19|24|35|35|31|29|28|29|33|29|28|31|27|47|38|55|39|42|24|29|35|39|48|44|41|46|38|36|27|19|33|29|28|25|17|21|16|22|26|22|18|23|20|22|16|19|16|19|11|15|22|24|17|22|16|15|9|15|7|12|8|9|10|7|5|6|12|2|9|5|7|7|3|5|3|4|6|3|0|2|1|1|2|1|2|2|0|0|1|0|1|0|1|0|0|0|0|1|0|0|0|0|0|0|0|0|0|0|0|0|0|0|0|0|0|0|0|0|0|0|0|0|0|0|0|0|0|0|0|1</HistCounts>
      </HistItem>
    </Histograms>
    <Metadata>
      <MDI key="STATISTICS_MINIMUM">0.17679999768734</MDI>
      <MDI key="STATISTICS_MAXIMUM">0.35596999526024</MDI>
      <MDI key="STATISTICS_MEAN">0.26273879875774</MDI>
      <MDI key="STATISTICS_STDDEV">0.025760682777709</MDI>
      <MDI key="STATISTICS_SKIPFACTORX">1</MDI>
      <MDI key="STATISTICS_SKIPFACTORY">1</MDI>
      <MDI key="STATISTICS_EXCLUDEDVALUES"></MDI>
      <MDI key="STATISTICS_COVARIANCES">6.63612777173766E-04</MDI>
    </Metadata>
  </PAMRasterBand>
</PAMDataset>
