<PAMDataset>
  <Metadata>
    <MDI key="DataType">Generic</MDI>
  </Metadata>
  <Metadata domain="Esri">
    <MDI key="PyramidResamplingType">NEAREST</MDI>
  </Metadata>
  <PAMRasterBand band="1">
    <Histograms>
      <HistItem>
        <HistMin>0.1705500036478043</HistMin>
        <HistMax>0.3343200087547302</HistMax>
        <BucketCount>256</BucketCount>
        <IncludeOutOfRange>1</IncludeOutOfRange>
        <Approximate>0</Approximate>
        <HistCounts>1|0|1|0|0|0|1|2|1|1|1|0|1|2|1|1|0|0|2|2|0|1|0|1|0|1|2|2|1|1|0|0|2|1|0|2|0|2|0|0|1|2|2|2|1|0|0|3|1|1|2|5|5|6|3|4|10|5|7|9|12|7|17|21|26|13|13|8|13|11|10|9|8|11|5|3|5|7|6|10|9|11|7|10|17|7|10|13|12|20|13|13|19|19|19|21|17|23|31|34|34|50|73|44|37|42|45|42|33|41|37|28|25|22|25|35|31|23|30|36|49|58|44|58|46|49|57|32|37|23|15|15|17|15|17|18|13|23|25|25|28|36|26|34|27|18|20|21|13|20|24|12|28|30|31|28|33|24|38|47|42|40|31|28|28|32|31|32|30|32|32|30|29|23|22|15|27|24|26|37|24|30|33|26|22|34|21|22|20|14|22|22|15|18|14|20|27|20|23|19|11|19|14|9|11|8|5|4|9|10|3|4|5|3|1|0|2|3|3|3|1|2|1|3|0|0|0|0|0|0|0|0|0|0|0|0|0|0|0|0|0|0|0|0|0|0|0|0|0|0|0|0|0|0|1|0</HistCounts>
      </HistItem>
    </Histograms>
    <Metadata>
      <MDI key="STATISTICS_MINIMUM">0.1705500036478</MDI>
      <MDI key="STATISTICS_MAXIMUM">0.33432000875473</MDI>
      <MDI key="STATISTICS_MEAN">0.25746059913496</MDI>
      <MDI key="STATISTICS_STDDEV">0.025715188237142</MDI>
      <MDI key="STATISTICS_SKIPFACTORX">1</MDI>
      <MDI key="STATISTICS_SKIPFACTORY">1</MDI>
      <MDI key="STATISTICS_EXCLUDEDVALUES"></MDI>
      <MDI key="STATISTICS_COVARIANCES">6.61270906071668E-04</MDI>
    </Metadata>
  </PAMRasterBand>
</PAMDataset>
