<PAMDataset>
  <Metadata>
    <MDI key="DataType">Generic</MDI>
  </Metadata>
  <Metadata domain="Esri">
    <MDI key="PyramidResamplingType">NEAREST</MDI>
  </Metadata>
  <PAMRasterBand band="1">
    <Histograms>
      <HistItem>
        <HistMin>0.2454500049352646</HistMin>
        <HistMax>0.4449599981307983</HistMax>
        <BucketCount>256</BucketCount>
        <IncludeOutOfRange>1</IncludeOutOfRange>
        <Approximate>0</Approximate>
        <HistCounts>1|0|0|0|0|0|0|0|0|0|0|0|0|0|0|0|0|0|0|0|0|0|0|0|0|0|0|0|0|0|0|0|0|0|0|0|1|0|0|0|0|0|0|0|0|0|0|0|0|0|0|0|0|0|0|0|0|0|0|0|0|0|0|0|0|0|0|0|0|0|0|0|0|0|0|0|0|0|0|0|1|0|0|0|0|0|0|0|0|0|1|2|0|0|0|0|1|1|1|1|0|6|10|5|5|3|2|0|1|3|1|4|0|5|10|6|8|6|12|12|7|15|14|19|9|5|12|5|9|12|17|28|25|44|80|64|65|59|30|12|28|18|15|20|17|17|16|17|25|23|24|25|17|15|21|14|15|9|11|9|14|10|17|15|13|17|12|19|18|18|10|26|17|26|28|26|33|20|18|21|26|13|14|16|38|24|27|26|38|44|37|39|39|32|17|38|36|32|19|32|34|53|69|86|78|71|96|95|76|45|57|61|57|65|71|88|92|61|32|38|32|38|27|31|23|19|22|16|13|13|17|12|16|14|8|8|7|5|11|11|8|13|9|15|15|4|10|7|2|2|2|2|0|1|1|1</HistCounts>
      </HistItem>
    </Histograms>
    <Metadata>
      <MDI key="STATISTICS_MINIMUM">0.24545000493526</MDI>
      <MDI key="STATISTICS_MAXIMUM">0.4449599981308</MDI>
      <MDI key="STATISTICS_MEAN">0.39066709484329</MDI>
      <MDI key="STATISTICS_STDDEV">0.027176874769555</MDI>
      <MDI key="STATISTICS_SKIPFACTORX">1</MDI>
      <MDI key="STATISTICS_SKIPFACTORY">1</MDI>
      <MDI key="STATISTICS_EXCLUDEDVALUES"></MDI>
      <MDI key="STATISTICS_COVARIANCES">7.38582522240056E-04</MDI>
    </Metadata>
  </PAMRasterBand>
</PAMDataset>
