<PAMDataset>
  <Metadata>
    <MDI key="DataType">Generic</MDI>
  </Metadata>
  <Metadata domain="Esri">
    <MDI key="PyramidResamplingType">NEAREST</MDI>
  </Metadata>
  <PAMRasterBand band="1">
    <Histograms>
      <HistItem>
        <HistMin>0.2078000009059906</HistMin>
        <HistMax>0.3497200012207031</HistMax>
        <BucketCount>256</BucketCount>
        <IncludeOutOfRange>1</IncludeOutOfRange>
        <Approximate>0</Approximate>
        <HistCounts>1|0|0|0|0|1|0|0|0|0|0|0|0|0|0|0|0|0|0|0|0|0|0|0|0|0|0|0|0|0|0|0|0|0|0|0|0|0|0|0|0|0|0|0|0|1|0|0|0|0|0|0|1|0|0|0|2|0|3|3|2|2|0|1|2|1|2|4|2|5|2|1|6|2|3|4|5|6|4|5|4|4|8|9|4|7|4|4|5|0|8|9|9|3|1|9|9|8|4|6|8|7|6|9|10|9|14|8|21|5|8|11|17|9|8|13|5|13|7|16|13|9|11|13|19|23|20|22|15|19|17|20|27|28|22|32|25|29|39|34|38|24|47|40|32|47|46|32|35|58|60|63|55|50|51|53|58|48|35|55|42|31|35|40|51|30|39|25|21|33|31|30|41|39|37|44|34|41|45|40|27|27|44|48|29|28|42|45|30|39|30|37|43|32|22|38|29|31|31|29|28|14|22|25|21|21|14|20|14|10|12|18|22|17|19|18|12|13|12|13|13|12|14|16|8|20|6|7|7|9|6|8|8|8|6|5|3|7|5|7|12|4|4|5|4|4|0|1|1|0|0|0|0|0|1|1</HistCounts>
      </HistItem>
    </Histograms>
    <Metadata>
      <MDI key="STATISTICS_MINIMUM">0.20780000090599</MDI>
      <MDI key="STATISTICS_MAXIMUM">0.3497200012207</MDI>
      <MDI key="STATISTICS_MEAN">0.29894290766755</MDI>
      <MDI key="STATISTICS_STDDEV">0.019873385481215</MDI>
      <MDI key="STATISTICS_SKIPFACTORX">1</MDI>
      <MDI key="STATISTICS_SKIPFACTORY">1</MDI>
      <MDI key="STATISTICS_EXCLUDEDVALUES"></MDI>
      <MDI key="STATISTICS_COVARIANCES">3.94951450484955E-04</MDI>
    </Metadata>
  </PAMRasterBand>
</PAMDataset>
