<PAMDataset>
  <Metadata>
    <MDI key="DataType">Generic</MDI>
  </Metadata>
  <Metadata domain="Esri">
    <MDI key="PyramidResamplingType">NEAREST</MDI>
  </Metadata>
  <PAMRasterBand band="1">
    <Histograms>
      <HistItem>
        <HistMin>0.1893399953842163</HistMin>
        <HistMax>0.3620699942111969</HistMax>
        <BucketCount>256</BucketCount>
        <IncludeOutOfRange>1</IncludeOutOfRange>
        <Approximate>0</Approximate>
        <HistCounts>1|0|0|1|1|0|2|1|1|0|2|0|1|0|0|0|1|0|1|1|0|2|2|1|3|2|0|0|0|2|0|0|0|0|1|1|0|1|0|4|3|3|2|1|2|1|1|2|3|2|4|4|4|8|4|9|5|7|3|6|8|9|5|7|9|10|9|15|17|17|10|13|10|13|10|10|12|9|9|13|10|11|18|19|8|19|15|21|9|16|10|21|16|22|24|18|19|24|41|35|48|49|38|41|50|45|28|29|18|28|25|19|17|16|22|25|26|28|27|16|28|29|30|44|42|40|36|40|32|45|39|41|35|46|26|43|37|31|38|38|48|33|43|47|50|56|59|58|53|48|40|45|50|62|47|44|49|45|43|37|39|32|36|36|33|23|33|28|33|26|26|23|28|28|25|22|26|30|24|24|15|13|17|6|5|12|4|4|17|4|17|7|6|7|4|0|1|1|4|0|0|1|2|3|0|2|2|1|1|0|0|0|0|0|0|0|0|0|0|0|0|0|0|0|0|0|0|0|0|0|0|0|0|0|0|0|0|0|0|0|0|0|0|0|0|0|0|0|0|0|0|0|0|0|0|1</HistCounts>
      </HistItem>
    </Histograms>
    <Metadata>
      <MDI key="STATISTICS_MINIMUM">0.18933999538422</MDI>
      <MDI key="STATISTICS_MAXIMUM">0.3620699942112</MDI>
      <MDI key="STATISTICS_MEAN">0.27770842765567</MDI>
      <MDI key="STATISTICS_STDDEV">0.023173213056572</MDI>
      <MDI key="STATISTICS_SKIPFACTORX">1</MDI>
      <MDI key="STATISTICS_SKIPFACTORY">1</MDI>
      <MDI key="STATISTICS_EXCLUDEDVALUES"></MDI>
      <MDI key="STATISTICS_COVARIANCES">5.36997803365289E-04</MDI>
    </Metadata>
  </PAMRasterBand>
</PAMDataset>
