<PAMDataset>
  <Metadata>
    <MDI key="DataType">Generic</MDI>
  </Metadata>
  <Metadata domain="Esri">
    <MDI key="PyramidResamplingType">NEAREST</MDI>
  </Metadata>
  <PAMRasterBand band="1">
    <Histograms>
      <HistItem>
        <HistMin>0.2369100004434586</HistMin>
        <HistMax>0.4024499952793121</HistMax>
        <BucketCount>256</BucketCount>
        <IncludeOutOfRange>1</IncludeOutOfRange>
        <Approximate>0</Approximate>
        <HistCounts>1|0|0|0|0|0|0|0|0|0|0|0|0|0|0|0|1|0|0|0|0|0|0|0|0|0|0|0|0|0|0|0|0|0|0|0|0|0|0|0|0|0|0|0|0|0|0|0|0|0|0|0|0|0|0|0|0|0|0|0|0|0|0|0|0|0|0|0|0|0|0|0|0|0|0|0|0|0|0|0|0|0|0|0|0|0|0|0|0|1|0|0|0|0|1|2|1|4|1|4|0|10|6|7|6|2|6|7|5|8|4|5|5|2|5|6|6|3|5|12|10|5|7|5|0|10|12|9|18|10|3|5|13|17|19|19|19|34|35|36|47|57|67|73|60|69|46|40|32|28|21|20|25|31|28|24|25|17|14|21|18|18|21|23|21|8|19|26|22|18|19|21|19|18|18|11|14|15|16|18|10|14|15|19|19|22|23|32|20|35|42|35|44|54|52|44|64|58|70|64|67|61|58|87|82|61|83|53|44|54|64|53|57|55|37|40|35|27|22|24|32|26|24|24|20|32|18|27|19|30|18|20|14|12|14|6|6|6|3|9|7|6|5|5|2|6|2|4|0|2|1|0|0|0|0|1</HistCounts>
      </HistItem>
    </Histograms>
    <Metadata>
      <MDI key="STATISTICS_MINIMUM">0.23691000044346</MDI>
      <MDI key="STATISTICS_MAXIMUM">0.40244999527931</MDI>
      <MDI key="STATISTICS_MEAN">0.35530679665548</MDI>
      <MDI key="STATISTICS_STDDEV">0.02175995962133</MDI>
      <MDI key="STATISTICS_SKIPFACTORX">1</MDI>
      <MDI key="STATISTICS_SKIPFACTORY">1</MDI>
      <MDI key="STATISTICS_EXCLUDEDVALUES"></MDI>
      <MDI key="STATISTICS_COVARIANCES">4.73495842721932E-04</MDI>
    </Metadata>
  </PAMRasterBand>
</PAMDataset>
