<PAMDataset>
  <Metadata>
    <MDI key="DataType">Generic</MDI>
  </Metadata>
  <Metadata domain="Esri">
    <MDI key="PyramidResamplingType">NEAREST</MDI>
  </Metadata>
  <PAMRasterBand band="1">
    <Histograms>
      <HistItem>
        <HistMin>0.2768299877643585</HistMin>
        <HistMax>0.465149998664856</HistMax>
        <BucketCount>256</BucketCount>
        <IncludeOutOfRange>1</IncludeOutOfRange>
        <Approximate>0</Approximate>
        <HistCounts>1|0|0|0|0|0|0|0|0|0|0|0|0|0|0|0|0|0|0|0|1|0|0|0|0|0|0|0|0|0|0|0|0|0|0|0|0|0|0|0|0|0|0|0|0|0|0|0|0|0|0|0|0|0|0|0|0|0|0|0|0|0|0|0|0|0|0|0|0|0|0|0|0|0|0|2|0|1|5|7|8|3|4|3|2|3|5|1|4|2|6|3|5|4|8|4|6|16|17|17|8|11|18|25|16|25|28|16|25|21|29|23|19|27|25|37|26|25|22|13|27|13|30|18|15|24|21|18|30|23|23|16|20|17|15|14|14|19|17|13|19|10|15|17|13|23|15|18|12|14|7|7|10|21|23|12|18|20|20|30|19|24|15|19|22|21|12|20|20|20|17|23|28|15|25|33|36|42|35|42|23|35|31|33|39|37|59|49|64|65|47|53|45|52|40|56|59|56|61|58|53|60|48|74|72|61|63|47|51|50|39|46|26|18|19|18|12|17|11|9|10|12|14|12|9|13|5|5|9|6|11|12|3|7|8|11|9|4|5|5|3|3|2|1|1|2|1|2|0|0|2|1|0|0|0|1</HistCounts>
      </HistItem>
    </Histograms>
    <Metadata>
      <MDI key="STATISTICS_MINIMUM">0.27682998776436</MDI>
      <MDI key="STATISTICS_MAXIMUM">0.46514999866486</MDI>
      <MDI key="STATISTICS_MEAN">0.40294308243212</MDI>
      <MDI key="STATISTICS_STDDEV">0.02848821700852</MDI>
      <MDI key="STATISTICS_SKIPFACTORX">1</MDI>
      <MDI key="STATISTICS_SKIPFACTORY">1</MDI>
      <MDI key="STATISTICS_EXCLUDEDVALUES"></MDI>
      <MDI key="STATISTICS_COVARIANCES">8.11578508324523E-04</MDI>
    </Metadata>
  </PAMRasterBand>
</PAMDataset>
