<PAMDataset>
  <Metadata>
    <MDI key="DataType">Generic</MDI>
  </Metadata>
  <Metadata domain="Esri">
    <MDI key="PyramidResamplingType">NEAREST</MDI>
  </Metadata>
  <PAMRasterBand band="1">
    <Histograms>
      <HistItem>
        <HistMin>0.2795099914073944</HistMin>
        <HistMax>0.4507600069046021</HistMax>
        <BucketCount>256</BucketCount>
        <IncludeOutOfRange>1</IncludeOutOfRange>
        <Approximate>0</Approximate>
        <HistCounts>1|0|0|0|0|0|0|0|1|0|0|0|0|0|0|0|0|0|0|0|0|0|0|0|0|0|0|0|0|0|0|0|0|0|0|0|0|0|0|0|0|0|0|0|0|0|0|0|0|0|0|0|0|0|0|0|0|0|0|0|0|0|0|0|0|0|0|0|1|3|3|7|3|1|3|4|3|0|0|1|2|2|2|0|0|8|2|1|4|11|16|6|6|7|9|16|3|5|7|6|6|13|7|9|18|13|16|13|21|19|29|31|29|69|55|70|45|37|27|19|21|15|10|15|5|13|14|8|13|13|21|16|23|27|12|19|12|10|8|14|18|13|6|17|14|6|11|14|10|12|9|14|15|22|21|22|16|24|23|23|18|16|15|9|24|25|18|13|21|14|10|21|17|20|24|19|22|27|28|35|43|23|30|29|41|42|30|34|33|54|37|50|59|64|71|58|51|64|64|76|69|72|92|72|63|50|50|53|49|45|39|35|21|29|22|28|22|17|17|10|9|10|10|14|13|16|7|9|12|8|6|4|12|8|8|10|10|9|10|4|6|9|4|5|3|3|3|0|0|1|2|1|0|0|2|0</HistCounts>
      </HistItem>
    </Histograms>
    <Metadata>
      <MDI key="STATISTICS_MINIMUM">0.27950999140739</MDI>
      <MDI key="STATISTICS_MAXIMUM">0.4507600069046</MDI>
      <MDI key="STATISTICS_MEAN">0.39480571338676</MDI>
      <MDI key="STATISTICS_STDDEV">0.026930502060894</MDI>
      <MDI key="STATISTICS_SKIPFACTORX">1</MDI>
      <MDI key="STATISTICS_SKIPFACTORY">1</MDI>
      <MDI key="STATISTICS_EXCLUDEDVALUES"></MDI>
      <MDI key="STATISTICS_COVARIANCES">7.25251941251816E-04</MDI>
    </Metadata>
  </PAMRasterBand>
</PAMDataset>
