<PAMDataset>
  <Metadata>
    <MDI key="DataType">Generic</MDI>
  </Metadata>
  <Metadata domain="Esri">
    <MDI key="PyramidResamplingType">NEAREST</MDI>
  </Metadata>
  <PAMRasterBand band="1">
    <Histograms>
      <HistItem>
        <HistMin>0.2249999940395355</HistMin>
        <HistMax>0.3629299998283386</HistMax>
        <BucketCount>256</BucketCount>
        <IncludeOutOfRange>1</IncludeOutOfRange>
        <Approximate>0</Approximate>
        <HistCounts>2|1|0|0|0|0|0|0|1|1|0|2|0|1|2|2|0|0|2|0|4|3|2|7|1|4|2|2|2|5|7|7|3|4|2|1|1|2|1|3|4|4|5|4|1|1|3|3|2|3|10|3|3|12|2|7|2|2|5|4|5|6|11|5|4|6|7|17|9|13|11|14|12|15|20|16|17|18|19|15|19|24|23|25|33|38|39|32|30|43|41|32|40|41|30|56|37|32|32|27|27|18|29|25|21|25|31|26|22|29|29|22|17|17|25|14|17|23|23|15|10|22|13|11|11|18|13|16|9|14|16|9|12|9|11|14|9|13|10|15|20|12|7|16|15|16|10|10|27|16|14|11|13|12|15|9|10|12|8|18|15|16|19|17|17|19|15|13|13|17|20|11|15|25|27|22|20|17|19|25|25|24|23|22|30|16|22|36|23|18|29|30|33|18|36|37|44|40|35|29|45|46|37|53|44|41|37|40|48|33|25|20|23|18|18|18|19|18|14|13|20|10|10|12|6|10|11|6|6|10|3|5|3|1|3|1|2|3|1|0|1|0|0|0|0|0|2|0|0|0|0|0|0|0|0|1</HistCounts>
      </HistItem>
    </Histograms>
    <Metadata>
      <MDI key="STATISTICS_MINIMUM">0.22499999403954</MDI>
      <MDI key="STATISTICS_MAXIMUM">0.36292999982834</MDI>
      <MDI key="STATISTICS_MEAN">0.30260854601075</MDI>
      <MDI key="STATISTICS_STDDEV">0.02877533202551</MDI>
      <MDI key="STATISTICS_SKIPFACTORX">1</MDI>
      <MDI key="STATISTICS_SKIPFACTORY">1</MDI>
      <MDI key="STATISTICS_EXCLUDEDVALUES"></MDI>
      <MDI key="STATISTICS_COVARIANCES">8.28019733178366E-04</MDI>
    </Metadata>
  </PAMRasterBand>
</PAMDataset>
