<PAMDataset>
  <Metadata>
    <MDI key="DataType">Generic</MDI>
  </Metadata>
  <Metadata domain="Esri">
    <MDI key="PyramidResamplingType">NEAREST</MDI>
  </Metadata>
  <PAMRasterBand band="1">
    <Histograms>
      <HistItem>
        <HistMin>0.1928099989891052</HistMin>
        <HistMax>0.3501299917697907</HistMax>
        <BucketCount>256</BucketCount>
        <IncludeOutOfRange>1</IncludeOutOfRange>
        <Approximate>0</Approximate>
        <HistCounts>1|1|0|0|1|1|2|0|2|0|0|1|1|1|2|1|1|0|2|2|0|2|4|2|6|4|3|5|6|4|7|9|7|5|7|4|8|5|6|7|7|5|4|4|3|4|6|5|7|7|6|9|7|16|27|23|27|43|38|40|23|33|30|24|34|33|32|39|39|31|34|26|27|33|25|30|21|31|20|19|22|23|25|20|21|28|25|12|16|13|11|20|12|10|16|19|13|17|17|25|17|18|31|22|33|27|28|20|19|21|22|17|25|19|25|25|16|19|24|24|25|19|12|14|23|16|15|16|14|17|18|10|22|16|13|19|27|19|26|30|15|16|15|15|12|19|21|23|25|20|18|16|23|26|24|34|24|17|38|22|27|31|29|49|65|60|58|49|44|45|34|37|45|32|32|33|22|29|21|45|35|38|31|25|19|12|15|12|22|11|14|7|14|7|7|12|8|11|11|5|5|5|3|0|0|0|0|0|0|1|0|0|0|0|0|0|0|0|0|0|0|0|0|0|0|0|0|0|0|0|0|0|0|0|0|0|0|0|0|0|0|0|0|0|0|0|0|0|0|0|0|0|0|0|0|1</HistCounts>
      </HistItem>
    </Histograms>
    <Metadata>
      <MDI key="STATISTICS_MINIMUM">0.19280999898911</MDI>
      <MDI key="STATISTICS_MAXIMUM">0.35012999176979</MDI>
      <MDI key="STATISTICS_MEAN">0.26739277870256</MDI>
      <MDI key="STATISTICS_STDDEV">0.028870491639877</MDI>
      <MDI key="STATISTICS_SKIPFACTORX">1</MDI>
      <MDI key="STATISTICS_SKIPFACTORY">1</MDI>
      <MDI key="STATISTICS_EXCLUDEDVALUES"></MDI>
      <MDI key="STATISTICS_COVARIANCES">8.3350528752823E-04</MDI>
    </Metadata>
  </PAMRasterBand>
</PAMDataset>
