<PAMDataset>
  <Metadata>
    <MDI key="DataType">Generic</MDI>
  </Metadata>
  <Metadata domain="Esri">
    <MDI key="PyramidResamplingType">NEAREST</MDI>
  </Metadata>
  <PAMRasterBand band="1">
    <Histograms>
      <HistItem>
        <HistMin>0.183349996805191</HistMin>
        <HistMax>0.3306100070476532</HistMax>
        <BucketCount>256</BucketCount>
        <IncludeOutOfRange>1</IncludeOutOfRange>
        <Approximate>0</Approximate>
        <HistCounts>1|0|0|0|0|0|0|0|0|0|0|0|0|0|0|0|0|0|0|0|0|0|0|0|0|0|0|0|0|0|0|0|0|0|0|0|0|0|1|1|1|0|0|1|1|1|1|0|0|0|1|2|2|0|4|0|1|2|1|1|0|1|3|6|1|5|5|3|1|1|7|4|4|3|6|10|2|6|9|5|6|7|11|4|3|7|15|7|7|10|8|16|10|4|7|8|10|11|11|3|9|3|11|4|12|7|8|3|10|16|11|13|15|8|14|17|15|12|11|15|18|23|22|20|25|27|32|30|30|39|32|39|36|43|34|47|39|34|45|54|50|42|45|45|54|48|54|52|54|55|70|69|53|46|53|49|39|39|30|36|27|31|35|32|38|40|32|48|34|40|37|37|44|46|35|40|59|42|30|29|26|37|32|33|28|26|31|35|19|30|32|25|18|16|17|20|17|28|10|15|20|7|11|12|17|8|14|14|10|13|13|12|10|15|14|9|8|12|10|5|10|6|6|8|10|7|6|7|11|7|7|3|2|3|2|2|1|0|0|1|0|0|1|0|0|0|0|0|0|0|0|0|0|0|0|1</HistCounts>
      </HistItem>
    </Histograms>
    <Metadata>
      <MDI key="STATISTICS_MINIMUM">0.18334999680519</MDI>
      <MDI key="STATISTICS_MAXIMUM">0.33061000704765</MDI>
      <MDI key="STATISTICS_MEAN">0.27257207207416</MDI>
      <MDI key="STATISTICS_STDDEV">0.01981635733323</MDI>
      <MDI key="STATISTICS_SKIPFACTORX">1</MDI>
      <MDI key="STATISTICS_SKIPFACTORY">1</MDI>
      <MDI key="STATISTICS_EXCLUDEDVALUES"></MDI>
      <MDI key="STATISTICS_COVARIANCES">3.92688017958244E-04</MDI>
    </Metadata>
  </PAMRasterBand>
</PAMDataset>
