<PAMDataset>
  <Metadata>
    <MDI key="DataType">Generic</MDI>
  </Metadata>
  <Metadata domain="Esri">
    <MDI key="PyramidResamplingType">NEAREST</MDI>
  </Metadata>
  <PAMRasterBand band="1">
    <Histograms>
      <HistItem>
        <HistMin>0.2041500061750412</HistMin>
        <HistMax>0.3553400039672852</HistMax>
        <BucketCount>256</BucketCount>
        <IncludeOutOfRange>1</IncludeOutOfRange>
        <Approximate>0</Approximate>
        <HistCounts>4|0|0|2|2|1|0|0|1|0|1|0|0|1|1|1|0|0|0|0|0|2|4|1|2|1|0|1|0|1|0|0|1|4|2|1|2|2|3|0|2|0|0|3|1|4|1|3|2|3|5|7|4|4|3|5|3|4|5|5|8|9|17|17|13|16|9|10|13|18|14|16|5|4|7|10|9|8|3|11|12|11|11|12|14|10|12|12|15|9|11|13|14|16|24|30|22|24|36|29|43|52|47|53|56|43|48|53|46|52|42|39|49|55|44|40|38|36|33|32|21|31|34|31|25|31|26|25|34|32|24|34|27|27|20|30|23|26|15|23|18|13|16|20|38|57|69|61|48|50|35|41|30|44|23|38|26|30|28|42|69|38|37|37|33|39|23|35|45|59|39|30|27|28|28|18|30|24|14|15|19|8|10|11|14|16|11|10|13|6|9|10|1|9|11|4|3|6|4|6|4|7|6|4|4|3|5|3|3|2|3|1|0|0|0|0|0|0|0|0|0|0|0|0|0|0|0|0|0|0|0|0|0|0|0|0|0|0|0|0|0|0|0|0|0|0|0|0|0|0|0|0|0|0|0|1</HistCounts>
      </HistItem>
    </Histograms>
    <Metadata>
      <MDI key="STATISTICS_MINIMUM">0.20415000617504</MDI>
      <MDI key="STATISTICS_MAXIMUM">0.35534000396729</MDI>
      <MDI key="STATISTICS_MEAN">0.28125704679557</MDI>
      <MDI key="STATISTICS_STDDEV">0.021338679747635</MDI>
      <MDI key="STATISTICS_SKIPFACTORX">1</MDI>
      <MDI key="STATISTICS_SKIPFACTORY">1</MDI>
      <MDI key="STATISTICS_EXCLUDEDVALUES"></MDI>
      <MDI key="STATISTICS_COVARIANCES">4.55339253372138E-04</MDI>
    </Metadata>
  </PAMRasterBand>
</PAMDataset>
