<PAMDataset>
  <Metadata>
    <MDI key="DataType">Generic</MDI>
  </Metadata>
  <Metadata domain="Esri">
    <MDI key="PyramidResamplingType">NEAREST</MDI>
  </Metadata>
  <PAMRasterBand band="1">
    <Histograms>
      <HistItem>
        <HistMin>0.2074200063943863</HistMin>
        <HistMax>0.3808499872684479</HistMax>
        <BucketCount>256</BucketCount>
        <IncludeOutOfRange>1</IncludeOutOfRange>
        <Approximate>0</Approximate>
        <HistCounts>1|2|1|3|5|1|1|1|4|2|2|3|3|0|1|1|0|5|1|1|3|1|6|2|1|1|3|3|0|2|1|3|3|4|2|7|9|7|8|9|9|6|7|5|8|12|13|22|18|16|23|20|10|12|10|5|9|16|10|7|2|4|5|6|9|8|7|9|7|5|11|6|12|10|11|15|14|7|14|19|16|19|32|60|57|68|67|68|53|52|67|60|44|62|59|46|33|28|28|39|25|35|24|19|27|32|18|23|19|25|19|27|20|28|23|18|14|16|12|13|20|14|11|14|15|24|16|19|9|18|22|25|27|21|32|37|34|33|33|49|43|41|36|34|29|28|32|35|25|42|34|23|27|27|38|29|50|51|39|39|52|51|29|26|28|20|25|29|29|34|27|29|24|20|27|19|17|18|5|12|16|13|11|8|8|4|6|5|2|4|2|1|0|4|3|0|0|0|2|2|1|0|1|0|0|2|0|0|0|0|0|0|0|0|0|0|0|1|0|0|0|0|0|0|0|0|0|0|0|0|0|0|0|0|0|0|0|0|0|0|0|0|0|0|0|0|1|0|0|0|0|0|0|0|0|1</HistCounts>
      </HistItem>
    </Histograms>
    <Metadata>
      <MDI key="STATISTICS_MINIMUM">0.20742000639439</MDI>
      <MDI key="STATISTICS_MAXIMUM">0.38084998726845</MDI>
      <MDI key="STATISTICS_MEAN">0.28702280841602</MDI>
      <MDI key="STATISTICS_STDDEV">0.027276635970926</MDI>
      <MDI key="STATISTICS_SKIPFACTORX">1</MDI>
      <MDI key="STATISTICS_SKIPFACTORY">1</MDI>
      <MDI key="STATISTICS_EXCLUDEDVALUES"></MDI>
      <MDI key="STATISTICS_COVARIANCES">7.44014869890387E-04</MDI>
    </Metadata>
  </PAMRasterBand>
</PAMDataset>
