<PAMDataset>
  <Metadata>
    <MDI key="DataType">Generic</MDI>
  </Metadata>
  <Metadata domain="Esri">
    <MDI key="PyramidResamplingType">NEAREST</MDI>
  </Metadata>
  <PAMRasterBand band="1">
    <Histograms>
      <HistItem>
        <HistMin>0.1593600064516068</HistMin>
        <HistMax>0.3125599920749664</HistMax>
        <BucketCount>256</BucketCount>
        <IncludeOutOfRange>1</IncludeOutOfRange>
        <Approximate>0</Approximate>
        <HistCounts>1|1|0|0|0|0|0|0|0|0|0|0|0|0|0|0|0|0|0|0|0|0|0|1|0|0|0|1|0|0|0|0|0|0|1|0|2|0|0|2|0|5|4|4|2|3|2|4|3|4|3|4|5|6|0|4|2|2|4|3|3|5|6|4|7|1|2|6|4|6|9|9|5|7|7|5|4|4|11|4|4|5|7|3|6|5|7|7|5|7|8|5|3|6|5|1|7|6|6|8|10|6|9|8|9|5|10|8|11|10|16|15|12|14|14|15|16|17|20|20|21|23|31|38|39|24|41|29|34|35|38|41|36|37|28|46|40|39|44|43|45|42|47|48|63|35|40|50|43|40|54|46|53|39|35|38|33|33|26|38|33|41|51|34|42|43|44|40|47|36|38|40|40|38|35|58|38|33|34|37|42|22|34|29|33|30|28|29|29|28|26|16|28|21|23|28|20|18|22|18|17|13|18|14|14|17|15|11|14|6|11|11|11|6|6|9|16|10|8|8|9|6|8|10|2|1|1|4|4|0|1|2|3|0|1|4|2|4|2|1|0|0|0|0|0|1|0|0|0|0|0|0|0|0|0|1</HistCounts>
      </HistItem>
    </Histograms>
    <Metadata>
      <MDI key="STATISTICS_MINIMUM">0.15936000645161</MDI>
      <MDI key="STATISTICS_MAXIMUM">0.31255999207497</MDI>
      <MDI key="STATISTICS_MEAN">0.25094894385248</MDI>
      <MDI key="STATISTICS_STDDEV">0.021820654430881</MDI>
      <MDI key="STATISTICS_SKIPFACTORX">1</MDI>
      <MDI key="STATISTICS_SKIPFACTORY">1</MDI>
      <MDI key="STATISTICS_EXCLUDEDVALUES"></MDI>
      <MDI key="STATISTICS_COVARIANCES">4.76140959791925E-04</MDI>
    </Metadata>
  </PAMRasterBand>
</PAMDataset>
