<PAMDataset>
  <Metadata>
    <MDI key="DataType">Generic</MDI>
  </Metadata>
  <Metadata domain="Esri">
    <MDI key="PyramidResamplingType">NEAREST</MDI>
  </Metadata>
  <PAMRasterBand band="1">
    <Histograms>
      <HistItem>
        <HistMin>0.1238899976015091</HistMin>
        <HistMax>0.3324399888515472</HistMax>
        <BucketCount>256</BucketCount>
        <IncludeOutOfRange>1</IncludeOutOfRange>
        <Approximate>0</Approximate>
        <HistCounts>1|0|0|0|0|0|0|0|0|1|0|1|0|0|0|0|1|1|1|1|0|1|3|1|6|2|0|0|2|2|2|0|1|1|4|2|0|1|4|3|1|3|2|3|3|1|1|3|6|1|5|3|3|1|3|6|2|3|0|4|6|6|6|12|9|20|25|17|27|20|12|14|13|10|12|10|16|12|13|17|10|12|29|21|22|21|28|32|23|23|30|36|33|30|42|56|65|54|55|76|85|89|70|37|37|47|27|43|36|48|34|42|38|38|39|37|47|33|36|35|30|28|38|46|28|38|47|54|29|35|38|55|61|47|50|35|40|30|29|36|44|34|51|54|55|61|54|51|54|34|34|30|19|19|21|18|16|21|20|25|16|12|12|8|16|11|17|12|7|6|12|5|7|6|4|3|9|2|4|6|6|6|4|5|2|2|3|5|6|4|4|1|3|3|0|1|2|1|1|0|1|0|1|1|0|3|0|0|0|0|0|0|1|0|0|1|0|0|0|0|0|0|0|0|0|0|0|0|0|0|0|0|0|0|0|0|0|0|0|0|0|0|0|0|0|0|0|0|0|0|0|0|0|0|0|1</HistCounts>
      </HistItem>
    </Histograms>
    <Metadata>
      <MDI key="STATISTICS_MINIMUM">0.12388999760151</MDI>
      <MDI key="STATISTICS_MAXIMUM">0.33243998885155</MDI>
      <MDI key="STATISTICS_MEAN">0.21996926377134</MDI>
      <MDI key="STATISTICS_STDDEV">0.024796115904949</MDI>
      <MDI key="STATISTICS_SKIPFACTORX">1</MDI>
      <MDI key="STATISTICS_SKIPFACTORY">1</MDI>
      <MDI key="STATISTICS_EXCLUDEDVALUES"></MDI>
      <MDI key="STATISTICS_COVARIANCES">6.14847363971645E-04</MDI>
    </Metadata>
  </PAMRasterBand>
</PAMDataset>
