<PAMDataset>
  <Metadata>
    <MDI key="DataType">Generic</MDI>
  </Metadata>
  <Metadata domain="Esri">
    <MDI key="PyramidResamplingType">NEAREST</MDI>
  </Metadata>
  <PAMRasterBand band="1">
    <Histograms>
      <HistItem>
        <HistMin>0.1600500047206879</HistMin>
        <HistMax>0.3463500142097473</HistMax>
        <BucketCount>256</BucketCount>
        <IncludeOutOfRange>1</IncludeOutOfRange>
        <Approximate>0</Approximate>
        <HistCounts>1|0|0|0|0|0|1|4|1|0|0|1|0|2|0|0|1|1|3|1|1|0|0|0|1|1|1|2|2|1|2|1|0|1|2|0|0|0|1|1|1|3|1|3|1|4|2|1|1|2|0|6|2|0|4|2|5|0|5|5|4|11|15|15|16|17|15|12|6|13|14|8|10|13|12|13|11|8|9|8|6|11|9|8|6|12|24|21|22|18|24|20|31|36|48|59|59|64|54|50|36|40|33|42|19|26|31|17|34|34|35|52|43|49|59|37|36|43|35|37|45|28|38|40|32|29|31|26|20|18|25|28|32|32|37|31|25|38|42|26|24|38|58|56|63|40|38|42|35|51|36|41|48|34|25|28|34|20|40|40|25|20|21|20|26|25|32|20|32|23|28|31|40|17|18|26|10|19|16|13|11|7|13|12|13|11|11|10|9|12|12|10|7|9|9|6|4|6|3|9|5|5|6|4|3|3|0|0|0|0|0|0|1|0|0|0|0|1|0|0|0|0|1|0|0|0|0|0|0|0|0|0|0|0|0|0|0|0|0|0|0|0|0|0|0|0|0|0|0|0|0|0|0|0|0|1</HistCounts>
      </HistItem>
    </Histograms>
    <Metadata>
      <MDI key="STATISTICS_MINIMUM">0.16005000472069</MDI>
      <MDI key="STATISTICS_MAXIMUM">0.34635001420975</MDI>
      <MDI key="STATISTICS_MEAN">0.25299965331741</MDI>
      <MDI key="STATISTICS_STDDEV">0.025396781411246</MDI>
      <MDI key="STATISTICS_SKIPFACTORX">1</MDI>
      <MDI key="STATISTICS_SKIPFACTORY">1</MDI>
      <MDI key="STATISTICS_EXCLUDEDVALUES"></MDI>
      <MDI key="STATISTICS_COVARIANCES">6.44996506050624E-04</MDI>
    </Metadata>
  </PAMRasterBand>
</PAMDataset>
