<PAMDataset>
  <Metadata>
    <MDI key="DataType">Generic</MDI>
  </Metadata>
  <Metadata domain="Esri">
    <MDI key="PyramidResamplingType">NEAREST</MDI>
  </Metadata>
  <PAMRasterBand band="1">
    <Histograms>
      <HistItem>
        <HistMin>0.1937499940395355</HistMin>
        <HistMax>0.3484799861907959</HistMax>
        <BucketCount>256</BucketCount>
        <IncludeOutOfRange>1</IncludeOutOfRange>
        <Approximate>0</Approximate>
        <HistCounts>2|0|0|1|3|0|1|1|0|1|0|1|0|1|0|0|1|1|0|0|0|0|1|1|2|0|1|2|1|1|0|1|1|1|0|0|2|1|2|0|1|2|3|0|2|2|1|1|1|3|5|1|4|2|7|4|3|2|6|5|3|5|7|4|3|11|8|7|10|7|7|15|15|12|18|15|14|7|6|13|14|16|16|8|11|9|17|14|12|21|16|14|16|20|9|24|17|25|25|35|21|29|37|30|47|39|46|58|45|45|51|55|40|53|58|57|55|59|31|39|44|29|22|31|36|35|27|31|30|28|20|23|21|15|22|22|28|29|36|44|47|60|40|35|37|46|37|34|29|27|32|28|37|30|25|32|49|54|43|34|50|33|29|30|32|48|28|23|22|36|35|31|22|24|20|31|20|8|19|11|16|24|8|10|10|14|18|13|15|20|14|19|17|8|13|7|6|7|8|4|4|4|3|3|5|2|1|1|3|5|6|7|9|5|6|2|5|2|2|2|3|1|0|0|0|0|1|0|0|0|0|0|0|0|0|0|0|0|0|0|0|0|0|0|0|0|0|0|0|0|0|0|0|0|0|1</HistCounts>
      </HistItem>
    </Histograms>
    <Metadata>
      <MDI key="STATISTICS_MINIMUM">0.19374999403954</MDI>
      <MDI key="STATISTICS_MAXIMUM">0.3484799861908</MDI>
      <MDI key="STATISTICS_MEAN">0.27405151567835</MDI>
      <MDI key="STATISTICS_STDDEV">0.021782125997338</MDI>
      <MDI key="STATISTICS_SKIPFACTORX">1</MDI>
      <MDI key="STATISTICS_SKIPFACTORY">1</MDI>
      <MDI key="STATISTICS_EXCLUDEDVALUES"></MDI>
      <MDI key="STATISTICS_COVARIANCES">4.74461012963919E-04</MDI>
    </Metadata>
  </PAMRasterBand>
</PAMDataset>
