<PAMDataset>
  <Metadata>
    <MDI key="DataType">Generic</MDI>
  </Metadata>
  <Metadata domain="Esri">
    <MDI key="PyramidResamplingType">NEAREST</MDI>
  </Metadata>
  <PAMRasterBand band="1">
    <Histograms>
      <HistItem>
        <HistMin>0.24201999604702</HistMin>
        <HistMax>0.4154900014400482</HistMax>
        <BucketCount>256</BucketCount>
        <IncludeOutOfRange>1</IncludeOutOfRange>
        <Approximate>0</Approximate>
        <HistCounts>1|0|0|0|0|0|0|0|0|0|0|0|0|1|0|0|0|0|0|0|0|0|0|0|0|0|0|1|0|0|0|0|0|0|0|0|0|0|0|0|0|0|0|0|0|0|0|0|1|0|1|0|0|1|1|1|2|1|0|0|1|0|2|0|2|1|1|1|0|2|1|3|2|3|3|3|4|6|6|5|7|4|9|4|6|7|4|4|10|4|4|5|10|6|6|9|6|7|6|10|2|8|4|11|10|12|13|11|22|21|13|24|18|23|20|30|36|49|43|60|55|62|65|41|47|48|35|42|41|39|38|34|34|31|31|30|29|27|26|18|28|24|28|29|25|30|26|31|27|51|36|32|45|39|45|49|43|43|41|59|56|46|52|52|44|57|55|37|38|36|35|48|50|35|49|45|44|53|55|49|44|54|50|39|44|40|46|42|34|16|19|22|17|20|18|11|13|9|11|14|8|12|14|28|7|8|5|4|4|2|3|1|1|0|0|0|0|0|1|0|0|1|0|0|1|0|0|0|1|0|0|1|0|0|0|0|0|0|0|0|0|0|0|0|0|0|0|0|0|0|0|0|0|0|0|1</HistCounts>
      </HistItem>
    </Histograms>
    <Metadata>
      <MDI key="STATISTICS_MINIMUM">0.24201999604702</MDI>
      <MDI key="STATISTICS_MAXIMUM">0.41549000144005</MDI>
      <MDI key="STATISTICS_MEAN">0.34435306637638</MDI>
      <MDI key="STATISTICS_STDDEV">0.020465334534655</MDI>
      <MDI key="STATISTICS_SKIPFACTORX">1</MDI>
      <MDI key="STATISTICS_SKIPFACTORY">1</MDI>
      <MDI key="STATISTICS_EXCLUDEDVALUES"></MDI>
      <MDI key="STATISTICS_COVARIANCES">4.18829917615353E-04</MDI>
    </Metadata>
  </PAMRasterBand>
</PAMDataset>
