<PAMDataset>
  <Metadata>
    <MDI key="DataType">Generic</MDI>
  </Metadata>
  <Metadata domain="Esri">
    <MDI key="PyramidResamplingType">NEAREST</MDI>
  </Metadata>
  <PAMRasterBand band="1">
    <Histograms>
      <HistItem>
        <HistMin>0.121579997241497</HistMin>
        <HistMax>0.3186199963092804</HistMax>
        <BucketCount>256</BucketCount>
        <IncludeOutOfRange>1</IncludeOutOfRange>
        <Approximate>0</Approximate>
        <HistCounts>1|0|0|0|0|0|0|0|0|0|0|0|0|0|0|0|0|0|0|0|0|0|0|0|0|0|0|0|0|0|0|0|0|0|0|0|0|0|0|0|0|0|0|0|0|0|0|0|0|0|0|0|0|0|0|0|0|1|0|1|0|0|0|0|0|0|0|0|0|0|0|2|0|0|0|0|0|0|0|0|0|0|0|0|0|2|1|0|0|2|1|0|2|2|2|1|1|4|2|4|4|7|4|4|8|9|6|9|11|6|6|8|7|11|13|9|11|9|11|4|10|10|6|9|10|10|12|6|4|6|9|6|7|6|14|13|9|13|16|14|8|15|9|21|28|23|13|28|25|28|27|27|34|36|37|36|32|48|47|47|47|58|39|63|51|54|78|79|71|58|79|64|54|65|67|66|65|76|53|48|41|60|66|61|49|54|41|39|44|49|68|62|46|54|52|58|45|35|39|29|31|26|34|37|30|30|29|23|21|13|9|19|23|16|14|19|12|12|15|10|3|5|13|7|6|8|8|7|7|13|8|12|6|2|2|6|3|3|2|1|1|1|0|0|0|0|1|0|0|0|0|0|0|0|0|1</HistCounts>
      </HistItem>
    </Histograms>
    <Metadata>
      <MDI key="STATISTICS_MINIMUM">0.1215799972415</MDI>
      <MDI key="STATISTICS_MAXIMUM">0.31861999630928</MDI>
      <MDI key="STATISTICS_MEAN">0.25582963716989</MDI>
      <MDI key="STATISTICS_STDDEV">0.020902474869842</MDI>
      <MDI key="STATISTICS_SKIPFACTORX">1</MDI>
      <MDI key="STATISTICS_SKIPFACTORY">1</MDI>
      <MDI key="STATISTICS_EXCLUDEDVALUES"></MDI>
      <MDI key="STATISTICS_COVARIANCES">4.36913455684381E-04</MDI>
    </Metadata>
  </PAMRasterBand>
</PAMDataset>
