<PAMDataset>
  <Metadata domain="Esri">
    <MDI key="PyramidResamplingType">NEAREST</MDI>
  </Metadata>
  <PAMRasterBand band="1">
    <Histograms>
      <HistItem>
        <HistMin>0.1401399970054627</HistMin>
        <HistMax>0.3229150176048279</HistMax>
        <BucketCount>256</BucketCount>
        <IncludeOutOfRange>1</IncludeOutOfRange>
        <Approximate>0</Approximate>
        <HistCounts>1|0|0|0|0|0|0|0|1|0|0|0|0|0|6|1|3|3|0|1|1|2|0|0|2|0|1|0|0|1|1|1|2|3|0|1|1|2|1|0|1|1|1|2|2|1|3|3|2|2|3|0|3|3|3|0|5|4|3|3|3|6|4|1|5|4|12|13|7|7|8|22|31|11|11|8|11|15|14|15|13|10|10|12|8|15|11|12|11|17|16|17|13|24|32|51|70|60|63|62|60|39|43|29|39|34|43|44|52|48|46|43|37|37|47|35|42|34|26|34|29|27|23|22|35|24|31|28|24|30|33|28|40|35|29|34|40|29|24|35|48|38|50|26|35|44|38|39|41|34|30|25|24|14|39|31|36|36|41|42|56|53|51|46|46|35|39|34|15|31|22|19|18|21|25|26|27|7|11|12|13|15|11|11|11|4|11|5|6|5|10|4|6|3|8|5|3|1|5|5|5|5|2|3|1|0|3|1|2|3|2|3|3|2|1|1|1|2|0|0|0|2|1|0|0|0|0|0|1|0|1|0|0|1|0|0|0|0|0|0|0|0|0|0|0|0|0|0|0|0|0|0|0|0|0|1</HistCounts>
      </HistItem>
    </Histograms>
    <Metadata>
      <MDI key="STATISTICS_MINIMUM">0.14013999700546</MDI>
      <MDI key="STATISTICS_MAXIMUM">0.32291501760483</MDI>
      <MDI key="STATISTICS_MEAN">0.23207821415272</MDI>
      <MDI key="STATISTICS_STDDEV">0.024654028688476</MDI>
      <MDI key="STATISTICS_SKIPFACTORX">1</MDI>
      <MDI key="STATISTICS_SKIPFACTORY">1</MDI>
      <MDI key="STATISTICS_EXCLUDEDVALUES"></MDI>
      <MDI key="STATISTICS_COVARIANCES">6.0782113057222E-04</MDI>
    </Metadata>
  </PAMRasterBand>
</PAMDataset>
