<PAMDataset>
  <Metadata>
    <MDI key="DataType">Generic</MDI>
  </Metadata>
  <Metadata domain="Esri">
    <MDI key="PyramidResamplingType">NEAREST</MDI>
  </Metadata>
  <PAMRasterBand band="1">
    <Histograms>
      <HistItem>
        <HistMin>0.178519994020462</HistMin>
        <HistMax>0.3379200100898743</HistMax>
        <BucketCount>256</BucketCount>
        <IncludeOutOfRange>1</IncludeOutOfRange>
        <Approximate>0</Approximate>
        <HistCounts>1|3|0|0|1|0|2|0|0|0|0|0|1|2|3|3|3|0|0|2|2|3|2|1|1|2|4|1|5|1|2|3|1|3|3|3|2|2|11|6|3|3|10|5|8|9|3|5|6|7|5|6|7|7|7|3|4|6|6|3|14|34|36|37|36|36|44|36|40|55|44|36|36|42|44|28|26|19|16|22|23|16|26|18|27|26|26|27|27|23|29|20|20|27|24|25|12|31|18|21|29|24|30|28|23|31|25|18|35|24|27|26|33|34|22|38|24|20|18|17|19|13|15|20|16|16|17|12|17|19|13|23|22|25|29|35|23|25|19|16|15|15|14|14|21|24|40|73|88|72|42|35|29|30|35|33|28|34|38|39|30|29|24|27|37|36|48|52|32|33|48|39|48|37|28|31|49|29|19|13|13|5|5|5|3|5|3|4|1|2|1|0|0|1|1|1|0|2|0|1|0|0|0|0|0|0|0|0|0|0|0|0|0|0|0|0|0|0|0|0|0|0|0|0|0|0|0|0|0|0|0|0|0|0|0|0|0|0|0|0|0|0|0|0|0|0|0|0|0|0|0|0|0|0|0|1</HistCounts>
      </HistItem>
    </Histograms>
    <Metadata>
      <MDI key="STATISTICS_MINIMUM">0.17851999402046</MDI>
      <MDI key="STATISTICS_MAXIMUM">0.33792001008987</MDI>
      <MDI key="STATISTICS_MEAN">0.25271505269592</MDI>
      <MDI key="STATISTICS_STDDEV">0.025598135451882</MDI>
      <MDI key="STATISTICS_SKIPFACTORX">1</MDI>
      <MDI key="STATISTICS_SKIPFACTORY">1</MDI>
      <MDI key="STATISTICS_EXCLUDEDVALUES"></MDI>
      <MDI key="STATISTICS_COVARIANCES">6.55264538612885E-04</MDI>
    </Metadata>
  </PAMRasterBand>
</PAMDataset>
