<PAMDataset>
  <Metadata>
    <MDI key="DataType">Generic</MDI>
  </Metadata>
  <Metadata domain="Esri">
    <MDI key="PyramidResamplingType">NEAREST</MDI>
  </Metadata>
  <PAMRasterBand band="1">
    <Histograms>
      <HistItem>
        <HistMin>0.2680700123310089</HistMin>
        <HistMax>0.4374699890613556</HistMax>
        <BucketCount>256</BucketCount>
        <IncludeOutOfRange>1</IncludeOutOfRange>
        <Approximate>0</Approximate>
        <HistCounts>1|0|1|0|0|0|0|0|0|0|0|0|0|0|0|0|0|0|0|0|0|0|0|0|0|0|0|0|0|0|0|0|0|0|0|0|0|0|0|0|0|0|0|0|0|0|0|0|0|0|0|0|0|0|0|0|0|0|0|0|0|0|0|0|0|0|0|0|0|0|0|0|0|1|1|2|3|4|5|4|2|2|2|6|4|5|3|1|4|2|1|5|7|6|15|11|10|11|11|9|7|6|18|9|6|6|4|6|3|9|4|8|8|6|12|10|12|17|30|31|27|43|48|55|59|68|49|34|38|20|16|24|25|29|25|21|27|20|15|25|18|16|17|12|21|14|17|15|11|22|21|23|22|14|17|9|14|17|22|9|5|14|15|20|19|23|15|23|28|29|37|32|31|37|41|37|42|47|42|50|45|56|40|56|65|73|63|45|70|63|75|73|70|68|60|69|55|66|50|67|51|36|40|32|32|28|23|24|20|16|13|16|24|12|8|25|15|14|20|11|7|13|15|9|4|4|6|3|7|9|5|3|3|0|2|0|1|1|1|0|0|1|0|0|0|0|0|0|0|0|0|0|0|0|0|1</HistCounts>
      </HistItem>
    </Histograms>
    <Metadata>
      <MDI key="STATISTICS_MINIMUM">0.26807001233101</MDI>
      <MDI key="STATISTICS_MAXIMUM">0.43746998906136</MDI>
      <MDI key="STATISTICS_MEAN">0.37941378677798</MDI>
      <MDI key="STATISTICS_STDDEV">0.023076902847611</MDI>
      <MDI key="STATISTICS_SKIPFACTORX">1</MDI>
      <MDI key="STATISTICS_SKIPFACTORY">1</MDI>
      <MDI key="STATISTICS_EXCLUDEDVALUES"></MDI>
      <MDI key="STATISTICS_COVARIANCES">5.32543445038077E-04</MDI>
    </Metadata>
  </PAMRasterBand>
</PAMDataset>
