<PAMDataset>
  <Metadata>
    <MDI key="DataType">Generic</MDI>
  </Metadata>
  <Metadata domain="Esri">
    <MDI key="PyramidResamplingType">NEAREST</MDI>
  </Metadata>
  <PAMRasterBand band="1">
    <Histograms>
      <HistItem>
        <HistMin>0.1726399958133698</HistMin>
        <HistMax>0.3303999900817871</HistMax>
        <BucketCount>256</BucketCount>
        <IncludeOutOfRange>1</IncludeOutOfRange>
        <Approximate>0</Approximate>
        <HistCounts>1|0|0|0|0|0|0|0|0|0|0|0|0|0|0|0|0|0|0|0|1|0|0|0|0|0|0|0|0|0|0|0|0|0|0|0|0|0|0|0|0|0|0|0|0|0|0|0|1|0|0|0|0|0|0|0|0|1|1|0|4|2|1|1|2|4|1|1|0|3|1|1|0|0|2|3|0|3|5|4|6|6|5|4|4|3|6|3|8|9|10|6|6|6|11|7|9|9|4|7|4|9|4|5|6|4|8|4|12|11|10|8|6|6|9|13|15|15|23|13|16|19|31|23|18|25|25|32|26|28|27|33|21|26|26|34|41|43|33|58|41|44|52|46|50|60|49|53|47|65|63|46|47|48|52|72|48|51|45|58|66|64|60|43|43|41|44|47|39|39|31|42|32|28|31|39|11|29|26|22|26|31|30|35|31|23|22|29|20|34|32|20|20|23|27|23|37|31|24|29|15|26|14|20|25|20|15|19|28|19|24|20|21|17|16|13|6|8|7|7|10|9|14|6|5|5|5|3|3|2|0|0|3|2|4|5|1|0|0|0|0|0|0|0|0|0|0|0|0|0|0|0|0|0|0|1</HistCounts>
      </HistItem>
    </Histograms>
    <Metadata>
      <MDI key="STATISTICS_MINIMUM">0.17263999581337</MDI>
      <MDI key="STATISTICS_MAXIMUM">0.33039999008179</MDI>
      <MDI key="STATISTICS_MEAN">0.27093443419064</MDI>
      <MDI key="STATISTICS_STDDEV">0.019778595407419</MDI>
      <MDI key="STATISTICS_SKIPFACTORX">1</MDI>
      <MDI key="STATISTICS_SKIPFACTORY">1</MDI>
      <MDI key="STATISTICS_EXCLUDEDVALUES"></MDI>
      <MDI key="STATISTICS_COVARIANCES">3.91192836290367E-04</MDI>
    </Metadata>
  </PAMRasterBand>
</PAMDataset>
