<PAMDataset>
  <Metadata>
    <MDI key="DataType">Generic</MDI>
  </Metadata>
  <Metadata domain="Esri">
    <MDI key="PyramidResamplingType">NEAREST</MDI>
  </Metadata>
  <PAMRasterBand band="1">
    <Histograms>
      <HistItem>
        <HistMin>0.1930699944496155</HistMin>
        <HistMax>0.3478100001811981</HistMax>
        <BucketCount>256</BucketCount>
        <IncludeOutOfRange>1</IncludeOutOfRange>
        <Approximate>0</Approximate>
        <HistCounts>1|0|1|0|0|0|1|0|0|0|0|0|0|1|0|0|1|0|0|2|3|2|0|1|1|1|1|1|2|1|2|1|4|3|1|1|0|2|1|3|0|4|3|2|4|4|2|2|5|2|2|6|0|2|2|2|6|3|6|3|4|9|3|12|7|9|4|5|6|7|7|9|16|8|11|15|14|13|18|16|17|22|22|15|16|17|19|23|23|24|15|20|19|21|16|33|29|55|58|40|35|38|22|20|25|11|20|22|25|22|13|19|25|17|25|22|18|24|17|20|19|24|10|26|19|27|16|18|20|21|22|17|25|20|18|27|31|40|38|36|40|37|35|24|32|39|33|38|32|37|40|39|26|20|41|29|51|42|40|47|43|43|62|59|65|52|33|40|47|48|37|35|43|52|39|41|36|44|36|36|37|34|27|30|28|24|26|13|16|9|10|14|9|12|11|7|6|7|4|8|5|7|5|7|5|7|1|8|2|5|4|5|2|0|1|0|0|0|1|0|0|0|0|0|0|0|0|0|0|0|1|0|0|0|0|0|0|0|0|0|0|0|0|0|0|0|0|0|0|0|0|0|0|0|0|1</HistCounts>
      </HistItem>
    </Histograms>
    <Metadata>
      <MDI key="STATISTICS_MINIMUM">0.19306999444962</MDI>
      <MDI key="STATISTICS_MAXIMUM">0.3478100001812</MDI>
      <MDI key="STATISTICS_MEAN">0.27622391810519</MDI>
      <MDI key="STATISTICS_STDDEV">0.023225897433806</MDI>
      <MDI key="STATISTICS_SKIPFACTORX">1</MDI>
      <MDI key="STATISTICS_SKIPFACTORY">1</MDI>
      <MDI key="STATISTICS_EXCLUDEDVALUES"></MDI>
      <MDI key="STATISTICS_COVARIANCES">5.3944231160567E-04</MDI>
    </Metadata>
  </PAMRasterBand>
</PAMDataset>
