<PAMDataset>
  <Metadata>
    <MDI key="DataType">Generic</MDI>
  </Metadata>
  <Metadata domain="Esri">
    <MDI key="PyramidResamplingType">NEAREST</MDI>
  </Metadata>
  <PAMRasterBand band="1">
    <Histograms>
      <HistItem>
        <HistMin>0.223800003528595</HistMin>
        <HistMax>0.3553999960422516</HistMax>
        <BucketCount>256</BucketCount>
        <IncludeOutOfRange>1</IncludeOutOfRange>
        <Approximate>0</Approximate>
        <HistCounts>1|1|2|1|0|1|1|2|2|0|2|1|0|3|0|1|1|2|2|4|1|2|1|2|1|1|2|2|1|3|0|2|0|2|2|3|0|0|3|3|4|3|1|0|6|5|0|2|3|3|2|2|3|7|1|4|3|4|7|3|6|8|4|7|10|14|16|14|17|11|21|14|11|14|15|15|13|18|11|10|18|14|19|28|13|18|14|17|26|19|16|20|19|16|13|16|17|14|19|24|18|9|9|17|25|22|30|21|20|16|20|17|12|20|17|11|12|17|15|24|16|15|16|21|16|23|33|27|21|27|34|22|36|26|29|37|27|29|33|19|29|20|20|20|24|19|12|22|29|19|20|20|23|14|21|25|15|12|19|17|16|11|15|14|14|29|43|41|52|36|45|33|29|36|39|35|40|32|44|48|40|46|32|28|20|32|26|32|34|39|43|53|39|31|25|28|24|23|21|27|30|21|25|21|22|23|23|17|18|11|7|16|10|15|10|8|7|11|15|7|6|6|3|9|4|3|2|8|5|5|7|1|3|7|5|2|4|3|5|2|5|4|1|3|3|3|2|3|1|1|1|2|0|0|0|1</HistCounts>
      </HistItem>
    </Histograms>
    <Metadata>
      <MDI key="STATISTICS_MINIMUM">0.22380000352859</MDI>
      <MDI key="STATISTICS_MAXIMUM">0.35539999604225</MDI>
      <MDI key="STATISTICS_MEAN">0.29965414942208</MDI>
      <MDI key="STATISTICS_STDDEV">0.024610999373735</MDI>
      <MDI key="STATISTICS_SKIPFACTORX">1</MDI>
      <MDI key="STATISTICS_SKIPFACTORY">1</MDI>
      <MDI key="STATISTICS_EXCLUDEDVALUES"></MDI>
      <MDI key="STATISTICS_COVARIANCES">6.05701290173973E-04</MDI>
    </Metadata>
  </PAMRasterBand>
</PAMDataset>
