<PAMDataset>
  <Metadata>
    <MDI key="DataType">Generic</MDI>
  </Metadata>
  <Metadata domain="Esri">
    <MDI key="PyramidResamplingType">NEAREST</MDI>
  </Metadata>
  <PAMRasterBand band="1">
    <Histograms>
      <HistItem>
        <HistMin>0.3037500083446503</HistMin>
        <HistMax>0.4905799925327301</HistMax>
        <BucketCount>256</BucketCount>
        <IncludeOutOfRange>1</IncludeOutOfRange>
        <Approximate>0</Approximate>
        <HistCounts>1|0|0|0|0|0|0|0|0|0|0|0|0|0|0|0|0|0|0|0|0|0|0|0|0|0|0|0|0|0|0|0|0|0|0|0|0|0|0|0|0|0|0|0|0|0|1|0|0|0|0|0|0|0|0|0|0|0|0|0|0|0|0|1|1|0|0|1|2|2|5|0|5|3|3|4|0|2|2|0|1|2|2|1|0|1|1|1|3|7|7|6|12|8|12|9|13|19|18|22|22|30|43|54|58|53|42|26|24|19|20|20|17|14|11|13|9|12|16|13|12|4|12|18|17|19|17|15|18|11|6|13|14|14|7|16|9|14|16|10|10|13|15|15|12|19|21|15|13|25|21|18|22|13|27|12|22|32|15|18|22|21|15|20|16|20|26|27|43|23|31|20|27|27|21|20|23|34|40|37|36|30|35|41|25|45|47|48|43|63|36|36|36|40|57|37|29|34|76|68|66|63|78|68|66|68|58|43|41|45|39|35|21|16|33|21|24|20|22|14|24|11|22|7|10|14|12|6|11|8|11|10|10|5|3|6|5|3|1|1|1|0|1|2|0|0|1|0|0|2|1|1|0|0|1|1</HistCounts>
      </HistItem>
    </Histograms>
    <Metadata>
      <MDI key="STATISTICS_MINIMUM">0.30375000834465</MDI>
      <MDI key="STATISTICS_MAXIMUM">0.49057999253273</MDI>
      <MDI key="STATISTICS_MEAN">0.42772368453613</MDI>
      <MDI key="STATISTICS_STDDEV">0.029511329297318</MDI>
      <MDI key="STATISTICS_SKIPFACTORX">1</MDI>
      <MDI key="STATISTICS_SKIPFACTORY">1</MDI>
      <MDI key="STATISTICS_EXCLUDEDVALUES"></MDI>
      <MDI key="STATISTICS_COVARIANCES">8.70918556894727E-04</MDI>
    </Metadata>
  </PAMRasterBand>
</PAMDataset>
