<PAMDataset>
  <Metadata>
    <MDI key="DataType">Generic</MDI>
  </Metadata>
  <Metadata domain="Esri">
    <MDI key="PyramidResamplingType">NEAREST</MDI>
  </Metadata>
  <PAMRasterBand band="1">
    <Histograms>
      <HistItem>
        <HistMin>0.2245199978351593</HistMin>
        <HistMax>0.4037100076675415</HistMax>
        <BucketCount>256</BucketCount>
        <IncludeOutOfRange>1</IncludeOutOfRange>
        <Approximate>0</Approximate>
        <HistCounts>1|0|0|0|0|0|0|0|0|0|0|1|0|0|0|0|0|0|0|0|0|0|0|0|0|0|0|0|0|0|0|0|0|0|0|0|0|0|0|0|0|0|0|0|0|0|0|0|0|0|0|0|0|0|0|0|0|0|0|0|0|0|0|0|0|0|0|0|0|0|0|1|1|1|0|0|3|2|4|0|6|3|3|0|2|7|4|9|9|10|12|4|7|4|9|8|8|11|4|10|5|5|9|4|8|9|8|6|5|12|9|11|11|10|12|12|9|17|32|16|39|33|39|38|33|35|44|41|41|51|52|49|37|58|42|47|33|19|21|28|30|22|15|21|24|25|22|14|28|26|16|17|27|32|31|28|40|31|33|37|42|38|43|39|64|57|58|76|55|58|70|63|68|59|74|81|73|68|75|60|58|47|48|49|46|58|51|58|53|34|27|26|26|17|17|18|17|16|13|26|25|18|18|19|18|9|9|6|5|2|2|1|1|2|1|1|2|1|1|0|0|0|0|0|0|0|0|0|0|0|0|0|0|0|0|0|0|0|0|0|0|0|0|0|0|0|0|0|0|0|0|0|0|0|0|1</HistCounts>
      </HistItem>
    </Histograms>
    <Metadata>
      <MDI key="STATISTICS_MINIMUM">0.22451999783516</MDI>
      <MDI key="STATISTICS_MAXIMUM">0.40371000766754</MDI>
      <MDI key="STATISTICS_MEAN">0.33517429989469</MDI>
      <MDI key="STATISTICS_STDDEV">0.020077423823317</MDI>
      <MDI key="STATISTICS_SKIPFACTORX">1</MDI>
      <MDI key="STATISTICS_SKIPFACTORY">1</MDI>
      <MDI key="STATISTICS_EXCLUDEDVALUES"></MDI>
      <MDI key="STATISTICS_COVARIANCES">4.03102947381094E-04</MDI>
    </Metadata>
  </PAMRasterBand>
</PAMDataset>
