<PAMDataset>
  <Metadata>
    <MDI key="DataType">Generic</MDI>
  </Metadata>
  <Metadata domain="Esri">
    <MDI key="PyramidResamplingType">NEAREST</MDI>
  </Metadata>
  <PAMRasterBand band="1">
    <Histograms>
      <HistItem>
        <HistMin>0.1825200021266937</HistMin>
        <HistMax>0.3517700135707855</HistMax>
        <BucketCount>256</BucketCount>
        <IncludeOutOfRange>1</IncludeOutOfRange>
        <Approximate>0</Approximate>
        <HistCounts>1|0|0|1|2|0|0|2|1|0|0|0|0|1|2|0|0|0|2|0|1|0|1|0|0|2|1|2|4|2|2|0|7|5|8|9|5|5|7|8|9|11|6|9|9|4|6|5|6|7|5|10|5|14|13|16|22|19|25|11|31|15|24|27|44|57|49|51|43|33|32|35|46|39|38|36|30|21|26|19|20|29|20|13|20|17|15|19|21|22|17|19|17|18|16|19|18|18|22|13|23|17|14|21|17|19|17|17|12|17|22|17|16|17|20|21|12|16|23|22|17|9|17|14|14|22|11|15|21|13|18|18|15|16|13|16|16|23|18|31|15|14|24|19|14|8|19|27|22|21|30|24|28|25|15|20|18|20|16|15|27|50|61|67|65|50|57|34|53|34|29|28|27|18|35|54|40|60|59|52|40|42|42|39|16|35|22|19|19|12|11|19|20|7|6|11|3|4|0|0|0|0|0|0|0|0|0|0|0|0|0|0|0|0|0|0|0|0|0|0|0|0|0|0|0|0|0|0|0|0|0|0|0|0|0|0|0|0|0|0|0|0|0|0|0|0|0|0|0|0|0|0|0|0|0|1</HistCounts>
      </HistItem>
    </Histograms>
    <Metadata>
      <MDI key="STATISTICS_MINIMUM">0.18252000212669</MDI>
      <MDI key="STATISTICS_MAXIMUM">0.35177001357079</MDI>
      <MDI key="STATISTICS_MEAN">0.26451019625595</MDI>
      <MDI key="STATISTICS_STDDEV">0.030956079009155</MDI>
      <MDI key="STATISTICS_SKIPFACTORX">1</MDI>
      <MDI key="STATISTICS_SKIPFACTORY">1</MDI>
      <MDI key="STATISTICS_EXCLUDEDVALUES"></MDI>
      <MDI key="STATISTICS_COVARIANCES">9.58278827621068E-04</MDI>
    </Metadata>
  </PAMRasterBand>
</PAMDataset>
