<PAMDataset>
  <Metadata>
    <MDI key="DataType">Generic</MDI>
  </Metadata>
  <Metadata domain="Esri">
    <MDI key="PyramidResamplingType">NEAREST</MDI>
  </Metadata>
  <PAMRasterBand band="1">
    <Histograms>
      <HistItem>
        <HistMin>0.155460000038147</HistMin>
        <HistMax>0.3234300017356873</HistMax>
        <BucketCount>256</BucketCount>
        <IncludeOutOfRange>1</IncludeOutOfRange>
        <Approximate>0</Approximate>
        <HistCounts>1|0|0|0|0|0|0|0|0|0|0|0|0|0|0|0|0|0|0|0|0|0|0|0|0|0|0|1|0|0|0|0|0|0|0|0|0|0|0|0|0|0|0|0|0|0|0|0|0|0|0|0|0|0|1|0|0|0|0|1|1|0|1|0|1|0|1|1|1|2|0|2|1|2|1|2|1|1|2|2|2|1|0|5|1|4|5|7|5|1|5|10|5|3|12|4|6|15|6|7|7|7|14|13|13|10|9|8|4|7|7|9|10|6|11|6|10|9|6|5|9|12|14|10|9|13|14|7|19|14|17|18|20|17|21|23|26|29|28|30|35|43|40|38|45|52|37|59|49|49|40|53|59|54|52|50|55|59|52|57|43|58|54|50|55|45|43|37|40|33|45|38|42|39|37|42|41|34|40|50|51|45|54|44|45|34|43|36|47|29|35|35|34|28|27|38|38|35|30|26|25|34|23|21|18|18|15|21|17|10|22|19|9|13|13|16|14|14|9|15|14|11|3|7|10|9|11|9|9|9|7|2|3|3|6|4|2|3|0|1|0|0|1|0|1|0|0|0|0|0|0|0|0|0|0|1</HistCounts>
      </HistItem>
    </Histograms>
    <Metadata>
      <MDI key="STATISTICS_MINIMUM">0.15546000003815</MDI>
      <MDI key="STATISTICS_MAXIMUM">0.32343000173569</MDI>
      <MDI key="STATISTICS_MEAN">0.26412615147178</MDI>
      <MDI key="STATISTICS_STDDEV">0.020634886350861</MDI>
      <MDI key="STATISTICS_SKIPFACTORX">1</MDI>
      <MDI key="STATISTICS_SKIPFACTORY">1</MDI>
      <MDI key="STATISTICS_EXCLUDEDVALUES"></MDI>
      <MDI key="STATISTICS_COVARIANCES">4.2579853471295E-04</MDI>
    </Metadata>
  </PAMRasterBand>
</PAMDataset>
