<PAMDataset>
  <Metadata>
    <MDI key="DataType">Generic</MDI>
  </Metadata>
  <Metadata domain="Esri">
    <MDI key="PyramidResamplingType">NEAREST</MDI>
  </Metadata>
  <PAMRasterBand band="1">
    <Histograms>
      <HistItem>
        <HistMin>0.2927199900150299</HistMin>
        <HistMax>0.4702799916267395</HistMax>
        <BucketCount>256</BucketCount>
        <IncludeOutOfRange>1</IncludeOutOfRange>
        <Approximate>0</Approximate>
        <HistCounts>1|0|0|0|0|0|0|1|0|0|0|0|0|0|0|0|0|0|0|0|0|0|0|0|0|0|0|0|0|0|0|0|0|0|0|0|0|0|0|0|0|0|0|0|0|0|0|0|0|0|0|0|0|0|0|0|0|0|0|0|0|0|0|0|0|0|0|0|0|0|0|0|0|1|0|0|4|10|7|2|4|2|0|4|1|1|1|1|0|2|0|2|2|4|1|4|5|8|14|15|12|11|11|11|9|5|4|14|7|16|11|13|17|37|40|53|67|53|57|50|41|30|14|9|6|10|4|10|7|11|15|13|12|15|9|8|13|28|18|24|21|12|16|15|9|16|18|15|13|12|10|8|6|18|8|13|13|15|19|12|15|22|27|18|27|32|21|24|15|23|19|15|12|15|19|20|23|28|26|30|30|29|24|31|29|27|24|33|24|25|28|35|27|43|39|40|49|46|53|57|55|83|59|60|52|59|50|65|65|45|57|74|89|64|79|57|37|33|33|23|17|25|10|19|19|12|12|11|15|7|8|11|8|5|4|12|13|6|11|10|8|11|3|6|11|8|3|3|1|4|0|2|0|0|1|1</HistCounts>
      </HistItem>
    </Histograms>
    <Metadata>
      <MDI key="STATISTICS_MINIMUM">0.29271999001503</MDI>
      <MDI key="STATISTICS_MAXIMUM">0.47027999162674</MDI>
      <MDI key="STATISTICS_MEAN">0.41570805424453</MDI>
      <MDI key="STATISTICS_STDDEV">0.027972744801855</MDI>
      <MDI key="STATISTICS_SKIPFACTORX">1</MDI>
      <MDI key="STATISTICS_SKIPFACTORY">1</MDI>
      <MDI key="STATISTICS_EXCLUDEDVALUES"></MDI>
      <MDI key="STATISTICS_COVARIANCES">7.82474451749711E-04</MDI>
    </Metadata>
  </PAMRasterBand>
</PAMDataset>
