<PAMDataset>
  <Metadata>
    <MDI key="DataType">Generic</MDI>
  </Metadata>
  <Metadata domain="Esri">
    <MDI key="PyramidResamplingType">NEAREST</MDI>
  </Metadata>
  <PAMRasterBand band="1">
    <Histograms>
      <HistItem>
        <HistMin>0.1758400052785873</HistMin>
        <HistMax>0.3208099901676178</HistMax>
        <BucketCount>256</BucketCount>
        <IncludeOutOfRange>1</IncludeOutOfRange>
        <Approximate>0</Approximate>
        <HistCounts>3|0|0|0|0|0|0|0|0|0|1|1|0|1|0|0|2|0|2|3|1|2|0|2|1|2|0|1|0|1|1|1|0|0|2|0|2|0|3|1|2|4|4|6|5|3|1|4|8|3|4|6|3|2|1|3|6|8|6|1|6|2|4|9|9|6|4|7|2|14|9|9|4|12|8|9|8|12|15|20|11|19|23|12|18|19|22|30|43|26|33|29|32|32|38|33|51|56|59|65|53|52|44|44|30|37|27|24|15|29|32|25|17|24|21|26|20|13|16|18|9|11|17|11|7|10|16|12|12|16|11|7|15|13|8|10|14|14|11|14|15|17|18|11|8|9|9|11|14|5|12|12|16|11|18|15|11|15|16|16|24|16|19|17|14|14|25|14|16|13|15|23|18|12|15|16|13|19|11|13|26|20|20|17|20|16|18|18|21|23|16|21|25|7|14|22|15|19|24|26|23|13|23|20|24|21|34|20|25|27|30|27|37|36|23|45|32|39|24|31|31|22|22|34|26|21|26|39|15|34|18|17|16|12|17|21|17|10|8|5|2|7|8|6|3|4|5|1|2|1|2|0|1|0|1|1</HistCounts>
      </HistItem>
    </Histograms>
    <Metadata>
      <MDI key="STATISTICS_MINIMUM">0.17584000527859</MDI>
      <MDI key="STATISTICS_MAXIMUM">0.32080999016762</MDI>
      <MDI key="STATISTICS_MEAN">0.26121828552296</MDI>
      <MDI key="STATISTICS_STDDEV">0.03154687961121</MDI>
      <MDI key="STATISTICS_SKIPFACTORX">1</MDI>
      <MDI key="STATISTICS_SKIPFACTORY">1</MDI>
      <MDI key="STATISTICS_EXCLUDEDVALUES"></MDI>
      <MDI key="STATISTICS_COVARIANCES">9.95205613204152E-04</MDI>
    </Metadata>
  </PAMRasterBand>
</PAMDataset>
