<PAMDataset>
  <Metadata>
    <MDI key="DataType">Generic</MDI>
  </Metadata>
  <Metadata domain="Esri">
    <MDI key="PyramidResamplingType">NEAREST</MDI>
  </Metadata>
  <PAMRasterBand band="1">
    <Histograms>
      <HistItem>
        <HistMin>0.1334799975156784</HistMin>
        <HistMax>0.3158699870109558</HistMax>
        <BucketCount>256</BucketCount>
        <IncludeOutOfRange>1</IncludeOutOfRange>
        <Approximate>0</Approximate>
        <HistCounts>1|0|0|0|0|0|0|0|0|0|0|0|0|0|0|0|0|0|0|0|0|0|0|0|0|0|0|0|0|0|0|0|0|0|0|0|0|1|0|0|0|1|0|0|0|0|0|0|0|0|0|0|0|0|0|0|0|1|0|0|0|0|0|0|1|0|2|3|0|2|1|3|4|2|2|1|3|2|3|6|2|7|6|3|3|4|6|0|3|7|6|4|7|3|4|9|6|6|5|10|5|6|7|7|8|8|11|4|9|10|5|5|3|5|8|3|9|7|6|8|9|7|4|4|9|10|11|11|13|17|12|10|13|18|16|16|26|13|24|19|15|20|25|32|33|32|37|32|32|44|36|43|44|42|57|42|51|55|64|58|72|56|42|65|48|57|48|63|67|59|70|58|44|36|29|50|46|39|45|58|52|56|42|48|35|64|45|43|49|45|48|37|41|35|28|41|29|25|31|40|33|31|26|23|18|20|23|19|17|13|17|20|15|14|21|12|12|18|13|16|17|15|14|7|11|9|6|3|12|0|3|4|1|3|3|0|2|4|1|5|2|0|0|0|0|0|1|0|0|0|0|0|0|0|1|0</HistCounts>
      </HistItem>
    </Histograms>
    <Metadata>
      <MDI key="STATISTICS_MINIMUM">0.13347999751568</MDI>
      <MDI key="STATISTICS_MAXIMUM">0.31586998701096</MDI>
      <MDI key="STATISTICS_MEAN">0.25366728549617</MDI>
      <MDI key="STATISTICS_STDDEV">0.022051572359263</MDI>
      <MDI key="STATISTICS_SKIPFACTORX">1</MDI>
      <MDI key="STATISTICS_SKIPFACTORY">1</MDI>
      <MDI key="STATISTICS_EXCLUDEDVALUES"></MDI>
      <MDI key="STATISTICS_COVARIANCES">4.86271843515809E-04</MDI>
    </Metadata>
  </PAMRasterBand>
</PAMDataset>
