<PAMDataset>
  <Metadata>
    <MDI key="DataType">Generic</MDI>
  </Metadata>
  <Metadata domain="Esri">
    <MDI key="PyramidResamplingType">NEAREST</MDI>
  </Metadata>
  <PAMRasterBand band="1">
    <Histograms>
      <HistItem>
        <HistMin>0.1407999992370606</HistMin>
        <HistMax>0.3191500008106232</HistMax>
        <BucketCount>256</BucketCount>
        <IncludeOutOfRange>1</IncludeOutOfRange>
        <Approximate>0</Approximate>
        <HistCounts>1|0|0|0|0|0|0|1|0|0|0|0|0|0|0|0|1|0|0|0|1|1|1|2|3|4|1|2|0|1|1|0|2|0|1|0|2|2|0|1|0|2|0|3|0|1|4|1|1|2|3|0|1|1|3|5|1|3|0|4|4|4|2|4|1|5|6|3|2|7|1|8|2|7|15|16|10|12|17|24|28|18|15|15|14|8|14|15|11|10|12|14|14|14|10|6|12|17|12|18|19|21|27|19|28|29|43|39|68|53|73|67|46|45|63|66|44|47|42|52|43|40|53|65|51|52|29|27|25|30|19|21|18|23|27|25|23|22|21|22|21|19|23|20|30|10|33|20|28|21|32|37|41|24|31|35|33|25|27|20|32|24|28|35|44|62|77|74|60|52|46|35|48|58|33|34|27|27|26|20|22|23|26|22|18|16|7|13|11|16|14|8|7|5|7|5|10|11|7|2|7|9|6|3|6|2|5|1|2|0|3|6|2|2|6|2|1|2|1|2|1|3|3|2|3|0|0|0|0|0|0|0|0|0|0|0|0|0|0|0|0|1|0|0|0|0|0|0|0|0|0|0|0|0|0|1</HistCounts>
      </HistItem>
    </Histograms>
    <Metadata>
      <MDI key="STATISTICS_MINIMUM">0.14079999923706</MDI>
      <MDI key="STATISTICS_MAXIMUM">0.31915000081062</MDI>
      <MDI key="STATISTICS_MEAN">0.23584342622783</MDI>
      <MDI key="STATISTICS_STDDEV">0.024689787342929</MDI>
      <MDI key="STATISTICS_SKIPFACTORX">1</MDI>
      <MDI key="STATISTICS_SKIPFACTORY">1</MDI>
      <MDI key="STATISTICS_EXCLUDEDVALUES"></MDI>
      <MDI key="STATISTICS_COVARIANCES">6.09585599039038E-04</MDI>
    </Metadata>
  </PAMRasterBand>
</PAMDataset>
