<PAMDataset>
  <Metadata>
    <MDI key="DataType">Generic</MDI>
  </Metadata>
  <Metadata domain="Esri">
    <MDI key="PyramidResamplingType">NEAREST</MDI>
  </Metadata>
  <PAMRasterBand band="1">
    <Histograms>
      <HistItem>
        <HistMin>0.2126999944448471</HistMin>
        <HistMax>0.3674399852752686</HistMax>
        <BucketCount>256</BucketCount>
        <IncludeOutOfRange>1</IncludeOutOfRange>
        <Approximate>0</Approximate>
        <HistCounts>1|0|0|2|0|0|1|1|2|2|1|1|2|2|1|2|1|2|4|3|2|3|2|3|3|4|2|1|1|1|4|1|3|5|2|3|0|3|3|1|3|2|1|6|4|2|7|10|6|5|7|6|8|6|8|15|12|15|23|13|18|20|19|13|10|12|17|19|22|16|23|16|23|23|19|27|28|25|26|19|20|14|21|27|21|35|19|24|26|23|18|22|29|15|12|15|20|10|24|12|13|21|20|12|13|18|16|19|16|19|23|29|25|29|44|34|38|37|24|20|23|30|23|33|29|33|25|38|30|25|32|30|24|25|16|30|18|24|42|42|60|58|61|41|55|35|30|47|36|29|34|22|31|36|35|49|45|46|46|54|59|45|44|37|45|45|28|26|22|27|29|26|18|17|17|20|13|17|30|25|16|17|18|11|10|6|12|3|11|6|15|11|4|7|9|9|11|3|1|5|2|2|3|1|2|3|2|0|1|0|0|0|0|0|1|0|0|0|0|0|0|0|0|0|0|0|0|0|0|0|0|0|0|0|0|0|0|0|0|0|0|0|0|0|0|0|0|0|0|0|0|0|0|0|0|1</HistCounts>
      </HistItem>
    </Histograms>
    <Metadata>
      <MDI key="STATISTICS_MINIMUM">0.21269999444485</MDI>
      <MDI key="STATISTICS_MAXIMUM">0.36743998527527</MDI>
      <MDI key="STATISTICS_MEAN">0.28874668901052</MDI>
      <MDI key="STATISTICS_STDDEV">0.024310303437981</MDI>
      <MDI key="STATISTICS_SKIPFACTORX">1</MDI>
      <MDI key="STATISTICS_SKIPFACTORY">1</MDI>
      <MDI key="STATISTICS_EXCLUDEDVALUES"></MDI>
      <MDI key="STATISTICS_COVARIANCES">5.90990853246693E-04</MDI>
    </Metadata>
  </PAMRasterBand>
</PAMDataset>
