<PAMDataset>
  <Metadata>
    <MDI key="DataType">Generic</MDI>
  </Metadata>
  <Metadata domain="Esri">
    <MDI key="PyramidResamplingType">NEAREST</MDI>
  </Metadata>
  <PAMRasterBand band="1">
    <Histograms>
      <HistItem>
        <HistMin>0.178519994020462</HistMin>
        <HistMax>0.3098599910736084</HistMax>
        <BucketCount>256</BucketCount>
        <IncludeOutOfRange>1</IncludeOutOfRange>
        <Approximate>0</Approximate>
        <HistCounts>1|0|1|4|1|0|1|2|0|0|1|0|0|0|1|0|0|0|0|0|0|1|0|2|1|4|1|1|1|0|3|1|2|0|1|1|1|2|4|2|1|5|3|3|7|3|7|6|8|5|10|7|11|11|4|8|4|6|5|4|2|11|5|6|8|5|2|1|5|13|6|4|16|28|30|36|46|40|32|38|39|43|28|17|20|21|8|27|15|19|20|22|29|24|28|25|20|19|30|21|18|19|20|13|24|22|14|20|16|15|10|13|23|15|20|18|20|14|16|5|17|15|15|14|17|12|18|18|12|14|12|17|10|15|15|13|14|9|11|9|13|11|20|14|14|17|17|8|11|18|11|10|13|10|10|10|9|9|16|13|7|10|16|14|15|9|22|14|16|20|22|15|13|18|10|4|9|15|11|15|15|16|12|17|11|12|11|15|12|17|15|22|23|27|21|21|22|18|6|11|13|14|16|14|18|14|22|17|40|81|61|50|44|49|34|30|28|24|21|18|23|15|10|12|10|19|30|38|38|52|49|44|27|23|34|29|33|33|25|11|16|7|7|9|13|17|20|11|7|8|4|1|2|2|0|2</HistCounts>
      </HistItem>
    </Histograms>
    <Metadata>
      <MDI key="STATISTICS_MINIMUM">0.17851999402046</MDI>
      <MDI key="STATISTICS_MAXIMUM">0.30985999107361</MDI>
      <MDI key="STATISTICS_MEAN">0.25886334322275</MDI>
      <MDI key="STATISTICS_STDDEV">0.03132544773689</MDI>
      <MDI key="STATISTICS_SKIPFACTORX">1</MDI>
      <MDI key="STATISTICS_SKIPFACTORY">1</MDI>
      <MDI key="STATISTICS_EXCLUDEDVALUES"></MDI>
      <MDI key="STATISTICS_COVARIANCES">9.81283675916623E-04</MDI>
    </Metadata>
  </PAMRasterBand>
</PAMDataset>
