<PAMDataset>
  <Metadata domain="Esri">
    <MDI key="PyramidResamplingType">NEAREST</MDI>
  </Metadata>
  <PAMRasterBand band="1">
    <Histograms>
      <HistItem>
        <HistMin>0.2067649960517883</HistMin>
        <HistMax>0.3887550234794617</HistMax>
        <BucketCount>256</BucketCount>
        <IncludeOutOfRange>1</IncludeOutOfRange>
        <Approximate>0</Approximate>
        <HistCounts>2|3|2|5|4|2|3|3|0|3|1|1|1|2|1|4|3|1|4|2|9|3|5|3|9|10|12|5|8|15|13|11|6|6|4|6|10|14|14|7|3|9|8|19|18|14|15|31|29|21|14|11|22|43|91|69|64|40|51|44|31|21|12|19|14|12|20|13|20|17|18|16|36|21|32|38|38|51|44|44|45|49|47|51|47|36|33|42|41|32|38|30|19|24|19|23|16|23|32|29|24|27|32|30|22|24|24|20|24|13|16|19|26|20|34|40|45|57|64|72|47|71|71|85|61|32|42|44|38|34|33|32|47|48|36|43|39|45|31|22|16|17|16|12|14|19|12|16|4|7|4|4|5|1|1|0|0|4|0|0|0|2|3|0|1|0|0|0|0|0|0|0|0|0|0|1|0|0|0|0|0|0|0|0|0|0|0|1|0|0|0|0|0|0|0|0|0|0|0|0|0|0|0|0|0|0|0|0|0|0|0|0|0|0|0|0|0|0|0|0|0|0|0|0|0|0|0|0|0|0|0|0|0|0|0|0|0|0|0|0|0|0|0|0|0|0|0|0|0|0|0|0|0|0|0|1</HistCounts>
      </HistItem>
    </Histograms>
    <Metadata>
      <MDI key="STATISTICS_MINIMUM">0.20676499605179</MDI>
      <MDI key="STATISTICS_MAXIMUM">0.38875502347946</MDI>
      <MDI key="STATISTICS_MEAN">0.27312459701558</MDI>
      <MDI key="STATISTICS_STDDEV">0.023960051994641</MDI>
      <MDI key="STATISTICS_SKIPFACTORX">1</MDI>
      <MDI key="STATISTICS_SKIPFACTORY">1</MDI>
      <MDI key="STATISTICS_EXCLUDEDVALUES"></MDI>
      <MDI key="STATISTICS_COVARIANCES">5.74084091585891E-04</MDI>
    </Metadata>
  </PAMRasterBand>
</PAMDataset>
