<PAMDataset>
  <Metadata>
    <MDI key="DataType">Generic</MDI>
  </Metadata>
  <Metadata domain="Esri">
    <MDI key="PyramidResamplingType">NEAREST</MDI>
  </Metadata>
  <PAMRasterBand band="1">
    <Histograms>
      <HistItem>
        <HistMin>0.1934300065040588</HistMin>
        <HistMax>0.3424499928951263</HistMax>
        <BucketCount>256</BucketCount>
        <IncludeOutOfRange>1</IncludeOutOfRange>
        <Approximate>0</Approximate>
        <HistCounts>1|0|0|0|0|0|0|0|0|0|0|0|0|1|0|0|0|0|0|0|0|0|0|0|0|0|0|0|0|0|0|0|0|0|0|0|0|0|0|0|0|0|0|0|0|0|0|0|0|0|0|0|0|0|0|0|0|0|0|0|0|2|1|0|0|1|0|0|0|2|2|1|1|1|4|4|1|0|3|2|0|3|2|2|3|2|2|3|3|5|6|3|4|9|3|8|3|1|8|8|11|3|8|9|8|4|6|6|9|13|6|12|8|5|12|12|12|12|7|8|14|11|11|12|13|15|10|8|16|16|10|12|19|17|23|21|29|22|25|34|38|36|33|45|48|43|33|49|43|43|52|59|48|52|48|38|52|55|62|58|61|48|70|63|57|58|68|50|43|43|40|36|49|42|31|34|39|36|32|34|39|39|28|41|42|38|36|42|25|32|28|29|36|23|27|32|29|36|22|26|27|26|34|20|22|33|13|36|22|18|23|25|20|22|27|21|16|20|21|9|14|18|4|7|9|6|6|11|9|7|8|4|3|6|3|3|4|6|1|1|1|0|0|0|0|0|0|0|0|0|0|0|0|1|0|1</HistCounts>
      </HistItem>
    </Histograms>
    <Metadata>
      <MDI key="STATISTICS_MINIMUM">0.19343000650406</MDI>
      <MDI key="STATISTICS_MAXIMUM">0.34244999289513</MDI>
      <MDI key="STATISTICS_MEAN">0.29074002663812</MDI>
      <MDI key="STATISTICS_STDDEV">0.018341902593665</MDI>
      <MDI key="STATISTICS_SKIPFACTORX">1</MDI>
      <MDI key="STATISTICS_SKIPFACTORY">1</MDI>
      <MDI key="STATISTICS_EXCLUDEDVALUES"></MDI>
      <MDI key="STATISTICS_COVARIANCES">3.36425390755495E-04</MDI>
    </Metadata>
  </PAMRasterBand>
</PAMDataset>
