<PAMDataset>
  <Metadata>
    <MDI key="DataType">Generic</MDI>
  </Metadata>
  <Metadata domain="Esri">
    <MDI key="PyramidResamplingType">NEAREST</MDI>
  </Metadata>
  <PAMRasterBand band="1">
    <Histograms>
      <HistItem>
        <HistMin>0.1259399950504303</HistMin>
        <HistMax>0.3130800127983093</HistMax>
        <BucketCount>256</BucketCount>
        <IncludeOutOfRange>1</IncludeOutOfRange>
        <Approximate>0</Approximate>
        <HistCounts>1|0|0|0|0|0|0|0|0|0|0|0|0|0|0|0|0|0|0|0|0|0|0|0|0|0|0|0|0|0|0|0|0|0|0|0|0|1|0|0|0|0|0|0|0|0|0|0|1|0|0|0|0|0|0|0|0|0|0|0|0|1|0|0|0|0|0|0|0|0|0|0|1|3|0|0|0|1|1|0|3|3|5|5|2|2|4|6|3|3|1|10|6|3|3|2|3|6|5|6|6|5|6|7|8|10|7|5|8|7|12|11|10|10|5|6|2|7|11|6|6|4|11|9|5|6|3|5|12|10|10|9|13|15|12|12|17|19|17|19|20|28|16|19|21|16|36|38|37|40|38|37|38|42|40|42|55|52|55|47|52|54|63|46|63|62|63|55|72|62|69|85|69|44|45|36|47|45|54|44|49|46|45|45|55|45|45|46|48|53|51|33|43|38|41|40|33|30|39|33|30|27|44|28|26|23|24|14|19|20|13|25|23|19|12|15|14|18|11|12|10|10|16|19|8|10|6|8|14|8|4|1|4|4|0|1|2|2|1|2|2|2|6|2|1|0|0|0|1|0|0|0|0|0|1|0</HistCounts>
      </HistItem>
    </Histograms>
    <Metadata>
      <MDI key="STATISTICS_MINIMUM">0.12593999505043</MDI>
      <MDI key="STATISTICS_MAXIMUM">0.31308001279831</MDI>
      <MDI key="STATISTICS_MEAN">0.25127178428555</MDI>
      <MDI key="STATISTICS_STDDEV">0.021704755258437</MDI>
      <MDI key="STATISTICS_SKIPFACTORX">1</MDI>
      <MDI key="STATISTICS_SKIPFACTORY">1</MDI>
      <MDI key="STATISTICS_EXCLUDEDVALUES"></MDI>
      <MDI key="STATISTICS_COVARIANCES">4.71096400828658E-04</MDI>
    </Metadata>
  </PAMRasterBand>
</PAMDataset>
