<PAMDataset>
  <Metadata>
    <MDI key="DataType">Generic</MDI>
  </Metadata>
  <Metadata domain="Esri">
    <MDI key="PyramidResamplingType">NEAREST</MDI>
  </Metadata>
  <PAMRasterBand band="1">
    <Histograms>
      <HistItem>
        <HistMin>0.1574299931526184</HistMin>
        <HistMax>0.3280799984931946</HistMax>
        <BucketCount>256</BucketCount>
        <IncludeOutOfRange>1</IncludeOutOfRange>
        <Approximate>0</Approximate>
        <HistCounts>1|0|0|0|0|0|0|0|0|0|0|0|0|0|0|0|0|0|0|0|0|0|0|0|0|0|0|0|0|0|0|0|0|0|0|0|1|0|0|0|0|0|0|0|0|0|0|0|0|0|0|0|0|0|0|0|1|1|0|0|0|0|0|0|1|0|0|0|0|0|0|0|0|0|0|2|3|1|1|0|0|0|2|2|1|0|1|3|2|2|4|1|5|4|2|2|5|3|6|10|4|5|10|11|6|7|6|8|2|10|8|15|16|15|7|6|12|7|8|5|12|4|2|12|13|8|11|12|6|6|15|13|6|18|11|19|14|16|17|18|12|22|23|28|13|23|29|30|31|33|31|37|33|33|48|56|47|66|51|48|54|51|51|48|74|82|77|79|79|47|37|53|45|59|39|42|47|47|48|52|50|53|48|52|61|62|69|50|54|42|30|34|44|41|28|32|29|33|36|30|28|34|21|28|20|24|32|17|18|19|14|8|11|13|12|15|7|15|24|18|15|13|12|18|10|15|13|7|7|9|3|11|13|13|6|2|2|2|7|4|2|3|1|1|1|1|0|0|0|0|0|0|0|0|0|1</HistCounts>
      </HistItem>
    </Histograms>
    <Metadata>
      <MDI key="STATISTICS_MINIMUM">0.15742999315262</MDI>
      <MDI key="STATISTICS_MAXIMUM">0.32807999849319</MDI>
      <MDI key="STATISTICS_MEAN">0.27205245632922</MDI>
      <MDI key="STATISTICS_STDDEV">0.019848755366281</MDI>
      <MDI key="STATISTICS_SKIPFACTORX">1</MDI>
      <MDI key="STATISTICS_SKIPFACTORY">1</MDI>
      <MDI key="STATISTICS_EXCLUDEDVALUES"></MDI>
      <MDI key="STATISTICS_COVARIANCES">3.93973089590479E-04</MDI>
    </Metadata>
  </PAMRasterBand>
</PAMDataset>
