<PAMDataset>
  <Metadata>
    <MDI key="DataType">Generic</MDI>
  </Metadata>
  <Metadata domain="Esri">
    <MDI key="PyramidResamplingType">NEAREST</MDI>
  </Metadata>
  <PAMRasterBand band="1">
    <Histograms>
      <HistItem>
        <HistMin>0.1827899962663651</HistMin>
        <HistMax>0.3389900028705597</HistMax>
        <BucketCount>256</BucketCount>
        <IncludeOutOfRange>1</IncludeOutOfRange>
        <Approximate>0</Approximate>
        <HistCounts>1|0|3|3|2|1|1|5|1|0|3|1|1|1|0|1|1|0|3|1|3|2|1|2|1|2|5|2|4|3|3|4|4|0|4|6|4|5|2|5|7|8|9|15|3|7|7|1|10|6|7|5|9|3|9|1|15|11|19|14|15|41|23|24|29|38|48|67|59|65|50|50|33|44|35|26|34|20|25|23|31|15|26|22|11|18|19|10|23|21|14|15|19|25|16|21|25|22|20|26|23|32|32|19|26|38|21|27|24|20|38|22|22|29|28|31|25|20|16|16|18|13|18|13|12|20|12|20|21|26|21|27|28|26|21|20|19|14|18|21|27|38|41|67|49|71|63|47|32|23|21|27|24|29|29|35|35|30|34|29|23|43|57|54|38|30|39|51|49|37|24|28|22|39|33|27|9|12|3|6|3|4|5|4|9|4|4|4|1|0|3|0|0|0|0|0|1|1|0|0|0|0|0|0|0|0|0|0|0|0|0|0|0|0|0|0|0|0|0|0|0|0|0|0|0|0|0|0|0|0|0|0|0|0|0|0|0|0|0|0|0|0|0|0|0|0|0|0|0|0|0|0|0|0|0|1</HistCounts>
      </HistItem>
    </Histograms>
    <Metadata>
      <MDI key="STATISTICS_MINIMUM">0.18278999626637</MDI>
      <MDI key="STATISTICS_MAXIMUM">0.33899000287056</MDI>
      <MDI key="STATISTICS_MEAN">0.25360889802518</MDI>
      <MDI key="STATISTICS_STDDEV">0.025169670880029</MDI>
      <MDI key="STATISTICS_SKIPFACTORX">1</MDI>
      <MDI key="STATISTICS_SKIPFACTORY">1</MDI>
      <MDI key="STATISTICS_EXCLUDEDVALUES"></MDI>
      <MDI key="STATISTICS_COVARIANCES">6.33512332208967E-04</MDI>
    </Metadata>
  </PAMRasterBand>
</PAMDataset>
