<PAMDataset>
  <Metadata>
    <MDI key="DataType">Generic</MDI>
  </Metadata>
  <Metadata domain="Esri">
    <MDI key="PyramidResamplingType">NEAREST</MDI>
  </Metadata>
  <PAMRasterBand band="1">
    <Histograms>
      <HistItem>
        <HistMin>0.2958000004291534</HistMin>
        <HistMax>0.480430006980896</HistMax>
        <BucketCount>256</BucketCount>
        <IncludeOutOfRange>1</IncludeOutOfRange>
        <Approximate>0</Approximate>
        <HistCounts>1|0|0|0|0|0|0|0|0|0|0|1|0|0|0|0|0|0|0|0|0|0|0|0|0|0|0|0|0|0|0|0|0|0|0|0|0|0|0|0|0|0|0|0|0|0|0|0|0|0|0|0|0|0|0|0|0|0|0|0|0|0|0|0|0|0|0|0|0|0|0|0|0|1|0|4|8|5|1|4|6|1|3|0|0|0|1|2|1|1|1|2|3|3|1|1|10|6|6|8|4|10|10|6|4|14|7|14|7|18|11|17|26|45|60|50|49|69|63|42|34|23|14|6|9|6|8|11|10|9|12|6|13|15|16|14|10|20|21|21|21|18|10|14|17|12|7|15|18|16|12|16|11|12|16|10|9|13|15|22|29|23|17|29|27|28|16|20|19|10|18|13|21|13|17|23|23|33|32|24|31|31|24|29|26|15|33|32|36|30|27|34|36|47|49|41|53|68|54|52|64|71|78|64|90|71|80|71|57|97|74|57|51|32|33|25|17|20|20|14|17|11|8|12|18|9|16|10|15|13|9|6|11|12|9|12|10|7|9|13|9|9|8|5|4|4|7|3|0|2|2|0|0|1|1|1</HistCounts>
      </HistItem>
    </Histograms>
    <Metadata>
      <MDI key="STATISTICS_MINIMUM">0.29580000042915</MDI>
      <MDI key="STATISTICS_MAXIMUM">0.4804300069809</MDI>
      <MDI key="STATISTICS_MEAN">0.42314320902003</MDI>
      <MDI key="STATISTICS_STDDEV">0.02853663529794</MDI>
      <MDI key="STATISTICS_SKIPFACTORX">1</MDI>
      <MDI key="STATISTICS_SKIPFACTORY">1</MDI>
      <MDI key="STATISTICS_EXCLUDEDVALUES"></MDI>
      <MDI key="STATISTICS_COVARIANCES">8.14339554127616E-04</MDI>
    </Metadata>
  </PAMRasterBand>
</PAMDataset>
