<PAMDataset>
  <Metadata>
    <MDI key="DataType">Generic</MDI>
  </Metadata>
  <Metadata domain="Esri">
    <MDI key="PyramidResamplingType">NEAREST</MDI>
  </Metadata>
  <PAMRasterBand band="1">
    <Histograms>
      <HistItem>
        <HistMin>0.1593399941921234</HistMin>
        <HistMax>0.3372899889945984</HistMax>
        <BucketCount>256</BucketCount>
        <IncludeOutOfRange>1</IncludeOutOfRange>
        <Approximate>0</Approximate>
        <HistCounts>1|0|0|0|1|1|3|2|1|0|4|1|0|3|0|1|0|1|2|1|0|0|3|0|3|2|0|3|1|2|2|0|0|0|1|2|1|0|4|1|2|3|4|2|1|0|2|4|4|4|3|7|6|3|0|9|4|3|5|15|12|13|12|14|25|24|19|16|16|8|12|7|11|10|8|11|13|13|14|18|12|12|19|28|30|35|27|21|23|33|37|24|33|38|36|33|38|64|80|74|69|70|80|52|64|53|47|46|26|32|29|24|22|9|26|18|16|18|28|22|25|17|13|23|24|23|15|9|14|15|20|23|9|19|20|12|15|11|24|19|22|40|26|23|15|25|20|26|25|34|31|38|43|36|36|31|23|28|42|36|53|42|33|40|36|38|37|32|23|31|41|43|35|27|35|39|28|45|24|25|28|22|24|26|18|10|7|11|12|7|15|3|6|2|3|1|3|4|2|2|1|2|0|0|0|0|1|0|0|0|0|0|0|0|0|0|0|0|0|0|0|0|1|0|0|0|0|0|0|0|0|0|0|0|0|0|0|0|0|0|0|0|0|0|0|0|0|0|0|0|0|0|0|0|0|1</HistCounts>
      </HistItem>
    </Histograms>
    <Metadata>
      <MDI key="STATISTICS_MINIMUM">0.15933999419212</MDI>
      <MDI key="STATISTICS_MAXIMUM">0.3372899889946</MDI>
      <MDI key="STATISTICS_MEAN">0.24645707867409</MDI>
      <MDI key="STATISTICS_STDDEV">0.026819035755169</MDI>
      <MDI key="STATISTICS_SKIPFACTORX">1</MDI>
      <MDI key="STATISTICS_SKIPFACTORY">1</MDI>
      <MDI key="STATISTICS_EXCLUDEDVALUES"></MDI>
      <MDI key="STATISTICS_COVARIANCES">7.19260678837047E-04</MDI>
    </Metadata>
  </PAMRasterBand>
</PAMDataset>
