<PAMDataset>
  <Metadata>
    <MDI key="DataType">Generic</MDI>
  </Metadata>
  <Metadata domain="Esri">
    <MDI key="PyramidResamplingType">NEAREST</MDI>
  </Metadata>
  <PAMRasterBand band="1">
    <Histograms>
      <HistItem>
        <HistMin>0.1573400050401688</HistMin>
        <HistMax>0.3140000104904175</HistMax>
        <BucketCount>256</BucketCount>
        <IncludeOutOfRange>1</IncludeOutOfRange>
        <Approximate>0</Approximate>
        <HistCounts>1|0|0|0|0|0|0|0|0|0|0|0|1|0|0|0|0|0|0|0|0|0|0|0|0|1|0|0|0|0|0|0|0|0|0|0|0|0|0|0|0|0|1|2|0|1|0|0|2|2|0|0|3|1|5|6|3|4|4|3|1|7|3|4|4|2|3|3|3|5|4|4|2|9|4|2|6|7|4|6|6|7|5|4|12|8|8|5|7|7|9|4|2|2|8|6|7|6|7|3|5|8|6|4|5|5|11|8|7|4|7|10|8|10|15|8|9|9|18|16|15|10|14|19|17|21|20|17|25|21|34|28|30|33|35|36|37|42|34|41|48|40|47|38|53|57|39|49|47|50|62|49|56|44|35|50|59|42|32|26|37|43|36|44|26|45|30|43|35|29|37|34|43|42|44|40|38|33|38|31|30|34|34|55|39|42|42|31|37|31|29|39|31|32|28|30|16|29|28|23|28|22|20|18|21|20|24|16|22|15|17|11|24|11|9|10|13|9|11|5|8|8|8|14|11|11|4|9|6|5|2|2|3|3|0|1|2|3|2|2|4|4|2|0|0|0|0|0|1|0|0|0|0|0|0|1</HistCounts>
      </HistItem>
    </Histograms>
    <Metadata>
      <MDI key="STATISTICS_MINIMUM">0.15734000504017</MDI>
      <MDI key="STATISTICS_MAXIMUM">0.31400001049042</MDI>
      <MDI key="STATISTICS_MEAN">0.25518117995231</MDI>
      <MDI key="STATISTICS_STDDEV">0.021874877452059</MDI>
      <MDI key="STATISTICS_SKIPFACTORX">1</MDI>
      <MDI key="STATISTICS_SKIPFACTORY">1</MDI>
      <MDI key="STATISTICS_EXCLUDEDVALUES"></MDI>
      <MDI key="STATISTICS_COVARIANCES">4.7851026354262E-04</MDI>
    </Metadata>
  </PAMRasterBand>
</PAMDataset>
