<PAMDataset>
  <Metadata>
    <MDI key="DataType">Generic</MDI>
  </Metadata>
  <Metadata domain="Esri">
    <MDI key="PyramidResamplingType">NEAREST</MDI>
  </Metadata>
  <PAMRasterBand band="1">
    <Histograms>
      <HistItem>
        <HistMin>0.1485300064086914</HistMin>
        <HistMax>0.3502799868583679</HistMax>
        <BucketCount>256</BucketCount>
        <IncludeOutOfRange>1</IncludeOutOfRange>
        <Approximate>0</Approximate>
        <HistCounts>1|0|0|0|0|0|0|1|2|1|2|2|0|1|0|0|3|1|1|0|0|0|3|1|2|3|4|2|2|0|0|1|1|1|1|3|0|3|3|0|1|2|1|5|4|2|3|2|5|3|4|1|6|6|6|5|19|18|15|25|30|16|11|9|11|11|16|11|8|8|6|3|11|15|10|5|11|19|17|17|12|30|32|31|41|45|43|59|74|92|78|86|49|52|42|53|49|50|52|33|50|38|37|45|49|39|36|24|30|30|23|19|31|21|18|18|14|20|17|23|21|22|20|27|16|28|27|27|29|23|24|24|19|22|31|42|36|17|32|35|29|29|28|37|52|38|35|29|35|39|37|32|43|37|47|47|44|44|31|45|38|57|28|42|31|34|17|23|20|14|14|17|20|13|10|8|10|9|6|2|2|4|3|1|2|0|1|2|1|0|0|1|0|0|0|0|0|0|0|0|0|0|0|0|0|0|0|0|0|0|1|0|0|0|0|0|0|0|0|0|0|0|0|0|0|0|0|0|0|0|1|0|0|0|0|0|0|0|0|0|0|0|0|0|0|0|0|0|0|0|0|0|0|0|0|1</HistCounts>
      </HistItem>
    </Histograms>
    <Metadata>
      <MDI key="STATISTICS_MINIMUM">0.14853000640869</MDI>
      <MDI key="STATISTICS_MAXIMUM">0.35027998685837</MDI>
      <MDI key="STATISTICS_MEAN">0.24086466535738</MDI>
      <MDI key="STATISTICS_STDDEV">0.027201579846397</MDI>
      <MDI key="STATISTICS_SKIPFACTORX">1</MDI>
      <MDI key="STATISTICS_SKIPFACTORY">1</MDI>
      <MDI key="STATISTICS_EXCLUDEDVALUES"></MDI>
      <MDI key="STATISTICS_COVARIANCES">7.39925946139928E-04</MDI>
    </Metadata>
  </PAMRasterBand>
</PAMDataset>
