<PAMDataset>
  <Metadata>
    <MDI key="DataType">Generic</MDI>
  </Metadata>
  <Metadata domain="Esri">
    <MDI key="PyramidResamplingType">NEAREST</MDI>
  </Metadata>
  <PAMRasterBand band="1">
    <Histograms>
      <HistItem>
        <HistMin>0.2477899938821793</HistMin>
        <HistMax>0.422760009765625</HistMax>
        <BucketCount>256</BucketCount>
        <IncludeOutOfRange>1</IncludeOutOfRange>
        <Approximate>0</Approximate>
        <HistCounts>1|0|0|0|0|0|0|0|0|0|0|0|0|1|0|0|0|0|0|0|0|0|0|0|0|0|0|0|0|0|0|0|0|0|0|0|0|0|0|0|0|0|0|0|0|0|0|0|0|0|0|0|0|0|0|0|0|0|0|0|0|0|0|0|0|0|1|0|0|0|0|0|0|0|0|0|0|1|0|0|1|3|0|2|2|5|6|6|6|3|7|3|5|2|8|7|6|5|13|8|4|5|8|6|4|8|10|6|4|9|7|6|5|7|12|13|10|10|13|14|15|13|18|17|22|34|40|50|52|69|66|68|71|66|64|49|31|24|25|16|34|41|34|22|35|29|28|36|23|26|21|18|25|31|24|24|33|23|29|38|32|45|48|57|48|55|48|52|51|52|49|56|49|53|50|42|35|42|46|53|43|52|45|53|45|52|46|35|52|44|44|40|39|37|33|33|41|30|23|25|39|19|20|17|23|16|12|16|13|24|16|20|18|9|11|6|2|3|2|3|3|1|2|1|1|0|0|1|0|0|0|0|0|0|0|0|0|0|0|0|0|0|0|0|0|0|0|0|0|0|0|0|0|0|0|1</HistCounts>
      </HistItem>
    </Histograms>
    <Metadata>
      <MDI key="STATISTICS_MINIMUM">0.24778999388218</MDI>
      <MDI key="STATISTICS_MAXIMUM">0.42276000976563</MDI>
      <MDI key="STATISTICS_MEAN">0.35813918834298</MDI>
      <MDI key="STATISTICS_STDDEV">0.020140263470611</MDI>
      <MDI key="STATISTICS_SKIPFACTORX">1</MDI>
      <MDI key="STATISTICS_SKIPFACTORY">1</MDI>
      <MDI key="STATISTICS_EXCLUDEDVALUES"></MDI>
      <MDI key="STATISTICS_COVARIANCES">4.05630212665642E-04</MDI>
    </Metadata>
  </PAMRasterBand>
</PAMDataset>
