<PAMDataset>
  <Metadata>
    <MDI key="DataType">Generic</MDI>
  </Metadata>
  <Metadata domain="Esri">
    <MDI key="PyramidResamplingType">NEAREST</MDI>
  </Metadata>
  <PAMRasterBand band="1">
    <Histograms>
      <HistItem>
        <HistMin>0.2121800035238266</HistMin>
        <HistMax>0.3726800084114075</HistMax>
        <BucketCount>256</BucketCount>
        <IncludeOutOfRange>1</IncludeOutOfRange>
        <Approximate>0</Approximate>
        <HistCounts>1|0|0|0|0|0|1|0|1|3|2|0|1|0|1|0|0|0|0|2|2|3|4|3|2|2|5|3|5|4|3|4|5|9|6|12|8|11|9|15|8|10|5|11|9|10|8|9|3|4|5|8|8|6|12|13|27|36|43|69|52|45|35|38|30|25|25|26|26|21|26|31|23|20|11|18|27|15|21|15|21|29|19|29|13|12|18|13|16|21|12|23|21|14|18|17|20|18|15|18|12|21|20|13|15|14|25|31|24|23|17|24|23|18|24|30|20|20|19|14|16|10|8|16|10|12|19|10|13|8|19|11|20|23|16|18|16|18|22|15|13|21|18|20|20|14|23|16|16|10|19|26|20|24|23|17|29|26|23|27|26|24|37|23|33|18|30|23|25|27|29|49|79|126|70|41|31|27|45|47|73|46|35|20|15|13|22|14|17|17|31|26|12|17|14|5|3|6|7|9|10|14|28|11|4|1|0|0|0|0|0|0|0|0|0|0|0|0|0|0|0|0|0|0|0|0|0|0|0|0|0|0|0|0|0|0|0|0|0|0|0|0|0|0|0|0|0|0|0|0|0|0|0|0|0|1</HistCounts>
      </HistItem>
    </Histograms>
    <Metadata>
      <MDI key="STATISTICS_MINIMUM">0.21218000352383</MDI>
      <MDI key="STATISTICS_MAXIMUM">0.37268000841141</MDI>
      <MDI key="STATISTICS_MEAN">0.29042806532219</MDI>
      <MDI key="STATISTICS_STDDEV">0.030975345070495</MDI>
      <MDI key="STATISTICS_SKIPFACTORX">1</MDI>
      <MDI key="STATISTICS_SKIPFACTORY">1</MDI>
      <MDI key="STATISTICS_EXCLUDEDVALUES"></MDI>
      <MDI key="STATISTICS_COVARIANCES">9.59472002236247E-04</MDI>
    </Metadata>
  </PAMRasterBand>
</PAMDataset>
