<PAMDataset>
  <Metadata>
    <MDI key="DataType">Generic</MDI>
  </Metadata>
  <Metadata domain="Esri">
    <MDI key="PyramidResamplingType">NEAREST</MDI>
  </Metadata>
  <PAMRasterBand band="1">
    <Histograms>
      <HistItem>
        <HistMin>0.2402900010347366</HistMin>
        <HistMax>0.4103299975395203</HistMax>
        <BucketCount>256</BucketCount>
        <IncludeOutOfRange>1</IncludeOutOfRange>
        <Approximate>0</Approximate>
        <HistCounts>1|0|0|0|1|0|0|0|0|1|0|0|0|0|3|1|2|3|3|1|3|2|3|3|2|0|4|5|6|7|3|3|5|5|3|6|5|5|3|3|8|13|13|10|13|22|13|28|27|23|20|20|20|21|28|13|23|19|30|38|42|31|23|19|27|15|21|19|23|26|14|23|23|25|26|17|25|20|13|17|32|19|19|22|14|12|20|13|14|17|22|9|22|13|23|17|16|14|17|17|17|20|15|17|18|25|22|14|18|19|12|18|15|19|16|28|15|7|27|15|17|20|19|18|28|18|16|16|18|20|24|11|22|19|17|19|14|19|21|23|22|22|29|24|34|28|28|23|24|29|22|19|23|29|30|27|28|37|25|28|30|34|32|36|44|35|31|41|50|42|47|48|85|91|93|76|51|42|24|13|5|5|11|7|14|10|8|18|25|15|5|5|3|2|4|7|6|7|4|10|6|5|7|10|10|2|2|0|0|0|0|0|0|0|0|0|0|0|0|0|0|0|0|0|0|0|0|0|0|0|0|0|0|0|0|0|0|0|0|0|0|0|0|0|0|0|0|0|0|0|0|0|0|0|1|0</HistCounts>
      </HistItem>
    </Histograms>
    <Metadata>
      <MDI key="STATISTICS_MINIMUM">0.24029000103474</MDI>
      <MDI key="STATISTICS_MAXIMUM">0.41032999753952</MDI>
      <MDI key="STATISTICS_MEAN">0.32211319019768</MDI>
      <MDI key="STATISTICS_STDDEV">0.031606170951225</MDI>
      <MDI key="STATISTICS_SKIPFACTORX">1</MDI>
      <MDI key="STATISTICS_SKIPFACTORY">1</MDI>
      <MDI key="STATISTICS_EXCLUDEDVALUES"></MDI>
      <MDI key="STATISTICS_COVARIANCES">9.98950042198063E-04</MDI>
    </Metadata>
  </PAMRasterBand>
</PAMDataset>
