<PAMDataset>
  <Metadata>
    <MDI key="DataType">Generic</MDI>
  </Metadata>
  <Metadata domain="Esri">
    <MDI key="PyramidResamplingType">NEAREST</MDI>
  </Metadata>
  <PAMRasterBand band="1">
    <Histograms>
      <HistItem>
        <HistMin>0.2446600049734116</HistMin>
        <HistMax>0.4196699857711792</HistMax>
        <BucketCount>256</BucketCount>
        <IncludeOutOfRange>1</IncludeOutOfRange>
        <Approximate>0</Approximate>
        <HistCounts>1|0|0|0|0|0|0|0|0|0|0|0|0|0|0|0|0|0|0|0|1|0|0|0|0|0|0|0|0|0|0|0|0|0|0|0|0|0|0|0|0|0|0|0|0|0|0|0|0|0|0|0|0|0|0|0|0|0|0|0|0|0|0|0|0|0|0|0|0|0|0|0|0|0|0|0|0|0|0|0|0|0|0|0|0|0|0|1|1|1|0|3|2|1|0|1|2|2|5|7|4|5|2|3|5|8|4|6|6|7|6|4|5|6|11|5|9|13|7|8|3|6|9|11|10|9|7|12|8|14|20|26|39|47|42|50|57|59|55|47|52|40|40|30|28|33|21|38|30|35|26|26|18|21|16|21|15|17|22|20|31|23|9|19|22|20|23|12|18|16|18|14|20|18|19|13|11|13|23|26|16|23|25|34|24|39|32|40|45|51|57|68|76|75|78|71|101|69|68|60|61|68|72|63|53|51|60|54|46|44|30|30|28|26|26|27|27|20|25|23|26|16|19|17|19|13|19|15|7|13|8|12|9|8|5|5|5|4|1|5|1|2|0|1|3|0|1|0|0|0|0|0|0|0|0|1</HistCounts>
      </HistItem>
    </Histograms>
    <Metadata>
      <MDI key="STATISTICS_MINIMUM">0.24466000497341</MDI>
      <MDI key="STATISTICS_MAXIMUM">0.41966998577118</MDI>
      <MDI key="STATISTICS_MEAN">0.36645223607991</MDI>
      <MDI key="STATISTICS_STDDEV">0.022384039525624</MDI>
      <MDI key="STATISTICS_SKIPFACTORX">1</MDI>
      <MDI key="STATISTICS_SKIPFACTORY">1</MDI>
      <MDI key="STATISTICS_EXCLUDEDVALUES"></MDI>
      <MDI key="STATISTICS_COVARIANCES">5.01045225484719E-04</MDI>
    </Metadata>
  </PAMRasterBand>
</PAMDataset>
