<PAMDataset>
  <Metadata>
    <MDI key="DataType">Generic</MDI>
  </Metadata>
  <Metadata domain="Esri">
    <MDI key="PyramidResamplingType">NEAREST</MDI>
  </Metadata>
  <PAMRasterBand band="1">
    <Histograms>
      <HistItem>
        <HistMin>0.1409199982881546</HistMin>
        <HistMax>0.3431999981403351</HistMax>
        <BucketCount>256</BucketCount>
        <IncludeOutOfRange>1</IncludeOutOfRange>
        <Approximate>0</Approximate>
        <HistCounts>1|0|0|0|0|0|0|1|0|0|0|4|1|1|2|1|2|0|1|2|0|1|0|0|1|1|2|0|3|2|2|0|0|2|2|1|0|1|2|1|2|2|0|3|3|4|2|2|1|1|5|0|2|1|6|4|3|7|1|4|8|4|5|9|19|20|19|20|15|9|19|14|15|18|9|10|11|12|16|6|9|16|21|24|19|14|28|31|44|47|57|78|50|66|40|51|69|39|39|41|37|42|42|43|53|43|50|55|39|49|44|58|49|52|51|31|38|39|22|32|40|19|41|47|42|37|64|51|49|65|50|58|60|42|29|26|35|14|45|41|35|38|30|38|35|49|56|57|34|33|24|25|32|24|26|20|22|17|23|23|19|15|19|9|26|13|8|9|11|8|7|7|5|3|5|5|5|4|2|5|2|2|0|5|1|4|2|3|1|2|1|3|2|3|1|2|2|0|0|0|0|1|0|0|1|0|1|0|0|0|0|0|0|0|0|0|0|0|0|0|0|0|0|0|0|0|0|0|0|0|0|0|0|0|0|0|0|0|0|0|0|0|0|0|0|0|0|0|0|0|0|0|0|0|1|0</HistCounts>
      </HistItem>
    </Histograms>
    <Metadata>
      <MDI key="STATISTICS_MINIMUM">0.14091999828815</MDI>
      <MDI key="STATISTICS_MAXIMUM">0.34319999814034</MDI>
      <MDI key="STATISTICS_MEAN">0.23336662189898</MDI>
      <MDI key="STATISTICS_STDDEV">0.02338462671491</MDI>
      <MDI key="STATISTICS_SKIPFACTORX">1</MDI>
      <MDI key="STATISTICS_SKIPFACTORY">1</MDI>
      <MDI key="STATISTICS_EXCLUDEDVALUES"></MDI>
      <MDI key="STATISTICS_COVARIANCES">5.4684076659566E-04</MDI>
    </Metadata>
  </PAMRasterBand>
</PAMDataset>
