<PAMDataset>
  <Metadata>
    <MDI key="DataType">Generic</MDI>
  </Metadata>
  <Metadata domain="Esri">
    <MDI key="PyramidResamplingType">NEAREST</MDI>
  </Metadata>
  <PAMRasterBand band="1">
    <Histograms>
      <HistItem>
        <HistMin>0.1588100045919418</HistMin>
        <HistMax>0.3468399941921234</HistMax>
        <BucketCount>256</BucketCount>
        <IncludeOutOfRange>1</IncludeOutOfRange>
        <Approximate>0</Approximate>
        <HistCounts>1|0|0|0|0|0|0|1|0|0|0|0|1|1|3|3|3|3|1|1|0|0|0|0|1|1|2|0|1|2|2|1|2|2|2|2|1|1|0|2|0|0|4|2|2|3|3|2|2|7|2|4|6|3|10|4|10|8|3|8|8|11|13|12|12|13|16|12|11|21|12|13|18|15|11|21|18|13|14|18|18|14|20|12|15|27|18|30|42|73|61|56|59|54|50|46|47|51|67|74|75|50|48|44|42|38|41|23|30|35|28|30|28|29|26|15|34|19|36|24|16|22|35|17|23|27|18|25|25|20|24|17|21|18|39|31|41|25|40|48|30|37|42|45|37|33|36|48|45|46|55|42|59|61|43|33|39|41|36|38|52|28|20|17|18|11|16|16|12|16|10|8|12|9|15|10|8|11|4|4|5|6|5|5|7|5|10|9|3|4|7|4|5|6|3|3|1|4|3|2|3|2|2|1|1|2|1|0|0|0|0|0|0|0|0|0|0|0|0|0|0|0|0|0|1|0|0|0|0|0|0|0|1|0|0|0|0|0|0|0|0|0|0|0|0|0|0|0|0|0|0|0|0|0|0|1</HistCounts>
      </HistItem>
    </Histograms>
    <Metadata>
      <MDI key="STATISTICS_MINIMUM">0.15881000459194</MDI>
      <MDI key="STATISTICS_MAXIMUM">0.34683999419212</MDI>
      <MDI key="STATISTICS_MEAN">0.24709877172759</MDI>
      <MDI key="STATISTICS_STDDEV">0.025217493787606</MDI>
      <MDI key="STATISTICS_SKIPFACTORX">1</MDI>
      <MDI key="STATISTICS_SKIPFACTORY">1</MDI>
      <MDI key="STATISTICS_EXCLUDEDVALUES"></MDI>
      <MDI key="STATISTICS_COVARIANCES">6.35921992927929E-04</MDI>
    </Metadata>
  </PAMRasterBand>
</PAMDataset>
