<PAMDataset>
  <Metadata>
    <MDI key="DataType">Generic</MDI>
  </Metadata>
  <Metadata domain="Esri">
    <MDI key="PyramidResamplingType">NEAREST</MDI>
  </Metadata>
  <PAMRasterBand band="1">
    <Histograms>
      <HistItem>
        <HistMin>0.2313700020313263</HistMin>
        <HistMax>0.3856000006198883</HistMax>
        <BucketCount>256</BucketCount>
        <IncludeOutOfRange>1</IncludeOutOfRange>
        <Approximate>0</Approximate>
        <HistCounts>1|0|0|0|0|1|1|0|1|0|0|2|0|1|1|0|2|4|1|2|1|2|1|2|2|3|4|2|4|6|2|4|6|4|9|8|9|7|3|8|2|10|3|8|5|4|7|7|5|2|8|10|7|9|12|15|12|20|34|40|35|31|30|34|41|14|34|36|33|33|34|22|30|21|17|28|23|18|15|21|26|25|14|22|9|15|16|21|21|16|15|11|20|17|16|16|22|15|21|18|18|16|27|16|27|21|28|28|23|24|16|30|16|27|20|22|23|8|22|26|24|19|19|11|16|15|11|14|9|19|18|18|9|20|16|11|11|13|10|20|9|9|14|18|18|15|14|27|19|27|28|26|15|14|12|21|25|27|28|16|25|21|21|18|15|20|22|27|16|25|22|26|31|36|25|29|26|41|34|30|33|30|30|46|44|47|48|45|41|37|43|34|31|30|24|22|19|22|14|14|10|20|11|13|15|15|9|7|7|8|10|5|6|8|6|14|9|7|3|4|10|3|0|1|0|1|0|1|0|0|0|0|0|0|0|0|0|0|0|0|0|0|0|0|0|0|0|0|0|0|0|0|0|0|0|1</HistCounts>
      </HistItem>
    </Histograms>
    <Metadata>
      <MDI key="STATISTICS_MINIMUM">0.23137000203133</MDI>
      <MDI key="STATISTICS_MAXIMUM">0.38560000061989</MDI>
      <MDI key="STATISTICS_MEAN">0.30991840873938</MDI>
      <MDI key="STATISTICS_STDDEV">0.031076348701737</MDI>
      <MDI key="STATISTICS_SKIPFACTORX">1</MDI>
      <MDI key="STATISTICS_SKIPFACTORY">1</MDI>
      <MDI key="STATISTICS_EXCLUDEDVALUES"></MDI>
      <MDI key="STATISTICS_COVARIANCES">9.65739448631923E-04</MDI>
    </Metadata>
  </PAMRasterBand>
</PAMDataset>
