<PAMDataset>
  <Metadata>
    <MDI key="DataType">Generic</MDI>
  </Metadata>
  <Metadata domain="Esri">
    <MDI key="PyramidResamplingType">NEAREST</MDI>
  </Metadata>
  <PAMRasterBand band="1">
    <Histograms>
      <HistItem>
        <HistMin>0.1832199990749359</HistMin>
        <HistMax>0.3370200097560883</HistMax>
        <BucketCount>256</BucketCount>
        <IncludeOutOfRange>1</IncludeOutOfRange>
        <Approximate>0</Approximate>
        <HistCounts>2|0|1|2|1|1|0|1|0|1|0|1|0|0|1|0|2|0|0|0|0|0|2|1|1|0|2|0|0|0|2|1|3|0|0|1|3|2|1|0|0|0|1|2|1|4|2|2|2|2|1|4|4|5|2|3|5|4|5|2|2|5|2|6|2|3|10|7|8|12|8|8|15|11|15|14|11|11|8|7|7|11|19|10|13|6|13|7|12|17|14|14|21|22|15|20|25|22|23|30|24|28|37|33|28|39|31|31|53|38|46|60|49|35|40|48|79|51|54|59|39|50|42|31|39|34|23|25|39|26|24|27|22|31|23|29|40|67|61|43|46|29|32|39|26|23|19|32|36|31|31|40|29|26|25|37|32|37|41|52|35|19|48|44|39|31|29|33|26|19|27|34|27|30|20|24|29|17|19|19|19|11|11|23|15|11|15|21|8|11|11|18|18|9|10|7|6|10|5|7|5|9|2|2|8|5|5|1|3|3|5|2|2|6|3|1|1|5|7|4|5|4|4|2|0|0|1|0|0|0|0|0|0|0|0|0|0|0|0|0|0|0|0|0|0|0|0|0|0|0|0|0|0|0|1|0</HistCounts>
      </HistItem>
    </Histograms>
    <Metadata>
      <MDI key="STATISTICS_MINIMUM">0.18321999907494</MDI>
      <MDI key="STATISTICS_MAXIMUM">0.33702000975609</MDI>
      <MDI key="STATISTICS_MEAN">0.26370285391743</MDI>
      <MDI key="STATISTICS_STDDEV">0.02149616399014</MDI>
      <MDI key="STATISTICS_SKIPFACTORX">1</MDI>
      <MDI key="STATISTICS_SKIPFACTORY">1</MDI>
      <MDI key="STATISTICS_EXCLUDEDVALUES"></MDI>
      <MDI key="STATISTICS_COVARIANCES">4.62085066290973E-04</MDI>
    </Metadata>
  </PAMRasterBand>
</PAMDataset>
