<PAMDataset>
  <Metadata>
    <MDI key="DataType">Generic</MDI>
  </Metadata>
  <Metadata domain="Esri">
    <MDI key="PyramidResamplingType">NEAREST</MDI>
  </Metadata>
  <PAMRasterBand band="1">
    <Histograms>
      <HistItem>
        <HistMin>0.2376299947500229</HistMin>
        <HistMax>0.3959999978542328</HistMax>
        <BucketCount>256</BucketCount>
        <IncludeOutOfRange>1</IncludeOutOfRange>
        <Approximate>0</Approximate>
        <HistCounts>1|2|2|0|3|3|0|1|2|3|0|1|2|3|1|2|1|3|0|1|0|4|2|1|1|1|1|2|1|2|0|3|1|1|2|4|3|4|5|2|2|2|1|1|6|2|2|2|8|5|5|9|18|14|18|17|11|12|17|14|13|10|11|14|13|16|17|14|9|9|14|12|15|24|25|28|20|16|18|21|26|25|25|15|24|20|18|20|19|17|28|21|19|26|28|26|41|21|17|25|12|15|6|15|20|15|24|23|25|27|24|29|27|38|26|26|24|36|45|31|32|24|30|34|36|22|39|24|29|23|23|16|23|7|18|25|38|36|43|50|81|76|71|64|50|47|48|40|44|43|42|50|46|45|47|43|36|45|45|35|41|25|27|38|29|34|32|42|35|28|28|15|23|23|21|20|14|14|14|10|8|7|3|11|12|8|9|7|4|10|6|6|9|7|5|3|6|2|2|1|0|3|1|1|0|0|0|0|0|0|0|1|0|0|0|0|0|0|0|0|0|0|0|0|0|0|0|0|0|0|0|0|0|0|0|0|0|0|0|0|0|0|0|0|0|0|0|0|0|0|0|0|0|0|0|1</HistCounts>
      </HistItem>
    </Histograms>
    <Metadata>
      <MDI key="STATISTICS_MINIMUM">0.23762999475002</MDI>
      <MDI key="STATISTICS_MAXIMUM">0.39599999785423</MDI>
      <MDI key="STATISTICS_MEAN">0.31508221441829</MDI>
      <MDI key="STATISTICS_STDDEV">0.023653748823817</MDI>
      <MDI key="STATISTICS_SKIPFACTORX">1</MDI>
      <MDI key="STATISTICS_SKIPFACTORY">1</MDI>
      <MDI key="STATISTICS_EXCLUDEDVALUES"></MDI>
      <MDI key="STATISTICS_COVARIANCES">5.59499833420211E-04</MDI>
    </Metadata>
  </PAMRasterBand>
</PAMDataset>
