<PAMDataset>
  <Metadata>
    <MDI key="DataType">Generic</MDI>
  </Metadata>
  <Metadata domain="Esri">
    <MDI key="PyramidResamplingType">NEAREST</MDI>
  </Metadata>
  <PAMRasterBand band="1">
    <Histograms>
      <HistItem>
        <HistMin>0.1258099973201752</HistMin>
        <HistMax>0.311599999666214</HistMax>
        <BucketCount>256</BucketCount>
        <IncludeOutOfRange>1</IncludeOutOfRange>
        <Approximate>0</Approximate>
        <HistCounts>1|0|0|0|0|0|0|0|0|0|0|0|0|0|0|0|0|0|0|0|0|0|0|0|0|0|0|0|0|0|0|0|0|0|0|1|0|0|0|0|0|0|0|0|0|0|0|0|0|1|0|0|0|0|0|0|0|0|0|0|0|0|1|0|0|0|0|0|0|0|0|0|0|0|0|0|1|0|0|0|0|0|1|0|0|1|1|1|0|1|2|0|1|2|0|3|2|1|1|4|1|3|2|2|3|3|2|10|7|11|7|10|4|8|11|12|9|15|5|6|12|8|12|12|17|13|10|9|6|10|7|11|11|13|10|8|16|10|15|16|14|16|19|23|29|21|26|42|32|41|33|34|48|47|49|40|49|48|45|51|51|55|40|49|48|68|77|64|63|40|58|48|27|30|35|23|28|32|40|30|42|41|43|35|31|38|33|44|38|39|27|44|37|28|44|43|45|52|55|46|45|55|39|42|42|43|35|29|39|34|36|29|31|36|32|31|34|25|18|18|17|23|14|15|9|19|8|11|15|15|14|14|11|8|4|4|2|0|1|1|1|3|2|2|5|3|4|0|0|1|0|0|0|0|1|0</HistCounts>
      </HistItem>
    </Histograms>
    <Metadata>
      <MDI key="STATISTICS_MINIMUM">0.12580999732018</MDI>
      <MDI key="STATISTICS_MAXIMUM">0.31159999966621</MDI>
      <MDI key="STATISTICS_MEAN">0.25435266859811</MDI>
      <MDI key="STATISTICS_STDDEV">0.021889340363439</MDI>
      <MDI key="STATISTICS_SKIPFACTORX">1</MDI>
      <MDI key="STATISTICS_SKIPFACTORY">1</MDI>
      <MDI key="STATISTICS_EXCLUDEDVALUES"></MDI>
      <MDI key="STATISTICS_COVARIANCES">4.79143221546458E-04</MDI>
    </Metadata>
  </PAMRasterBand>
</PAMDataset>
