<PAMDataset>
  <Metadata>
    <MDI key="DataType">Generic</MDI>
  </Metadata>
  <Metadata domain="Esri">
    <MDI key="PyramidResamplingType">NEAREST</MDI>
  </Metadata>
  <PAMRasterBand band="1">
    <Histograms>
      <HistItem>
        <HistMin>0.2264599949121475</HistMin>
        <HistMax>0.3889200091362</HistMax>
        <BucketCount>256</BucketCount>
        <IncludeOutOfRange>1</IncludeOutOfRange>
        <Approximate>0</Approximate>
        <HistCounts>1|0|1|0|0|0|0|0|0|0|1|0|2|2|1|2|3|1|5|5|9|10|0|3|8|6|3|1|10|3|11|9|9|7|4|7|5|6|6|6|7|4|5|4|5|10|7|18|13|27|27|31|32|27|22|27|34|36|27|24|27|37|41|38|33|32|22|23|17|15|28|16|21|14|15|14|16|17|11|16|14|18|13|11|15|12|20|12|10|15|23|17|27|25|23|21|13|12|12|18|25|14|14|12|20|16|24|15|18|19|19|17|23|23|26|18|24|25|27|31|26|21|28|29|25|26|19|14|19|18|17|40|20|14|16|12|23|21|22|34|18|19|23|18|29|11|22|29|47|78|95|89|60|48|44|48|55|69|77|44|50|37|39|50|23|46|35|48|25|33|20|22|15|14|14|18|13|15|20|27|15|11|1|3|7|2|5|2|4|2|3|3|1|1|0|0|0|0|0|0|0|1|0|0|0|0|0|0|0|0|0|0|0|0|0|0|0|0|0|0|0|0|0|0|0|0|0|0|0|0|0|0|0|0|0|0|0|0|0|0|0|0|0|0|0|0|0|0|0|0|0|0|0|0|0|1</HistCounts>
      </HistItem>
    </Histograms>
    <Metadata>
      <MDI key="STATISTICS_MINIMUM">0.22645999491215</MDI>
      <MDI key="STATISTICS_MAXIMUM">0.3889200091362</MDI>
      <MDI key="STATISTICS_MEAN">0.30093416553997</MDI>
      <MDI key="STATISTICS_STDDEV">0.027989256051574</MDI>
      <MDI key="STATISTICS_SKIPFACTORX">1</MDI>
      <MDI key="STATISTICS_SKIPFACTORY">1</MDI>
      <MDI key="STATISTICS_EXCLUDEDVALUES"></MDI>
      <MDI key="STATISTICS_COVARIANCES">7.83398454320551E-04</MDI>
    </Metadata>
  </PAMRasterBand>
</PAMDataset>
