<PAMDataset>
  <Metadata>
    <MDI key="DataType">Generic</MDI>
  </Metadata>
  <Metadata domain="Esri">
    <MDI key="PyramidResamplingType">NEAREST</MDI>
  </Metadata>
  <PAMRasterBand band="1">
    <Histograms>
      <HistItem>
        <HistMin>0.180429995059967</HistMin>
        <HistMax>0.3291000127792358</HistMax>
        <BucketCount>256</BucketCount>
        <IncludeOutOfRange>1</IncludeOutOfRange>
        <Approximate>0</Approximate>
        <HistCounts>1|1|0|0|0|0|0|0|0|0|0|0|0|0|0|0|0|0|0|0|0|0|0|0|0|0|0|0|0|0|0|0|0|0|0|0|0|0|0|0|1|0|2|0|0|2|1|1|0|1|2|1|1|2|5|2|2|0|3|1|4|2|1|2|7|5|10|2|5|2|5|10|7|4|4|9|4|9|11|4|10|8|8|9|12|10|8|4|5|7|5|1|7|8|7|1|6|14|5|7|8|9|8|5|6|6|9|8|12|9|17|12|11|10|11|15|13|17|14|10|18|22|11|27|22|26|20|35|25|27|34|26|37|43|29|49|32|39|46|41|45|42|45|61|47|41|48|64|64|67|63|53|64|52|57|47|39|32|44|34|35|49|27|29|47|43|49|24|57|37|35|41|36|36|48|45|46|35|46|27|39|34|41|39|32|22|26|33|27|26|20|22|26|16|20|26|19|19|13|10|12|11|16|9|10|15|12|13|17|14|9|16|12|8|11|12|7|7|5|6|10|7|7|7|6|8|5|9|5|4|4|4|5|1|5|2|0|0|0|0|0|1|0|0|0|0|0|0|0|0|0|0|0|0|0|1</HistCounts>
      </HistItem>
    </Histograms>
    <Metadata>
      <MDI key="STATISTICS_MINIMUM">0.18042999505997</MDI>
      <MDI key="STATISTICS_MAXIMUM">0.32910001277924</MDI>
      <MDI key="STATISTICS_MEAN">0.27037115832373</MDI>
      <MDI key="STATISTICS_STDDEV">0.020133570834463</MDI>
      <MDI key="STATISTICS_SKIPFACTORX">1</MDI>
      <MDI key="STATISTICS_SKIPFACTORY">1</MDI>
      <MDI key="STATISTICS_EXCLUDEDVALUES"></MDI>
      <MDI key="STATISTICS_COVARIANCES">4.05360674546338E-04</MDI>
    </Metadata>
  </PAMRasterBand>
</PAMDataset>
