<PAMDataset>
  <Metadata>
    <MDI key="DataType">Generic</MDI>
  </Metadata>
  <Metadata domain="Esri">
    <MDI key="PyramidResamplingType">NEAREST</MDI>
  </Metadata>
  <PAMRasterBand band="1">
    <Histograms>
      <HistItem>
        <HistMin>0.1951200067996979</HistMin>
        <HistMax>0.3570399880409241</HistMax>
        <BucketCount>256</BucketCount>
        <IncludeOutOfRange>1</IncludeOutOfRange>
        <Approximate>0</Approximate>
        <HistCounts>1|0|0|0|0|0|0|1|0|0|0|0|0|0|0|0|0|0|0|0|0|0|0|0|0|0|0|0|0|0|0|0|0|0|0|0|0|0|0|0|0|0|0|0|0|0|0|0|0|0|0|0|0|0|0|1|0|0|0|0|0|2|0|1|0|1|1|1|2|0|0|1|2|0|1|2|0|3|3|1|5|4|3|3|5|1|6|6|6|5|3|2|5|7|6|6|6|8|7|6|6|7|9|12|4|9|12|9|12|15|17|11|11|18|10|8|21|11|12|12|16|21|10|15|18|13|25|31|40|20|35|25|27|33|44|31|47|49|59|61|71|74|66|73|65|78|77|60|47|42|54|32|43|38|35|33|54|56|59|30|43|39|46|41|41|36|40|41|44|32|46|31|40|34|42|45|31|37|34|38|49|43|50|34|28|34|41|34|34|37|32|33|30|34|34|21|16|14|11|9|18|16|15|14|7|14|12|16|13|11|11|14|12|15|9|14|16|13|8|8|6|0|1|0|0|0|0|1|0|0|0|0|0|0|0|0|0|0|0|0|0|0|0|0|0|0|0|0|0|0|0|0|0|0|0|1</HistCounts>
      </HistItem>
    </Histograms>
    <Metadata>
      <MDI key="STATISTICS_MINIMUM">0.1951200067997</MDI>
      <MDI key="STATISTICS_MAXIMUM">0.35703998804092</MDI>
      <MDI key="STATISTICS_MEAN">0.29479899760201</MDI>
      <MDI key="STATISTICS_STDDEV">0.018519491070778</MDI>
      <MDI key="STATISTICS_SKIPFACTORX">1</MDI>
      <MDI key="STATISTICS_SKIPFACTORY">1</MDI>
      <MDI key="STATISTICS_EXCLUDEDVALUES"></MDI>
      <MDI key="STATISTICS_COVARIANCES">3.42971549520617E-04</MDI>
    </Metadata>
  </PAMRasterBand>
</PAMDataset>
