<PAMDataset>
  <Metadata>
    <MDI key="DataType">Generic</MDI>
  </Metadata>
  <Metadata domain="Esri">
    <MDI key="PyramidResamplingType">NEAREST</MDI>
  </Metadata>
  <PAMRasterBand band="1">
    <Histograms>
      <HistItem>
        <HistMin>0.2574400007724762</HistMin>
        <HistMax>0.4282900094985962</HistMax>
        <BucketCount>256</BucketCount>
        <IncludeOutOfRange>1</IncludeOutOfRange>
        <Approximate>0</Approximate>
        <HistCounts>1|0|0|0|0|0|0|1|0|0|0|0|0|0|0|0|0|0|0|0|0|0|0|0|0|0|0|0|0|0|0|0|0|0|0|0|0|0|0|0|0|0|0|0|0|0|0|0|0|0|0|0|0|0|0|0|0|0|0|0|0|0|0|0|1|0|1|0|0|1|1|1|0|2|2|3|3|2|3|3|4|0|5|1|1|2|5|4|3|7|4|4|8|6|9|7|5|8|7|10|11|5|8|5|5|7|9|7|17|9|13|7|10|16|12|14|10|13|24|16|16|15|20|20|19|24|17|27|20|35|33|45|51|48|38|38|31|40|37|25|24|24|25|22|23|22|26|31|26|17|13|26|22|21|13|18|19|10|14|13|17|16|18|16|9|17|14|21|15|28|21|24|25|23|29|36|40|46|55|53|46|57|47|35|45|44|52|30|44|70|54|50|65|58|60|65|49|48|61|43|55|47|39|41|48|44|54|44|32|36|23|27|26|22|21|30|26|17|13|22|18|12|17|23|7|10|7|9|8|4|5|7|5|5|2|2|3|1|2|4|0|0|2|0|1|0|1|1|0|0|0|0|0|0|0|1</HistCounts>
      </HistItem>
    </Histograms>
    <Metadata>
      <MDI key="STATISTICS_MINIMUM">0.25744000077248</MDI>
      <MDI key="STATISTICS_MAXIMUM">0.4282900094986</MDI>
      <MDI key="STATISTICS_MEAN">0.37167735012972</MDI>
      <MDI key="STATISTICS_STDDEV">0.023823417167822</MDI>
      <MDI key="STATISTICS_SKIPFACTORX">1</MDI>
      <MDI key="STATISTICS_SKIPFACTORY">1</MDI>
      <MDI key="STATISTICS_EXCLUDEDVALUES"></MDI>
      <MDI key="STATISTICS_COVARIANCES">5.67555205552078E-04</MDI>
    </Metadata>
  </PAMRasterBand>
</PAMDataset>
