<PAMDataset>
  <Metadata>
    <MDI key="DataType">Generic</MDI>
  </Metadata>
  <Metadata domain="Esri">
    <MDI key="PyramidResamplingType">NEAREST</MDI>
  </Metadata>
  <PAMRasterBand band="1">
    <Histograms>
      <HistItem>
        <HistMin>0.2065699994564056</HistMin>
        <HistMax>0.3633100092411041</HistMax>
        <BucketCount>256</BucketCount>
        <IncludeOutOfRange>1</IncludeOutOfRange>
        <Approximate>0</Approximate>
        <HistCounts>1|0|0|1|0|2|4|0|1|3|0|1|1|3|1|1|3|1|5|3|2|3|1|1|2|2|3|2|4|4|1|4|3|0|3|4|5|3|4|2|1|1|4|3|1|2|5|5|10|5|5|8|5|11|10|13|11|14|8|11|22|15|25|10|21|16|19|9|18|11|34|26|27|24|26|41|40|33|27|25|29|28|19|16|29|17|14|17|25|12|18|19|16|14|18|16|17|18|11|18|12|23|17|18|15|12|23|25|25|27|39|42|34|31|28|33|29|16|31|23|24|30|28|36|20|25|31|32|27|25|30|33|32|32|26|18|27|21|42|44|65|50|42|47|45|27|36|36|28|26|28|20|26|39|50|59|33|27|36|41|43|51|51|43|52|22|23|22|31|36|27|22|19|27|17|23|16|18|21|23|17|17|18|15|12|7|8|7|15|8|7|13|4|8|6|8|7|3|9|6|3|4|3|3|7|2|4|2|3|0|2|0|1|0|0|0|0|0|0|0|0|0|0|0|0|0|0|0|0|0|0|0|0|0|0|0|0|0|0|0|0|0|0|0|0|0|0|0|0|0|0|0|0|0|0|1</HistCounts>
      </HistItem>
    </Histograms>
    <Metadata>
      <MDI key="STATISTICS_MINIMUM">0.20656999945641</MDI>
      <MDI key="STATISTICS_MAXIMUM">0.3633100092411</MDI>
      <MDI key="STATISTICS_MEAN">0.28318110453173</MDI>
      <MDI key="STATISTICS_STDDEV">0.025043926990476</MDI>
      <MDI key="STATISTICS_SKIPFACTORX">1</MDI>
      <MDI key="STATISTICS_SKIPFACTORY">1</MDI>
      <MDI key="STATISTICS_EXCLUDEDVALUES"></MDI>
      <MDI key="STATISTICS_COVARIANCES">6.27198279104296E-04</MDI>
    </Metadata>
  </PAMRasterBand>
</PAMDataset>
