<PAMDataset>
  <Metadata>
    <MDI key="DataType">Generic</MDI>
  </Metadata>
  <Metadata domain="Esri">
    <MDI key="PyramidResamplingType">NEAREST</MDI>
  </Metadata>
  <PAMRasterBand band="1">
    <Histograms>
      <HistItem>
        <HistMin>0.3157100081443787</HistMin>
        <HistMax>0.4979499876499176</HistMax>
        <BucketCount>256</BucketCount>
        <IncludeOutOfRange>1</IncludeOutOfRange>
        <Approximate>0</Approximate>
        <HistCounts>1|0|0|0|0|0|0|0|0|0|0|0|0|0|0|0|0|0|0|0|0|0|0|0|0|0|0|1|0|0|0|0|0|0|0|0|0|0|0|0|0|0|0|0|0|0|0|0|0|0|0|0|0|0|0|0|0|0|0|0|0|1|3|0|3|2|0|4|6|6|2|1|0|1|1|3|2|2|2|0|1|1|6|1|3|2|4|2|5|8|6|7|6|6|8|5|9|5|11|8|6|14|12|17|16|17|21|24|50|56|53|58|64|56|52|37|32|11|19|13|12|16|7|20|14|14|26|19|19|13|29|18|14|16|21|20|14|15|25|33|20|29|39|38|27|23|28|28|35|26|26|32|30|31|37|32|34|22|36|30|51|51|62|47|55|52|49|56|51|56|50|52|57|44|43|43|40|34|42|28|31|25|27|29|34|37|32|29|32|36|34|40|44|32|37|33|45|45|35|36|32|34|23|32|30|20|17|19|8|8|5|3|5|5|5|8|5|10|8|6|1|2|5|3|3|3|7|7|2|0|1|0|1|0|2|0|0|0|1|1|0|0|0|0|0|0|1|0|0|0|0|0|0|0|0|1</HistCounts>
      </HistItem>
    </Histograms>
    <Metadata>
      <MDI key="STATISTICS_MINIMUM">0.31571000814438</MDI>
      <MDI key="STATISTICS_MAXIMUM">0.49794998764992</MDI>
      <MDI key="STATISTICS_MEAN">0.42774984130806</MDI>
      <MDI key="STATISTICS_STDDEV">0.024314706620411</MDI>
      <MDI key="STATISTICS_SKIPFACTORX">1</MDI>
      <MDI key="STATISTICS_SKIPFACTORY">1</MDI>
      <MDI key="STATISTICS_EXCLUDEDVALUES"></MDI>
      <MDI key="STATISTICS_COVARIANCES">5.91204958036676E-04</MDI>
    </Metadata>
  </PAMRasterBand>
</PAMDataset>
