<PAMDataset>
  <Metadata>
    <MDI key="DataType">Generic</MDI>
  </Metadata>
  <Metadata domain="Esri">
    <MDI key="PyramidResamplingType">NEAREST</MDI>
  </Metadata>
  <PAMRasterBand band="1">
    <Histograms>
      <HistItem>
        <HistMin>0.2235099971294403</HistMin>
        <HistMax>0.3660300076007843</HistMax>
        <BucketCount>256</BucketCount>
        <IncludeOutOfRange>1</IncludeOutOfRange>
        <Approximate>0</Approximate>
        <HistCounts>1|0|3|0|0|0|0|1|0|2|0|0|0|0|2|1|1|1|4|2|0|2|0|1|3|5|1|1|2|5|5|6|3|5|7|6|6|8|4|9|6|7|0|2|8|12|7|12|10|1|7|6|5|1|4|4|3|3|7|9|14|12|11|9|14|25|26|31|32|36|39|64|60|36|28|22|22|21|26|12|14|25|27|22|28|18|19|21|18|17|14|10|18|17|15|16|10|29|22|26|19|12|20|17|21|21|24|19|23|22|21|21|19|20|25|20|19|14|17|18|17|11|11|23|17|10|12|18|14|18|19|8|18|6|10|7|10|15|9|15|10|10|11|12|12|16|11|7|12|8|8|19|22|26|20|14|14|13|21|14|13|6|13|21|18|25|18|15|16|15|20|17|18|12|21|21|20|9|23|29|27|20|13|21|25|16|21|27|20|32|23|24|32|21|27|27|24|23|37|19|23|24|15|24|22|31|36|41|40|28|45|38|48|27|28|29|23|20|13|16|17|18|15|11|15|7|14|6|17|14|13|12|6|8|9|7|7|6|6|8|4|7|5|4|1|1|1|1|0|1|0|1|0|0|1|1</HistCounts>
      </HistItem>
    </Histograms>
    <Metadata>
      <MDI key="STATISTICS_MINIMUM">0.22350999712944</MDI>
      <MDI key="STATISTICS_MAXIMUM">0.36603000760078</MDI>
      <MDI key="STATISTICS_MEAN">0.30288492043439</MDI>
      <MDI key="STATISTICS_STDDEV">0.032420755819942</MDI>
      <MDI key="STATISTICS_SKIPFACTORX">1</MDI>
      <MDI key="STATISTICS_SKIPFACTORY">1</MDI>
      <MDI key="STATISTICS_EXCLUDEDVALUES"></MDI>
      <MDI key="STATISTICS_COVARIANCES">1.05110540793628E-03</MDI>
    </Metadata>
  </PAMRasterBand>
</PAMDataset>
