<PAMDataset>
  <Metadata>
    <MDI key="DataType">Generic</MDI>
  </Metadata>
  <Metadata domain="Esri">
    <MDI key="PyramidResamplingType">NEAREST</MDI>
  </Metadata>
  <PAMRasterBand band="1">
    <Histograms>
      <HistItem>
        <HistMin>0.1676300019025803</HistMin>
        <HistMax>0.3221299946308136</HistMax>
        <BucketCount>256</BucketCount>
        <IncludeOutOfRange>1</IncludeOutOfRange>
        <Approximate>0</Approximate>
        <HistCounts>1|1|3|1|0|1|1|0|0|1|0|0|0|1|0|1|1|0|0|1|1|0|0|1|2|2|2|1|1|1|3|1|0|0|1|0|0|1|0|0|3|0|0|1|1|0|1|0|5|1|5|6|4|1|1|0|1|4|4|2|3|4|5|3|9|3|4|4|6|5|8|3|8|9|16|10|9|12|8|16|7|12|9|9|11|9|16|7|11|13|18|12|7|10|16|7|18|19|30|31|30|26|39|47|48|40|35|32|33|31|31|36|35|30|30|16|40|48|54|59|68|96|107|64|33|43|38|22|26|27|33|20|25|20|18|28|25|21|38|50|49|50|47|43|48|42|36|44|32|31|36|36|25|46|23|27|29|22|25|28|28|34|34|45|39|32|39|49|25|29|28|35|29|35|32|26|24|23|16|20|20|21|21|15|15|13|14|20|12|10|11|13|10|8|6|8|9|9|8|7|4|8|6|7|7|2|2|7|8|1|3|3|5|2|3|0|2|3|1|0|1|0|0|1|2|3|1|2|9|4|2|0|0|0|0|0|0|0|0|0|0|0|0|0|0|0|0|0|0|0|0|0|0|0|2|0</HistCounts>
      </HistItem>
    </Histograms>
    <Metadata>
      <MDI key="STATISTICS_MINIMUM">0.16763000190258</MDI>
      <MDI key="STATISTICS_MAXIMUM">0.32212999463081</MDI>
      <MDI key="STATISTICS_MEAN">0.24953595562284</MDI>
      <MDI key="STATISTICS_STDDEV">0.021229388230304</MDI>
      <MDI key="STATISTICS_SKIPFACTORX">1</MDI>
      <MDI key="STATISTICS_SKIPFACTORY">1</MDI>
      <MDI key="STATISTICS_EXCLUDEDVALUES"></MDI>
      <MDI key="STATISTICS_COVARIANCES">4.50686924632955E-04</MDI>
    </Metadata>
  </PAMRasterBand>
</PAMDataset>
