<PAMDataset>
  <Metadata>
    <MDI key="DataType">Generic</MDI>
  </Metadata>
  <Metadata domain="Esri">
    <MDI key="PyramidResamplingType">NEAREST</MDI>
  </Metadata>
  <PAMRasterBand band="1">
    <Histograms>
      <HistItem>
        <HistMin>0.259550005197525</HistMin>
        <HistMax>0.4472599923610687</HistMax>
        <BucketCount>256</BucketCount>
        <IncludeOutOfRange>1</IncludeOutOfRange>
        <Approximate>0</Approximate>
        <HistCounts>1|0|0|0|0|0|0|0|0|0|0|0|0|0|0|0|0|0|0|0|0|0|1|0|0|0|0|0|0|0|0|0|0|0|0|0|0|0|0|0|0|0|0|0|0|0|0|0|0|0|0|0|0|0|0|0|0|0|0|0|0|0|0|0|0|0|0|0|0|0|0|0|0|0|0|0|0|0|0|0|0|0|0|0|1|0|0|0|1|1|1|3|7|9|6|1|5|2|1|1|3|0|2|2|4|5|4|8|12|8|11|12|13|13|17|12|12|10|4|7|11|9|8|9|9|13|18|26|81|70|85|63|28|20|19|10|24|17|16|15|17|16|16|19|21|32|22|18|21|19|15|14|11|7|14|10|12|6|15|14|22|10|18|17|18|16|20|16|25|13|22|31|23|16|29|24|18|15|17|12|28|21|21|29|38|31|35|44|33|32|25|20|37|26|26|21|33|35|37|59|54|69|71|77|69|69|86|69|49|52|58|41|34|53|53|62|57|64|53|57|46|37|42|32|18|22|22|15|16|14|14|11|10|9|9|4|6|11|11|2|8|16|19|8|5|7|7|6|4|2|1|4|1|0|1|1</HistCounts>
      </HistItem>
    </Histograms>
    <Metadata>
      <MDI key="STATISTICS_MINIMUM">0.25955000519753</MDI>
      <MDI key="STATISTICS_MAXIMUM">0.44725999236107</MDI>
      <MDI key="STATISTICS_MEAN">0.3937660709436</MDI>
      <MDI key="STATISTICS_STDDEV">0.027276265250602</MDI>
      <MDI key="STATISTICS_SKIPFACTORX">1</MDI>
      <MDI key="STATISTICS_SKIPFACTORY">1</MDI>
      <MDI key="STATISTICS_EXCLUDEDVALUES"></MDI>
      <MDI key="STATISTICS_COVARIANCES">7.43994646021196E-04</MDI>
    </Metadata>
  </PAMRasterBand>
</PAMDataset>
