<PAMDataset>
  <Metadata>
    <MDI key="DataType">Generic</MDI>
  </Metadata>
  <Metadata domain="Esri">
    <MDI key="PyramidResamplingType">NEAREST</MDI>
  </Metadata>
  <PAMRasterBand band="1">
    <Histograms>
      <HistItem>
        <HistMin>0.1673299968242645</HistMin>
        <HistMax>0.3196499943733215</HistMax>
        <BucketCount>256</BucketCount>
        <IncludeOutOfRange>1</IncludeOutOfRange>
        <Approximate>0</Approximate>
        <HistCounts>1|0|0|1|0|0|0|0|0|0|0|0|0|0|0|0|0|0|0|0|0|0|0|0|0|0|0|0|0|0|0|0|0|0|0|0|0|0|0|2|1|0|0|0|0|2|2|0|2|0|0|1|0|3|2|4|1|1|1|0|2|5|6|1|1|0|8|10|4|5|5|2|4|5|5|6|11|8|5|5|8|5|16|9|9|10|8|8|8|4|7|4|1|6|6|3|5|6|9|8|10|4|13|5|7|5|8|10|9|15|14|8|8|4|8|11|16|14|12|18|15|12|20|24|22|28|29|25|36|39|33|45|25|34|41|40|49|39|46|46|35|48|49|42|38|43|40|40|49|54|51|68|30|35|51|51|48|25|29|29|32|36|28|31|33|30|36|33|37|50|37|48|34|32|46|31|58|31|41|37|38|44|49|36|33|32|33|31|36|32|36|20|38|24|31|29|27|23|29|24|19|21|21|24|18|13|13|12|13|20|13|11|9|8|11|11|8|10|6|12|8|10|7|14|3|8|6|9|2|2|3|3|5|1|2|2|3|2|0|4|1|1|0|0|1|0|0|0|0|0|0|0|0|0|0|1</HistCounts>
      </HistItem>
    </Histograms>
    <Metadata>
      <MDI key="STATISTICS_MINIMUM">0.16732999682426</MDI>
      <MDI key="STATISTICS_MAXIMUM">0.31964999437332</MDI>
      <MDI key="STATISTICS_MEAN">0.26099451515775</MDI>
      <MDI key="STATISTICS_STDDEV">0.021163907167744</MDI>
      <MDI key="STATISTICS_SKIPFACTORX">1</MDI>
      <MDI key="STATISTICS_SKIPFACTORY">1</MDI>
      <MDI key="STATISTICS_EXCLUDEDVALUES"></MDI>
      <MDI key="STATISTICS_COVARIANCES">4.47910966604883E-04</MDI>
    </Metadata>
  </PAMRasterBand>
</PAMDataset>
