<PAMDataset>
  <Metadata>
    <MDI key="DataType">Generic</MDI>
  </Metadata>
  <Metadata domain="Esri">
    <MDI key="PyramidResamplingType">NEAREST</MDI>
  </Metadata>
  <PAMRasterBand band="1">
    <Histograms>
      <HistItem>
        <HistMin>0.1934999972581863</HistMin>
        <HistMax>0.3385699987411499</HistMax>
        <BucketCount>256</BucketCount>
        <IncludeOutOfRange>1</IncludeOutOfRange>
        <Approximate>0</Approximate>
        <HistCounts>1|0|0|0|0|0|0|0|0|0|0|0|0|1|0|0|0|0|0|0|0|0|0|0|0|0|0|0|0|0|0|0|0|0|0|0|0|0|0|0|0|0|0|0|0|0|0|0|1|0|4|0|1|0|1|2|2|2|1|3|2|3|2|3|4|2|4|7|3|6|3|1|6|3|3|3|10|5|7|7|9|4|4|3|4|1|9|3|7|5|2|8|7|10|2|9|5|5|6|1|7|7|4|5|3|6|11|6|10|4|9|5|10|7|19|14|11|13|13|9|8|8|4|7|7|9|11|20|10|18|28|22|23|26|14|20|23|21|19|29|28|28|38|35|22|41|45|40|40|26|56|43|45|48|50|44|49|64|30|46|32|34|35|28|38|39|37|40|37|36|40|45|33|48|40|38|33|39|46|36|26|32|48|36|53|47|51|51|46|44|32|41|32|43|46|41|48|37|42|42|28|34|31|31|25|30|13|23|25|19|20|20|20|18|9|10|16|18|16|19|13|12|8|13|13|17|12|10|10|5|11|18|9|6|4|2|5|0|6|0|2|0|0|0|1|0|0|0|0|0|0|0|0|1|0|1</HistCounts>
      </HistItem>
    </Histograms>
    <Metadata>
      <MDI key="STATISTICS_MINIMUM">0.19349999725819</MDI>
      <MDI key="STATISTICS_MAXIMUM">0.33856999874115</MDI>
      <MDI key="STATISTICS_MEAN">0.28820702503667</MDI>
      <MDI key="STATISTICS_STDDEV">0.020355321325152</MDI>
      <MDI key="STATISTICS_SKIPFACTORX">1</MDI>
      <MDI key="STATISTICS_SKIPFACTORY">1</MDI>
      <MDI key="STATISTICS_EXCLUDEDVALUES"></MDI>
      <MDI key="STATISTICS_COVARIANCES">4.14339106250189E-04</MDI>
    </Metadata>
  </PAMRasterBand>
</PAMDataset>
