<PAMDataset>
  <Metadata>
    <MDI key="DataType">Generic</MDI>
  </Metadata>
  <Metadata domain="Esri">
    <MDI key="PyramidResamplingType">NEAREST</MDI>
  </Metadata>
  <PAMRasterBand band="1">
    <Histograms>
      <HistItem>
        <HistMin>0.1813900023698807</HistMin>
        <HistMax>0.3269700109958649</HistMax>
        <BucketCount>256</BucketCount>
        <IncludeOutOfRange>1</IncludeOutOfRange>
        <Approximate>0</Approximate>
        <HistCounts>1|0|0|0|1|0|0|0|0|0|0|0|1|0|0|0|0|0|0|0|0|0|0|0|0|0|0|0|0|1|0|0|0|0|1|0|0|1|0|0|0|0|2|1|1|1|0|0|1|1|1|0|1|3|2|4|3|2|1|0|3|4|8|6|1|5|5|5|5|1|5|6|7|3|6|5|4|7|9|8|7|6|4|9|11|10|7|9|4|8|6|5|7|7|4|8|3|7|4|9|7|6|8|10|7|17|8|10|9|5|10|14|11|17|11|8|8|14|15|16|11|17|26|16|33|33|25|19|24|28|33|35|42|42|39|45|37|37|37|39|41|41|40|37|42|48|37|67|57|64|57|67|55|50|53|38|30|37|41|35|31|30|40|29|30|45|44|34|32|46|38|36|47|48|34|39|36|29|34|32|26|40|44|27|34|33|29|36|27|30|21|28|26|26|27|26|20|27|19|14|17|11|19|10|15|17|20|13|18|16|19|9|13|12|16|14|10|10|7|7|2|4|6|4|7|8|4|3|5|5|10|8|14|9|15|5|2|5|0|0|1|1|0|0|0|0|0|1|0|0|0|0|0|0|0|1</HistCounts>
      </HistItem>
    </Histograms>
    <Metadata>
      <MDI key="STATISTICS_MINIMUM">0.18139000236988</MDI>
      <MDI key="STATISTICS_MAXIMUM">0.32697001099586</MDI>
      <MDI key="STATISTICS_MEAN">0.27057153991284</MDI>
      <MDI key="STATISTICS_STDDEV">0.020606404107403</MDI>
      <MDI key="STATISTICS_SKIPFACTORX">1</MDI>
      <MDI key="STATISTICS_SKIPFACTORY">1</MDI>
      <MDI key="STATISTICS_EXCLUDEDVALUES"></MDI>
      <MDI key="STATISTICS_COVARIANCES">4.2462389023761E-04</MDI>
    </Metadata>
  </PAMRasterBand>
</PAMDataset>
