<PAMDataset>
  <Metadata>
    <MDI key="DataType">Generic</MDI>
  </Metadata>
  <Metadata domain="Esri">
    <MDI key="PyramidResamplingType">NEAREST</MDI>
  </Metadata>
  <PAMRasterBand band="1">
    <Histograms>
      <HistItem>
        <HistMin>0.1210500001907349</HistMin>
        <HistMax>0.3189499974250794</HistMax>
        <BucketCount>256</BucketCount>
        <IncludeOutOfRange>1</IncludeOutOfRange>
        <Approximate>0</Approximate>
        <HistCounts>2|0|0|0|0|0|1|0|0|2|0|0|0|1|0|0|0|0|1|1|1|0|0|0|0|3|5|3|1|2|2|2|1|0|0|0|4|0|3|1|4|2|3|4|0|3|3|2|1|3|5|2|0|2|6|3|5|3|1|4|3|0|3|3|4|1|6|4|12|5|15|15|12|20|24|27|22|15|14|12|12|12|8|12|16|13|10|16|16|22|29|38|46|45|25|38|55|65|66|70|75|67|74|53|42|27|36|34|36|37|38|29|36|32|34|33|41|41|30|37|31|21|24|25|30|39|37|34|27|40|33|35|38|46|53|45|33|51|63|49|36|39|40|31|23|24|25|29|26|28|30|31|43|62|61|60|50|57|46|43|32|24|35|31|19|21|18|14|11|17|10|12|9|5|6|7|6|10|5|5|7|8|3|7|3|3|4|5|6|3|4|4|3|8|4|3|1|9|2|2|1|5|7|7|1|1|0|2|2|1|1|0|1|1|1|1|0|1|1|1|1|0|1|1|2|1|0|0|0|0|0|0|0|0|0|0|0|0|0|0|0|0|0|0|0|0|0|0|0|0|0|0|0|0|0|1</HistCounts>
      </HistItem>
    </Histograms>
    <Metadata>
      <MDI key="STATISTICS_MINIMUM">0.12105000019073</MDI>
      <MDI key="STATISTICS_MAXIMUM">0.31894999742508</MDI>
      <MDI key="STATISTICS_MEAN">0.2170402849495</MDI>
      <MDI key="STATISTICS_STDDEV">0.025273267427687</MDI>
      <MDI key="STATISTICS_SKIPFACTORX">1</MDI>
      <MDI key="STATISTICS_SKIPFACTORY">1</MDI>
      <MDI key="STATISTICS_EXCLUDEDVALUES"></MDI>
      <MDI key="STATISTICS_COVARIANCES">6.38738046471366E-04</MDI>
    </Metadata>
  </PAMRasterBand>
</PAMDataset>
