<PAMDataset>
  <Metadata>
    <MDI key="DataType">Generic</MDI>
  </Metadata>
  <Metadata domain="Esri">
    <MDI key="PyramidResamplingType">NEAREST</MDI>
  </Metadata>
  <PAMRasterBand band="1">
    <Histograms>
      <HistItem>
        <HistMin>0.2372599989175797</HistMin>
        <HistMax>0.4133799970149994</HistMax>
        <BucketCount>256</BucketCount>
        <IncludeOutOfRange>1</IncludeOutOfRange>
        <Approximate>0</Approximate>
        <HistCounts>1|0|0|0|0|0|0|0|0|0|0|0|0|0|0|0|0|0|1|0|0|0|0|0|0|0|0|0|0|0|0|0|0|0|0|0|0|0|0|0|0|0|0|0|0|0|0|0|0|0|0|0|0|0|0|0|0|0|0|0|0|0|0|0|0|0|0|0|0|0|0|0|0|0|0|0|0|1|0|0|0|0|0|0|0|1|0|1|1|1|6|3|1|2|4|6|2|5|7|5|10|8|6|7|8|9|6|5|4|9|1|6|7|9|10|8|12|10|4|12|7|10|9|11|6|9|18|24|19|29|25|28|34|42|37|59|73|82|85|60|43|46|32|24|22|23|26|25|30|29|33|32|28|20|19|30|27|20|24|23|20|20|23|12|8|13|15|19|11|33|26|33|56|41|45|43|43|62|62|54|68|48|50|63|57|68|65|50|61|62|61|53|48|67|59|47|47|45|42|43|46|34|42|34|37|18|33|29|31|27|21|14|27|18|19|15|23|13|13|8|10|12|6|6|7|2|3|1|3|2|0|0|0|1|0|0|0|0|0|0|0|0|0|0|0|0|0|0|0|0|0|0|0|0|0|1</HistCounts>
      </HistItem>
    </Histograms>
    <Metadata>
      <MDI key="STATISTICS_MINIMUM">0.23725999891758</MDI>
      <MDI key="STATISTICS_MAXIMUM">0.413379997015</MDI>
      <MDI key="STATISTICS_MEAN">0.35409478109167</MDI>
      <MDI key="STATISTICS_STDDEV">0.020791916827431</MDI>
      <MDI key="STATISTICS_SKIPFACTORX">1</MDI>
      <MDI key="STATISTICS_SKIPFACTORY">1</MDI>
      <MDI key="STATISTICS_EXCLUDEDVALUES"></MDI>
      <MDI key="STATISTICS_COVARIANCES">4.32303805358794E-04</MDI>
    </Metadata>
  </PAMRasterBand>
</PAMDataset>
