<PAMDataset>
  <Metadata>
    <MDI key="DataType">Generic</MDI>
  </Metadata>
  <Metadata domain="Esri">
    <MDI key="PyramidResamplingType">NEAREST</MDI>
  </Metadata>
  <PAMRasterBand band="1">
    <Histograms>
      <HistItem>
        <HistMin>0.2417699992656708</HistMin>
        <HistMax>0.3830299973487854</HistMax>
        <BucketCount>256</BucketCount>
        <IncludeOutOfRange>1</IncludeOutOfRange>
        <Approximate>0</Approximate>
        <HistCounts>3|0|0|0|0|0|0|1|0|0|1|1|0|1|0|0|1|0|1|0|0|2|3|1|3|4|4|1|1|3|1|0|4|1|3|0|2|2|4|2|4|6|1|4|4|8|6|6|8|7|8|10|6|9|11|9|3|4|8|6|4|5|4|5|6|11|20|21|21|18|26|32|27|35|36|35|48|45|29|19|26|34|42|37|35|20|28|23|23|24|26|22|19|29|17|15|20|17|17|23|18|14|21|15|11|16|14|16|17|18|19|25|24|33|26|29|25|32|26|26|23|23|17|26|9|22|18|18|16|15|18|16|18|18|10|10|7|18|12|11|14|12|10|19|13|10|10|21|11|7|13|18|10|6|12|11|9|11|11|16|19|15|10|11|24|19|33|19|24|16|20|22|21|12|24|21|21|18|19|27|22|23|18|24|19|26|22|29|17|29|20|33|43|39|30|32|32|32|35|42|27|27|32|32|33|27|37|41|31|40|33|37|24|21|20|20|18|13|13|10|14|6|8|7|7|8|10|5|7|4|4|0|4|0|1|0|1|2|5|2|0|1|0|3|2|1|0|1|2|0|1|0|0|0|0|1</HistCounts>
      </HistItem>
    </Histograms>
    <Metadata>
      <MDI key="STATISTICS_MINIMUM">0.24176999926567</MDI>
      <MDI key="STATISTICS_MAXIMUM">0.38302999734879</MDI>
      <MDI key="STATISTICS_MEAN">0.31952711109255</MDI>
      <MDI key="STATISTICS_STDDEV">0.029754597864656</MDI>
      <MDI key="STATISTICS_SKIPFACTORX">1</MDI>
      <MDI key="STATISTICS_SKIPFACTORY">1</MDI>
      <MDI key="STATISTICS_EXCLUDEDVALUES"></MDI>
      <MDI key="STATISTICS_COVARIANCES">8.85336094087395E-04</MDI>
    </Metadata>
  </PAMRasterBand>
</PAMDataset>
