<PAMDataset>
  <Metadata>
    <MDI key="DataType">Generic</MDI>
  </Metadata>
  <Metadata domain="Esri">
    <MDI key="PyramidResamplingType">NEAREST</MDI>
  </Metadata>
  <PAMRasterBand band="1">
    <Histograms>
      <HistItem>
        <HistMin>0.1840900033712387</HistMin>
        <HistMax>0.3592199981212616</HistMax>
        <BucketCount>256</BucketCount>
        <IncludeOutOfRange>1</IncludeOutOfRange>
        <Approximate>0</Approximate>
        <HistCounts>1|0|0|0|0|0|0|0|0|0|0|0|0|0|0|0|0|0|0|0|0|0|0|0|0|0|0|0|0|0|0|0|0|0|0|0|0|0|0|0|0|0|0|1|0|0|2|0|0|0|2|0|0|0|0|0|3|2|0|2|3|2|0|3|3|5|1|4|1|2|5|1|5|4|4|6|7|7|3|7|6|4|4|6|5|7|5|8|6|9|5|8|3|11|7|2|4|7|7|6|14|13|7|15|16|21|10|25|17|27|30|34|38|45|38|41|40|43|43|41|43|25|39|48|39|40|40|37|30|27|32|28|28|37|39|23|32|28|25|21|35|17|20|26|19|26|12|14|15|17|12|22|10|11|15|14|22|18|16|10|19|19|6|11|23|9|21|16|18|16|16|14|20|22|8|20|21|22|24|37|27|26|29|27|19|27|22|20|21|20|29|19|18|21|16|36|25|13|30|36|30|35|22|30|30|33|31|32|29|34|39|39|42|53|48|42|33|31|41|41|38|36|26|32|33|19|29|32|23|11|17|9|9|12|5|8|10|6|6|4|3|6|5|2|2|1|0|0|1|0|0|0|0|0|1|1</HistCounts>
      </HistItem>
    </Histograms>
    <Metadata>
      <MDI key="STATISTICS_MINIMUM">0.18409000337124</MDI>
      <MDI key="STATISTICS_MAXIMUM">0.35921999812126</MDI>
      <MDI key="STATISTICS_MEAN">0.29653198878088</MDI>
      <MDI key="STATISTICS_STDDEV">0.030639095098591</MDI>
      <MDI key="STATISTICS_SKIPFACTORX">1</MDI>
      <MDI key="STATISTICS_SKIPFACTORY">1</MDI>
      <MDI key="STATISTICS_EXCLUDEDVALUES"></MDI>
      <MDI key="STATISTICS_COVARIANCES">9.38754148460514E-04</MDI>
    </Metadata>
  </PAMRasterBand>
</PAMDataset>
