<PAMDataset>
  <Metadata>
    <MDI key="DataType">Generic</MDI>
  </Metadata>
  <Metadata domain="Esri">
    <MDI key="PyramidResamplingType">NEAREST</MDI>
  </Metadata>
  <PAMRasterBand band="1">
    <Histograms>
      <HistItem>
        <HistMin>0.1856199949979782</HistMin>
        <HistMax>0.3335199952125549</HistMax>
        <BucketCount>256</BucketCount>
        <IncludeOutOfRange>1</IncludeOutOfRange>
        <Approximate>0</Approximate>
        <HistCounts>1|0|0|0|0|0|1|0|0|0|0|0|0|0|0|0|0|0|0|0|0|0|0|0|0|0|0|0|0|0|0|0|0|0|0|0|0|0|0|0|0|0|0|0|1|1|1|0|1|1|0|0|0|1|2|1|1|4|1|1|1|1|0|4|2|1|1|3|7|4|2|2|3|7|2|7|7|11|2|5|6|4|6|5|6|11|7|8|7|9|7|6|6|5|7|8|4|7|7|3|7|5|6|9|15|10|9|5|11|11|8|8|8|6|14|13|11|13|6|8|8|14|14|11|19|14|26|13|15|16|30|27|24|37|23|28|21|32|35|45|25|29|38|36|48|46|52|52|42|61|52|66|50|54|45|51|45|33|54|36|37|38|37|32|33|40|45|28|32|36|40|30|41|40|41|31|39|41|43|43|55|37|29|33|48|47|47|41|37|32|39|27|34|41|39|37|25|25|30|18|27|26|22|24|20|19|21|18|19|18|17|21|12|13|18|19|8|12|8|11|13|15|10|12|5|12|9|10|7|8|4|3|3|8|4|1|2|2|0|1|0|0|0|0|0|0|1|0|0|0|0|0|0|0|0|1</HistCounts>
      </HistItem>
    </Histograms>
    <Metadata>
      <MDI key="STATISTICS_MINIMUM">0.18561999499798</MDI>
      <MDI key="STATISTICS_MAXIMUM">0.33351999521255</MDI>
      <MDI key="STATISTICS_MEAN">0.27945914503324</MDI>
      <MDI key="STATISTICS_STDDEV">0.020189094480669</MDI>
      <MDI key="STATISTICS_SKIPFACTORX">1</MDI>
      <MDI key="STATISTICS_SKIPFACTORY">1</MDI>
      <MDI key="STATISTICS_EXCLUDEDVALUES"></MDI>
      <MDI key="STATISTICS_COVARIANCES">4.07599535949372E-04</MDI>
    </Metadata>
  </PAMRasterBand>
</PAMDataset>
