<PAMDataset>
  <Metadata>
    <MDI key="DataType">Generic</MDI>
  </Metadata>
  <Metadata domain="Esri">
    <MDI key="PyramidResamplingType">NEAREST</MDI>
  </Metadata>
  <PAMRasterBand band="1">
    <Histograms>
      <HistItem>
        <HistMin>0.1586000025272369</HistMin>
        <HistMax>0.3328100144863129</HistMax>
        <BucketCount>256</BucketCount>
        <IncludeOutOfRange>1</IncludeOutOfRange>
        <Approximate>0</Approximate>
        <HistCounts>1|0|1|0|0|0|0|0|0|0|0|0|0|0|0|0|0|0|0|0|0|0|0|0|0|0|0|0|0|0|0|0|0|0|0|0|0|0|0|0|0|0|0|0|1|0|1|1|0|0|1|1|1|0|1|0|0|0|1|0|3|1|1|2|3|3|0|0|2|2|1|1|1|0|3|0|3|5|6|5|6|5|4|7|4|7|3|4|6|4|7|6|9|8|11|4|15|10|12|14|8|11|15|9|19|19|16|18|37|29|36|29|23|31|31|38|44|38|44|42|49|50|49|37|46|41|35|42|45|43|40|32|33|30|31|26|16|20|14|18|16|16|13|25|17|9|22|17|14|16|13|18|15|15|10|11|14|11|14|18|17|15|16|21|7|10|23|17|9|15|10|14|13|22|19|14|18|23|15|15|17|18|21|13|15|15|18|17|16|22|26|21|26|22|24|23|20|15|17|24|16|18|28|24|25|28|27|26|29|19|29|40|18|21|37|41|42|34|25|34|47|41|49|40|41|32|24|31|32|22|21|27|28|34|31|37|30|30|19|14|13|9|16|11|11|6|13|0|3|4|2|0|0|0|3|0</HistCounts>
      </HistItem>
    </Histograms>
    <Metadata>
      <MDI key="STATISTICS_MINIMUM">0.15860000252724</MDI>
      <MDI key="STATISTICS_MAXIMUM">0.33281001448631</MDI>
      <MDI key="STATISTICS_MEAN">0.27323914016328</MDI>
      <MDI key="STATISTICS_STDDEV">0.032611009665264</MDI>
      <MDI key="STATISTICS_SKIPFACTORX">1</MDI>
      <MDI key="STATISTICS_SKIPFACTORY">1</MDI>
      <MDI key="STATISTICS_EXCLUDEDVALUES"></MDI>
      <MDI key="STATISTICS_COVARIANCES">1.06347795138794E-03</MDI>
    </Metadata>
  </PAMRasterBand>
</PAMDataset>
