<PAMDataset>
  <Metadata>
    <MDI key="DataType">Generic</MDI>
  </Metadata>
  <Metadata domain="Esri">
    <MDI key="PyramidResamplingType">NEAREST</MDI>
  </Metadata>
  <PAMRasterBand band="1">
    <Histograms>
      <HistItem>
        <HistMin>0.2022199928760529</HistMin>
        <HistMax>0.3628500103950501</HistMax>
        <BucketCount>256</BucketCount>
        <IncludeOutOfRange>1</IncludeOutOfRange>
        <Approximate>0</Approximate>
        <HistCounts>2|0|0|0|1|0|0|2|0|0|1|2|1|0|0|0|1|1|1|1|3|0|2|5|4|0|6|1|4|3|2|9|6|5|9|10|6|12|8|7|8|7|9|13|13|10|8|7|7|10|1|4|11|6|10|12|29|21|16|34|34|38|60|78|53|34|21|32|27|22|24|30|26|22|22|14|21|17|24|36|28|20|22|23|14|18|13|23|12|14|17|11|13|21|12|20|22|21|10|16|17|19|16|25|17|17|20|20|19|28|23|18|18|20|26|22|16|16|23|17|13|14|14|14|14|12|11|8|16|17|18|16|16|14|23|16|16|18|18|15|21|23|16|23|16|13|13|19|20|10|14|21|28|29|25|28|14|12|19|24|19|20|26|31|26|29|26|27|30|31|37|40|35|33|37|26|30|38|34|41|27|36|77|54|40|27|21|24|36|49|31|42|18|13|10|10|12|14|12|8|20|26|11|7|7|5|8|7|6|7|4|5|6|0|0|0|0|0|0|0|0|0|0|0|0|0|0|0|0|0|0|0|0|0|0|0|0|0|0|0|0|0|0|0|0|0|0|0|0|0|0|0|0|0|0|1</HistCounts>
      </HistItem>
    </Histograms>
    <Metadata>
      <MDI key="STATISTICS_MINIMUM">0.20221999287605</MDI>
      <MDI key="STATISTICS_MAXIMUM">0.36285001039505</MDI>
      <MDI key="STATISTICS_MEAN">0.28129123902568</MDI>
      <MDI key="STATISTICS_STDDEV">0.031822233906239</MDI>
      <MDI key="STATISTICS_SKIPFACTORX">1</MDI>
      <MDI key="STATISTICS_SKIPFACTORY">1</MDI>
      <MDI key="STATISTICS_EXCLUDEDVALUES"></MDI>
      <MDI key="STATISTICS_COVARIANCES">1.01265457078338E-03</MDI>
    </Metadata>
  </PAMRasterBand>
</PAMDataset>
