<PAMDataset>
  <Metadata>
    <MDI key="DataType">Generic</MDI>
  </Metadata>
  <Metadata domain="Esri">
    <MDI key="PyramidResamplingType">NEAREST</MDI>
  </Metadata>
  <PAMRasterBand band="1">
    <Histograms>
      <HistItem>
        <HistMin>0.2511599957942963</HistMin>
        <HistMax>0.4277099967002869</HistMax>
        <BucketCount>256</BucketCount>
        <IncludeOutOfRange>1</IncludeOutOfRange>
        <Approximate>0</Approximate>
        <HistCounts>1|0|0|0|0|0|0|0|0|0|0|0|0|0|0|0|1|0|0|0|0|0|0|0|0|0|0|0|0|0|0|0|0|0|0|0|0|0|0|0|0|0|0|0|0|0|0|0|0|0|0|0|0|0|0|0|0|0|0|0|0|0|0|0|0|0|0|0|0|0|0|0|0|0|1|0|0|0|0|0|0|1|1|4|0|0|2|4|5|8|5|2|3|7|2|1|3|7|4|6|4|8|9|4|5|8|13|8|7|4|10|10|10|4|6|5|6|10|11|8|17|7|12|10|13|21|17|30|24|35|43|50|41|47|50|59|45|63|51|45|55|38|43|48|36|24|24|20|26|24|35|24|34|22|14|22|22|26|31|24|14|23|15|20|17|26|25|21|29|27|43|43|32|50|43|35|51|53|55|86|69|63|60|72|82|75|69|48|68|61|61|49|61|37|57|34|38|47|22|36|31|35|19|29|27|24|34|27|20|20|14|11|13|15|17|18|20|11|2|4|4|3|5|4|1|1|1|0|0|0|3|0|0|0|0|0|0|0|0|0|0|0|0|0|0|0|0|0|0|0|0|0|0|0|0|1</HistCounts>
      </HistItem>
    </Histograms>
    <Metadata>
      <MDI key="STATISTICS_MINIMUM">0.2511599957943</MDI>
      <MDI key="STATISTICS_MAXIMUM">0.42770999670029</MDI>
      <MDI key="STATISTICS_MEAN">0.36628421908808</MDI>
      <MDI key="STATISTICS_STDDEV">0.020568027761617</MDI>
      <MDI key="STATISTICS_SKIPFACTORX">1</MDI>
      <MDI key="STATISTICS_SKIPFACTORY">1</MDI>
      <MDI key="STATISTICS_EXCLUDEDVALUES"></MDI>
      <MDI key="STATISTICS_COVARIANCES">4.2304376600263E-04</MDI>
    </Metadata>
  </PAMRasterBand>
</PAMDataset>
