<PAMDataset>
  <Metadata>
    <MDI key="DataType">Generic</MDI>
  </Metadata>
  <Metadata domain="Esri">
    <MDI key="PyramidResamplingType">NEAREST</MDI>
  </Metadata>
  <PAMRasterBand band="1">
    <Histograms>
      <HistItem>
        <HistMin>0.1732899993658066</HistMin>
        <HistMax>0.3558200001716614</HistMax>
        <BucketCount>256</BucketCount>
        <IncludeOutOfRange>1</IncludeOutOfRange>
        <Approximate>0</Approximate>
        <HistCounts>1|0|0|0|0|0|0|0|0|0|0|0|0|0|0|0|0|0|0|0|0|0|0|0|0|0|0|0|0|0|0|0|0|0|0|1|0|0|0|0|0|0|0|0|0|1|2|0|0|0|0|0|2|0|0|1|0|0|1|1|2|0|5|1|0|4|2|2|4|6|5|1|2|4|2|4|9|5|8|5|3|0|5|4|2|6|4|1|6|7|8|9|4|9|9|9|7|5|15|9|16|16|15|20|23|21|42|50|51|53|59|35|34|41|40|36|28|32|34|33|50|37|44|38|45|47|33|30|32|36|29|21|24|27|19|17|22|15|20|21|20|20|20|18|17|12|13|14|16|14|20|15|10|12|15|14|16|17|13|20|13|14|12|19|11|12|16|13|12|21|10|24|19|17|26|23|23|20|15|13|30|20|30|26|28|24|25|20|14|19|27|17|24|24|23|26|27|18|23|30|20|27|31|30|32|23|33|37|19|32|35|28|32|34|31|44|35|31|38|35|28|39|38|37|26|41|33|28|31|28|23|26|15|18|9|13|11|7|4|4|6|3|2|0|3|2|1|0|2|0|1|0|0|0|1|1</HistCounts>
      </HistItem>
    </Histograms>
    <Metadata>
      <MDI key="STATISTICS_MINIMUM">0.17328999936581</MDI>
      <MDI key="STATISTICS_MAXIMUM">0.35582000017166</MDI>
      <MDI key="STATISTICS_MEAN">0.2898820101518</MDI>
      <MDI key="STATISTICS_STDDEV">0.033012212564651</MDI>
      <MDI key="STATISTICS_SKIPFACTORX">1</MDI>
      <MDI key="STATISTICS_SKIPFACTORY">1</MDI>
      <MDI key="STATISTICS_EXCLUDEDVALUES"></MDI>
      <MDI key="STATISTICS_COVARIANCES">1.08980617841368E-03</MDI>
    </Metadata>
  </PAMRasterBand>
</PAMDataset>
