<PAMDataset>
  <Metadata>
    <MDI key="DataType">Generic</MDI>
  </Metadata>
  <Metadata domain="Esri">
    <MDI key="PyramidResamplingType">NEAREST</MDI>
  </Metadata>
  <PAMRasterBand band="1">
    <Histograms>
      <HistItem>
        <HistMin>0.1684599965810776</HistMin>
        <HistMax>0.3205299973487854</HistMax>
        <BucketCount>256</BucketCount>
        <IncludeOutOfRange>1</IncludeOutOfRange>
        <Approximate>0</Approximate>
        <HistCounts>1|0|0|0|0|0|0|0|0|0|0|0|0|0|0|0|0|0|0|1|0|0|0|0|0|0|0|0|0|0|0|0|0|0|0|0|0|0|0|0|0|0|0|1|1|1|0|2|0|0|2|0|4|0|2|2|1|1|2|1|1|1|1|4|6|4|3|5|6|3|6|8|6|3|7|1|10|9|7|5|4|8|10|7|6|12|6|10|12|2|7|7|4|8|6|9|4|11|7|4|8|13|8|8|8|10|6|9|10|5|11|18|16|13|13|6|9|12|7|16|17|28|21|20|30|35|28|26|26|24|24|31|37|45|31|41|30|45|47|36|36|52|37|42|48|56|51|57|40|41|52|44|50|26|41|28|29|25|36|38|47|46|48|46|30|31|41|38|46|45|38|38|52|56|40|41|48|33|59|33|35|38|38|37|46|38|27|34|36|29|30|27|34|27|32|29|31|19|24|18|20|24|19|16|11|15|14|13|16|8|11|15|11|6|8|8|10|10|10|13|11|4|7|5|2|2|2|5|2|2|1|4|2|5|0|2|0|0|0|0|0|1|0|0|0|0|0|0|0|0|0|0|1|0|0|1</HistCounts>
      </HistItem>
    </Histograms>
    <Metadata>
      <MDI key="STATISTICS_MINIMUM">0.16845999658108</MDI>
      <MDI key="STATISTICS_MAXIMUM">0.32052999734879</MDI>
      <MDI key="STATISTICS_MEAN">0.26153604963379</MDI>
      <MDI key="STATISTICS_STDDEV">0.020513897816788</MDI>
      <MDI key="STATISTICS_SKIPFACTORX">1</MDI>
      <MDI key="STATISTICS_SKIPFACTORY">1</MDI>
      <MDI key="STATISTICS_EXCLUDEDVALUES"></MDI>
      <MDI key="STATISTICS_COVARIANCES">4.20820003637605E-04</MDI>
    </Metadata>
  </PAMRasterBand>
</PAMDataset>
