<PAMDataset>
  <Metadata>
    <MDI key="DataType">Generic</MDI>
  </Metadata>
  <Metadata domain="Esri">
    <MDI key="PyramidResamplingType">NEAREST</MDI>
  </Metadata>
  <PAMRasterBand band="1">
    <Histograms>
      <HistItem>
        <HistMin>0.1381999999284744</HistMin>
        <HistMax>0.3253400027751923</HistMax>
        <BucketCount>256</BucketCount>
        <IncludeOutOfRange>1</IncludeOutOfRange>
        <Approximate>0</Approximate>
        <HistCounts>1|1|0|0|0|0|0|0|0|1|1|0|5|0|0|0|0|2|1|0|2|1|1|0|0|1|1|1|3|2|0|4|3|1|0|1|2|0|2|0|0|0|0|0|4|1|1|6|3|2|0|0|5|4|0|1|6|3|6|2|3|2|4|2|12|14|13|14|26|22|17|17|12|6|13|11|7|7|5|7|10|4|14|9|6|10|8|12|13|22|33|27|35|40|49|65|71|51|39|39|37|32|34|35|44|38|43|41|35|45|44|34|37|30|26|32|25|43|26|28|36|31|30|33|42|34|27|18|16|27|30|26|19|16|25|14|14|24|23|25|21|36|20|17|30|22|20|33|21|17|34|39|36|19|28|24|22|17|26|35|33|41|36|34|29|33|19|28|35|29|41|26|26|33|23|33|23|23|25|26|28|28|22|24|13|22|15|23|25|15|17|13|8|12|25|28|19|15|19|15|13|15|15|10|12|13|11|10|14|5|5|4|2|4|3|3|3|1|1|0|1|0|0|0|2|0|1|0|0|0|0|0|0|0|0|0|0|0|0|0|1|0|0|0|0|0|0|0|1|0|0|0|0|0|0|1</HistCounts>
      </HistItem>
    </Histograms>
    <Metadata>
      <MDI key="STATISTICS_MINIMUM">0.13819999992847</MDI>
      <MDI key="STATISTICS_MAXIMUM">0.32534000277519</MDI>
      <MDI key="STATISTICS_MEAN">0.23617922597372</MDI>
      <MDI key="STATISTICS_STDDEV">0.029371569697777</MDI>
      <MDI key="STATISTICS_SKIPFACTORX">1</MDI>
      <MDI key="STATISTICS_SKIPFACTORY">1</MDI>
      <MDI key="STATISTICS_EXCLUDEDVALUES"></MDI>
      <MDI key="STATISTICS_COVARIANCES">8.62689106511359E-04</MDI>
    </Metadata>
  </PAMRasterBand>
</PAMDataset>
