<PAMDataset>
  <Metadata>
    <MDI key="DataType">Generic</MDI>
  </Metadata>
  <Metadata domain="Esri">
    <MDI key="PyramidResamplingType">NEAREST</MDI>
  </Metadata>
  <PAMRasterBand band="1">
    <Histograms>
      <HistItem>
        <HistMin>0.2577899992465973</HistMin>
        <HistMax>0.447519987821579</HistMax>
        <BucketCount>256</BucketCount>
        <IncludeOutOfRange>1</IncludeOutOfRange>
        <Approximate>0</Approximate>
        <HistCounts>1|0|0|0|0|0|0|0|0|0|0|0|0|0|0|0|0|0|0|0|0|0|0|0|0|0|1|0|0|0|0|0|0|0|0|0|0|0|0|0|0|0|0|0|0|0|0|0|0|0|0|0|0|0|0|0|0|0|0|0|0|0|0|0|0|0|0|0|0|0|0|0|0|0|0|0|0|0|0|0|0|0|0|1|0|0|0|0|0|0|5|1|3|9|3|2|6|2|5|0|1|0|2|3|5|2|2|2|5|8|16|11|15|13|4|8|7|8|15|14|15|18|15|19|16|18|22|34|37|52|61|76|50|34|31|16|16|19|15|21|11|17|17|14|21|19|21|31|15|21|21|17|9|12|12|9|14|10|11|14|15|10|21|13|21|22|27|20|19|34|23|14|16|27|15|18|23|19|17|16|19|19|25|21|26|39|26|49|31|35|37|35|37|36|43|43|39|42|56|67|61|90|108|113|88|73|92|72|61|70|54|57|56|32|46|40|39|23|21|22|26|18|23|4|12|5|19|18|10|17|14|13|15|10|5|10|6|5|3|11|11|5|6|8|7|7|4|2|4|5|1|0|1|1|0|1</HistCounts>
      </HistItem>
    </Histograms>
    <Metadata>
      <MDI key="STATISTICS_MINIMUM">0.2577899992466</MDI>
      <MDI key="STATISTICS_MAXIMUM">0.44751998782158</MDI>
      <MDI key="STATISTICS_MEAN">0.39221580483137</MDI>
      <MDI key="STATISTICS_STDDEV">0.026447034758629</MDI>
      <MDI key="STATISTICS_SKIPFACTORX">1</MDI>
      <MDI key="STATISTICS_SKIPFACTORY">1</MDI>
      <MDI key="STATISTICS_EXCLUDEDVALUES"></MDI>
      <MDI key="STATISTICS_COVARIANCES">6.99445647524105E-04</MDI>
    </Metadata>
  </PAMRasterBand>
</PAMDataset>
