<PAMDataset>
  <Metadata>
    <MDI key="DataType">Generic</MDI>
  </Metadata>
  <Metadata domain="Esri">
    <MDI key="PyramidResamplingType">NEAREST</MDI>
  </Metadata>
  <PAMRasterBand band="1">
    <Histograms>
      <HistItem>
        <HistMin>0.1829299926757813</HistMin>
        <HistMax>0.3331300020217896</HistMax>
        <BucketCount>256</BucketCount>
        <IncludeOutOfRange>1</IncludeOutOfRange>
        <Approximate>0</Approximate>
        <HistCounts>3|2|1|1|1|2|1|1|1|0|1|1|3|1|3|0|0|0|0|0|2|2|1|2|1|2|1|2|3|1|1|0|2|1|1|3|1|3|2|1|1|5|3|2|2|5|0|6|5|2|5|6|8|5|2|6|6|8|6|10|6|13|12|18|14|18|19|14|8|12|8|10|9|16|11|18|11|11|17|22|13|14|13|6|17|22|14|34|40|28|35|39|45|48|34|35|57|47|60|43|40|26|22|34|23|35|53|50|59|67|69|52|42|32|34|30|25|15|21|23|18|12|25|16|18|12|20|22|20|27|22|25|26|23|21|25|20|16|10|14|18|20|32|27|75|56|74|54|48|50|43|29|28|18|31|28|29|20|27|26|24|21|28|39|40|39|33|43|46|43|42|49|36|51|22|21|33|19|18|12|5|15|7|8|10|8|11|12|6|5|2|3|2|1|2|0|4|1|1|0|0|3|3|2|2|6|3|2|0|1|0|1|0|0|0|0|0|0|0|0|0|0|0|0|0|0|0|0|0|0|0|0|0|0|0|0|0|0|0|0|0|0|0|0|0|0|0|0|0|0|0|0|0|0|0|1</HistCounts>
      </HistItem>
    </Histograms>
    <Metadata>
      <MDI key="STATISTICS_MINIMUM">0.18292999267578</MDI>
      <MDI key="STATISTICS_MAXIMUM">0.33313000202179</MDI>
      <MDI key="STATISTICS_MEAN">0.25617727208797</MDI>
      <MDI key="STATISTICS_STDDEV">0.021878759093096</MDI>
      <MDI key="STATISTICS_SKIPFACTORX">1</MDI>
      <MDI key="STATISTICS_SKIPFACTORY">1</MDI>
      <MDI key="STATISTICS_EXCLUDEDVALUES"></MDI>
      <MDI key="STATISTICS_COVARIANCES">4.78680099453716E-04</MDI>
    </Metadata>
  </PAMRasterBand>
</PAMDataset>
