<PAMDataset>
  <Metadata>
    <MDI key="DataType">Generic</MDI>
  </Metadata>
  <Metadata domain="Esri">
    <MDI key="PyramidResamplingType">NEAREST</MDI>
  </Metadata>
  <PAMRasterBand band="1">
    <Histograms>
      <HistItem>
        <HistMin>0.2028000056743622</HistMin>
        <HistMax>0.3706099987030029</HistMax>
        <BucketCount>256</BucketCount>
        <IncludeOutOfRange>1</IncludeOutOfRange>
        <Approximate>0</Approximate>
        <HistCounts>2|0|0|1|2|1|2|2|0|1|3|2|0|1|3|2|2|3|1|2|3|1|2|2|2|1|1|3|2|1|3|1|1|3|0|2|2|1|5|7|4|7|5|6|14|3|8|6|7|9|5|9|5|13|12|15|23|14|17|11|14|14|5|17|6|9|7|11|7|7|12|11|6|6|8|11|6|5|10|7|21|19|17|12|25|16|42|69|82|75|51|51|40|38|44|47|30|41|42|36|38|38|29|34|22|27|25|34|22|27|23|35|25|29|24|27|23|13|23|25|22|26|23|23|19|24|14|15|15|12|9|13|21|17|22|25|17|26|12|23|20|28|24|39|20|34|26|31|31|34|35|28|32|28|39|36|32|39|38|31|40|36|42|57|60|81|89|73|54|28|45|25|19|31|13|18|13|11|13|12|12|7|15|17|12|15|9|15|6|11|7|5|8|4|3|10|5|0|4|0|0|0|1|2|1|0|0|0|0|1|0|0|0|0|0|0|0|0|0|0|0|1|0|0|0|0|0|0|0|0|0|0|0|0|0|0|0|0|0|0|0|0|0|0|0|0|0|0|0|0|0|0|0|0|0|1</HistCounts>
      </HistItem>
    </Histograms>
    <Metadata>
      <MDI key="STATISTICS_MINIMUM">0.20280000567436</MDI>
      <MDI key="STATISTICS_MAXIMUM">0.370609998703</MDI>
      <MDI key="STATISTICS_MEAN">0.28395781238949</MDI>
      <MDI key="STATISTICS_STDDEV">0.026425136830745</MDI>
      <MDI key="STATISTICS_SKIPFACTORX">1</MDI>
      <MDI key="STATISTICS_SKIPFACTORY">1</MDI>
      <MDI key="STATISTICS_EXCLUDEDVALUES"></MDI>
      <MDI key="STATISTICS_COVARIANCES">6.98287856523599E-04</MDI>
    </Metadata>
  </PAMRasterBand>
</PAMDataset>
