<PAMDataset>
  <Metadata>
    <MDI key="DataType">Generic</MDI>
  </Metadata>
  <Metadata domain="Esri">
    <MDI key="PyramidResamplingType">NEAREST</MDI>
  </Metadata>
  <PAMRasterBand band="1">
    <Histograms>
      <HistItem>
        <HistMin>0.1893299967050552</HistMin>
        <HistMax>0.3556300103664398</HistMax>
        <BucketCount>256</BucketCount>
        <IncludeOutOfRange>1</IncludeOutOfRange>
        <Approximate>0</Approximate>
        <HistCounts>1|1|0|0|1|0|0|2|2|3|0|0|1|0|1|0|0|1|0|0|1|2|1|1|4|4|3|1|3|4|7|6|3|5|9|14|9|12|16|10|9|3|8|4|9|10|3|3|6|8|8|9|6|7|8|16|15|14|22|29|43|26|56|53|35|37|38|27|27|37|36|44|32|29|19|18|23|18|15|18|14|24|23|34|16|21|26|18|19|22|11|17|17|17|20|15|13|16|21|18|14|23|18|27|18|16|22|19|14|18|16|19|30|20|22|17|19|20|8|15|16|19|16|17|25|10|12|14|16|24|19|29|19|21|19|17|25|16|22|21|12|18|20|17|15|19|22|16|16|16|15|24|20|26|26|25|20|27|37|48|35|48|62|44|39|35|44|35|53|46|44|42|36|39|37|44|41|34|29|31|31|44|19|32|33|31|32|16|24|31|16|18|9|6|7|2|3|1|5|4|0|1|0|2|3|0|0|0|1|0|0|0|1|1|0|0|0|0|0|0|0|0|0|0|0|0|0|0|0|0|0|0|0|0|0|0|0|0|0|0|0|0|0|0|0|0|0|0|0|0|0|0|0|0|0|1</HistCounts>
      </HistItem>
    </Histograms>
    <Metadata>
      <MDI key="STATISTICS_MINIMUM">0.18932999670506</MDI>
      <MDI key="STATISTICS_MAXIMUM">0.35563001036644</MDI>
      <MDI key="STATISTICS_MEAN">0.26945738778323</MDI>
      <MDI key="STATISTICS_STDDEV">0.030688196760938</MDI>
      <MDI key="STATISTICS_SKIPFACTORX">1</MDI>
      <MDI key="STATISTICS_SKIPFACTORY">1</MDI>
      <MDI key="STATISTICS_EXCLUDEDVALUES"></MDI>
      <MDI key="STATISTICS_COVARIANCES">9.41765420438034E-04</MDI>
    </Metadata>
  </PAMRasterBand>
</PAMDataset>
