<PAMDataset>
  <Metadata>
    <MDI key="DataType">Generic</MDI>
  </Metadata>
  <Metadata domain="Esri">
    <MDI key="PyramidResamplingType">NEAREST</MDI>
  </Metadata>
  <PAMRasterBand band="1">
    <Histograms>
      <HistItem>
        <HistMin>0.1996500045061112</HistMin>
        <HistMax>0.3390899896621704</HistMax>
        <BucketCount>256</BucketCount>
        <IncludeOutOfRange>1</IncludeOutOfRange>
        <Approximate>0</Approximate>
        <HistCounts>1|1|0|1|0|0|0|0|0|0|2|2|2|1|1|0|0|1|0|0|2|1|0|0|0|0|2|1|3|0|1|0|6|1|2|0|2|3|2|4|2|0|6|2|5|7|5|2|5|6|5|8|5|6|9|10|6|6|4|7|13|8|11|7|7|13|6|6|11|8|13|23|24|16|11|16|22|18|12|19|21|22|30|26|17|25|22|18|26|31|30|41|39|57|42|52|47|50|41|47|35|36|27|24|37|22|16|25|21|11|20|16|23|19|17|18|19|13|18|10|16|12|12|15|11|11|8|8|11|19|8|12|12|8|8|9|16|19|13|6|13|10|15|9|11|5|14|11|14|12|9|10|13|10|7|13|14|11|11|14|24|17|23|14|15|17|13|14|12|11|17|11|6|14|15|11|17|14|16|9|14|15|15|18|19|21|12|29|32|17|20|22|24|29|22|33|17|26|26|28|18|32|35|21|34|24|37|34|33|38|37|36|28|20|26|42|32|31|25|26|28|24|18|14|26|22|10|20|17|19|15|10|19|13|17|10|16|19|7|11|6|8|3|4|11|6|3|4|4|10|2|1|2|0|0|1</HistCounts>
      </HistItem>
    </Histograms>
    <Metadata>
      <MDI key="STATISTICS_MINIMUM">0.19965000450611</MDI>
      <MDI key="STATISTICS_MAXIMUM">0.33908998966217</MDI>
      <MDI key="STATISTICS_MEAN">0.28079997569731</MDI>
      <MDI key="STATISTICS_STDDEV">0.031428871894723</MDI>
      <MDI key="STATISTICS_SKIPFACTORX">1</MDI>
      <MDI key="STATISTICS_SKIPFACTORY">1</MDI>
      <MDI key="STATISTICS_EXCLUDEDVALUES"></MDI>
      <MDI key="STATISTICS_COVARIANCES">9.87773988574908E-04</MDI>
    </Metadata>
  </PAMRasterBand>
</PAMDataset>
