<PAMDataset>
  <Metadata>
    <MDI key="DataType">Generic</MDI>
  </Metadata>
  <Metadata domain="Esri">
    <MDI key="PyramidResamplingType">NEAREST</MDI>
  </Metadata>
  <PAMRasterBand band="1">
    <Histograms>
      <HistItem>
        <HistMin>0.2213899940252304</HistMin>
        <HistMax>0.4300900101661682</HistMax>
        <BucketCount>256</BucketCount>
        <IncludeOutOfRange>1</IncludeOutOfRange>
        <Approximate>0</Approximate>
        <HistCounts>1|0|0|0|0|0|0|0|0|0|0|0|0|0|0|0|0|0|0|0|0|0|0|0|0|0|0|0|0|0|0|0|0|0|0|0|0|0|0|0|0|0|0|0|0|0|0|0|1|0|0|0|0|0|0|0|0|0|0|0|0|0|0|0|0|0|0|0|0|0|0|0|0|0|0|0|0|1|0|0|0|0|0|0|0|0|0|0|0|0|0|0|1|1|0|0|0|0|0|0|1|1|0|1|0|0|0|3|4|6|4|3|6|3|6|5|3|3|3|0|1|7|10|10|16|10|13|7|13|10|4|9|6|24|18|20|14|23|37|52|51|55|54|48|38|42|36|24|17|21|20|23|29|28|22|21|25|20|9|23|19|5|14|16|20|11|13|17|12|20|20|21|15|27|33|23|32|21|26|18|23|8|12|19|13|23|20|41|30|34|26|39|39|52|52|44|49|38|51|65|50|59|73|52|60|87|87|109|106|84|101|86|89|81|51|45|32|35|30|35|32|29|17|23|21|9|13|12|8|7|26|15|16|10|11|8|12|11|10|10|9|9|7|0|4|1|1|1|3|1|1|2|0|1|0|1</HistCounts>
      </HistItem>
    </Histograms>
    <Metadata>
      <MDI key="STATISTICS_MINIMUM">0.22138999402523</MDI>
      <MDI key="STATISTICS_MAXIMUM">0.43009001016617</MDI>
      <MDI key="STATISTICS_MEAN">0.37392660846908</MDI>
      <MDI key="STATISTICS_STDDEV">0.025833194190142</MDI>
      <MDI key="STATISTICS_SKIPFACTORX">1</MDI>
      <MDI key="STATISTICS_SKIPFACTORY">1</MDI>
      <MDI key="STATISTICS_EXCLUDEDVALUES"></MDI>
      <MDI key="STATISTICS_COVARIANCES">6.6735392206558E-04</MDI>
    </Metadata>
  </PAMRasterBand>
</PAMDataset>
