<PAMDataset>
  <Metadata>
    <MDI key="DataType">Generic</MDI>
  </Metadata>
  <Metadata domain="Esri">
    <MDI key="PyramidResamplingType">NEAREST</MDI>
  </Metadata>
  <PAMRasterBand band="1">
    <Histograms>
      <HistItem>
        <HistMin>0.2813700139522553</HistMin>
        <HistMax>0.4501200020313263</HistMax>
        <BucketCount>256</BucketCount>
        <IncludeOutOfRange>1</IncludeOutOfRange>
        <Approximate>0</Approximate>
        <HistCounts>1|0|0|0|0|1|0|0|0|0|0|0|0|0|0|0|0|0|0|0|0|0|0|0|0|0|0|0|0|0|0|0|0|0|0|0|0|0|0|0|0|0|0|0|0|0|0|0|0|0|0|0|0|0|0|0|0|0|0|0|0|0|0|0|0|0|0|0|0|0|0|0|0|1|1|2|2|1|1|2|0|4|4|4|2|4|5|2|4|6|3|6|2|2|6|1|5|3|4|4|6|6|9|19|14|11|5|11|5|9|13|8|10|8|9|12|5|11|15|22|20|21|18|17|19|32|36|41|42|39|24|47|37|40|45|50|35|31|30|22|16|28|17|23|26|20|16|17|28|9|28|15|12|20|14|20|12|13|17|22|21|22|25|31|24|27|22|20|22|32|37|33|42|42|45|49|57|62|49|47|41|63|56|41|49|59|44|42|62|58|58|52|49|44|44|41|49|47|44|33|40|23|36|33|28|41|45|44|32|31|23|38|27|40|22|21|20|25|20|21|12|12|12|2|6|10|7|8|4|5|1|7|2|6|2|5|4|2|1|3|1|0|2|0|0|0|1|0|0|0|0|0|0|0|0|1</HistCounts>
      </HistItem>
    </Histograms>
    <Metadata>
      <MDI key="STATISTICS_MINIMUM">0.28137001395226</MDI>
      <MDI key="STATISTICS_MAXIMUM">0.45012000203133</MDI>
      <MDI key="STATISTICS_MEAN">0.39365795476563</MDI>
      <MDI key="STATISTICS_STDDEV">0.02247101796549</MDI>
      <MDI key="STATISTICS_SKIPFACTORX">1</MDI>
      <MDI key="STATISTICS_SKIPFACTORY">1</MDI>
      <MDI key="STATISTICS_EXCLUDEDVALUES"></MDI>
      <MDI key="STATISTICS_COVARIANCES">5.04946648405372E-04</MDI>
    </Metadata>
  </PAMRasterBand>
</PAMDataset>
