<PAMDataset>
  <Metadata>
    <MDI key="DataType">Generic</MDI>
  </Metadata>
  <Metadata domain="Esri">
    <MDI key="PyramidResamplingType">NEAREST</MDI>
  </Metadata>
  <PAMRasterBand band="1">
    <Histograms>
      <HistItem>
        <HistMin>0.3036699891090393</HistMin>
        <HistMax>0.48853999376297</HistMax>
        <BucketCount>256</BucketCount>
        <IncludeOutOfRange>1</IncludeOutOfRange>
        <Approximate>0</Approximate>
        <HistCounts>1|0|0|0|0|0|0|0|0|0|0|0|0|0|0|0|0|0|0|0|0|0|0|0|0|0|0|0|0|0|0|0|0|0|0|0|0|1|0|0|0|0|0|0|0|0|0|0|0|0|0|0|0|0|0|0|0|0|0|0|1|0|0|0|0|0|1|1|2|1|4|3|7|1|3|3|0|1|2|2|1|0|0|1|2|1|3|4|10|9|4|4|12|8|4|7|9|16|17|11|19|29|39|42|29|25|32|44|33|37|37|37|25|19|22|11|20|15|14|13|7|10|5|11|11|14|13|11|18|10|13|20|18|16|13|12|18|10|15|15|10|16|17|15|16|20|19|19|18|29|21|28|18|17|19|12|22|28|19|20|16|24|45|32|36|30|17|19|29|19|25|18|37|22|28|20|35|35|28|40|41|29|50|61|54|47|41|35|42|40|32|41|40|52|42|65|93|88|78|73|53|46|45|28|29|32|42|51|32|35|33|34|18|17|19|20|15|19|21|14|8|21|19|20|9|8|14|13|9|10|4|8|6|4|0|2|2|2|2|3|2|0|4|0|0|0|1|0|0|3|0|0|1|0|1|1</HistCounts>
      </HistItem>
    </Histograms>
    <Metadata>
      <MDI key="STATISTICS_MINIMUM">0.30366998910904</MDI>
      <MDI key="STATISTICS_MAXIMUM">0.48853999376297</MDI>
      <MDI key="STATISTICS_MEAN">0.42535435641622</MDI>
      <MDI key="STATISTICS_STDDEV">0.028342495396178</MDI>
      <MDI key="STATISTICS_SKIPFACTORX">1</MDI>
      <MDI key="STATISTICS_SKIPFACTORY">1</MDI>
      <MDI key="STATISTICS_EXCLUDEDVALUES"></MDI>
      <MDI key="STATISTICS_COVARIANCES">8.03297045282369E-04</MDI>
    </Metadata>
  </PAMRasterBand>
</PAMDataset>
