<PAMDataset>
  <Metadata>
    <MDI key="DataType">Generic</MDI>
  </Metadata>
  <Metadata domain="Esri">
    <MDI key="PyramidResamplingType">NEAREST</MDI>
  </Metadata>
  <PAMRasterBand band="1">
    <Histograms>
      <HistItem>
        <HistMin>0.245959997177124</HistMin>
        <HistMax>0.4128899872303009</HistMax>
        <BucketCount>256</BucketCount>
        <IncludeOutOfRange>1</IncludeOutOfRange>
        <Approximate>0</Approximate>
        <HistCounts>1|0|0|0|0|0|0|1|0|0|0|0|0|0|0|3|0|1|4|3|5|2|2|1|2|5|4|7|3|3|4|6|11|6|6|2|5|2|1|10|9|10|8|9|4|7|8|5|13|12|6|2|7|3|7|12|22|34|42|46|53|34|27|31|42|46|41|40|32|23|20|27|12|19|8|18|15|10|20|12|23|9|20|12|16|21|14|11|12|12|18|22|18|20|22|19|22|10|13|10|12|16|21|13|20|20|33|24|23|18|14|15|19|17|17|27|16|24|24|31|35|28|27|40|27|31|27|24|25|31|23|22|23|24|13|39|20|15|26|23|23|27|41|43|65|66|64|50|71|61|60|73|69|71|56|42|34|33|39|44|43|39|38|50|42|33|25|19|21|25|16|14|19|19|16|15|18|17|5|10|7|3|4|8|7|0|5|2|4|9|0|4|2|0|1|0|0|1|0|0|0|0|0|0|0|0|0|0|0|0|0|0|0|0|0|0|0|0|0|0|0|0|0|0|0|0|0|0|0|0|0|0|0|0|0|0|0|0|0|0|0|0|0|0|0|0|0|0|0|0|0|0|0|0|1|0</HistCounts>
      </HistItem>
    </Histograms>
    <Metadata>
      <MDI key="STATISTICS_MINIMUM">0.24595999717712</MDI>
      <MDI key="STATISTICS_MAXIMUM">0.4128899872303</MDI>
      <MDI key="STATISTICS_MEAN">0.32358263634412</MDI>
      <MDI key="STATISTICS_STDDEV">0.026779264239146</MDI>
      <MDI key="STATISTICS_SKIPFACTORX">1</MDI>
      <MDI key="STATISTICS_SKIPFACTORY">1</MDI>
      <MDI key="STATISTICS_EXCLUDEDVALUES"></MDI>
      <MDI key="STATISTICS_COVARIANCES">7.17128993189989E-04</MDI>
    </Metadata>
  </PAMRasterBand>
</PAMDataset>
