<PAMDataset>
  <Metadata>
    <MDI key="DataType">Generic</MDI>
  </Metadata>
  <Metadata domain="Esri">
    <MDI key="PyramidResamplingType">NEAREST</MDI>
  </Metadata>
  <PAMRasterBand band="1">
    <Histograms>
      <HistItem>
        <HistMin>0.2179500013589859</HistMin>
        <HistMax>0.3779500126838684</HistMax>
        <BucketCount>256</BucketCount>
        <IncludeOutOfRange>1</IncludeOutOfRange>
        <Approximate>0</Approximate>
        <HistCounts>1|0|0|1|0|0|0|0|0|0|0|0|0|0|0|0|0|0|0|0|0|0|0|0|0|0|0|0|0|0|0|0|0|0|0|0|0|0|0|0|0|0|0|0|0|0|0|0|0|0|0|0|0|0|0|1|0|1|0|0|0|0|0|0|2|1|2|0|0|1|1|2|1|2|3|1|4|2|2|4|2|4|5|6|3|1|2|7|8|9|6|5|9|10|6|7|10|5|7|8|7|7|9|6|13|10|11|9|9|10|13|12|7|15|13|16|21|21|20|22|18|24|25|34|29|42|39|26|39|38|35|34|26|32|26|37|38|45|54|54|64|62|49|50|53|37|30|43|59|52|46|43|55|50|42|45|46|50|38|43|62|58|56|46|46|42|51|52|44|41|38|68|60|35|38|47|42|46|47|44|30|39|32|26|29|33|37|33|17|34|22|19|22|16|21|25|15|27|20|17|15|13|14|5|10|14|12|6|8|7|8|4|12|8|12|7|15|6|5|3|2|2|0|0|0|0|0|0|0|0|0|0|0|0|0|0|0|0|0|0|0|0|0|0|0|0|0|0|0|0|0|0|0|0|0|1</HistCounts>
      </HistItem>
    </Histograms>
    <Metadata>
      <MDI key="STATISTICS_MINIMUM">0.21795000135899</MDI>
      <MDI key="STATISTICS_MAXIMUM">0.37795001268387</MDI>
      <MDI key="STATISTICS_MEAN">0.31499382678106</MDI>
      <MDI key="STATISTICS_STDDEV">0.018135979242791</MDI>
      <MDI key="STATISTICS_SKIPFACTORX">1</MDI>
      <MDI key="STATISTICS_SKIPFACTORY">1</MDI>
      <MDI key="STATISTICS_EXCLUDEDVALUES"></MDI>
      <MDI key="STATISTICS_COVARIANCES">3.28913743094953E-04</MDI>
    </Metadata>
  </PAMRasterBand>
</PAMDataset>
