<PAMDataset>
  <Metadata>
    <MDI key="DataType">Generic</MDI>
  </Metadata>
  <Metadata domain="Esri">
    <MDI key="PyramidResamplingType">NEAREST</MDI>
  </Metadata>
  <PAMRasterBand band="1">
    <Histograms>
      <HistItem>
        <HistMin>0.1859599947929382</HistMin>
        <HistMax>0.3507800102233887</HistMax>
        <BucketCount>256</BucketCount>
        <IncludeOutOfRange>1</IncludeOutOfRange>
        <Approximate>0</Approximate>
        <HistCounts>1|1|0|1|1|0|3|0|0|1|0|0|0|1|0|0|1|2|0|0|0|0|1|0|2|1|1|1|0|1|3|0|0|0|0|0|2|1|3|1|1|2|1|2|2|0|2|3|1|1|1|2|1|6|7|6|1|5|1|4|4|5|5|8|9|6|5|7|5|7|12|9|8|15|11|10|7|6|10|9|12|12|14|9|16|11|10|17|13|18|14|15|19|19|14|23|17|17|22|18|23|30|28|19|36|37|46|50|51|33|42|59|37|41|52|47|44|46|32|33|35|29|25|31|19|22|32|25|30|48|52|42|55|55|51|32|52|37|38|43|35|35|52|35|39|36|52|48|44|41|52|41|52|30|44|41|38|35|32|30|31|31|32|28|39|30|31|18|34|24|24|30|23|20|24|16|27|17|31|18|11|19|20|26|21|27|18|17|22|19|16|12|9|8|3|6|6|2|0|2|1|3|1|0|2|1|4|5|3|1|6|3|0|1|0|0|0|0|0|0|0|0|0|0|0|0|0|0|0|0|0|0|0|0|0|0|0|0|0|0|0|0|0|0|0|0|0|0|0|0|0|0|0|0|0|1</HistCounts>
      </HistItem>
    </Histograms>
    <Metadata>
      <MDI key="STATISTICS_MINIMUM">0.18595999479294</MDI>
      <MDI key="STATISTICS_MAXIMUM">0.35078001022339</MDI>
      <MDI key="STATISTICS_MEAN">0.27198478069334</MDI>
      <MDI key="STATISTICS_STDDEV">0.021758486517248</MDI>
      <MDI key="STATISTICS_SKIPFACTORX">1</MDI>
      <MDI key="STATISTICS_SKIPFACTORY">1</MDI>
      <MDI key="STATISTICS_EXCLUDEDVALUES"></MDI>
      <MDI key="STATISTICS_COVARIANCES">4.73431735521272E-04</MDI>
    </Metadata>
  </PAMRasterBand>
</PAMDataset>
