<PAMDataset>
  <Metadata>
    <MDI key="DataType">Generic</MDI>
  </Metadata>
  <Metadata domain="Esri">
    <MDI key="PyramidResamplingType">NEAREST</MDI>
  </Metadata>
  <PAMRasterBand band="1">
    <Histograms>
      <HistItem>
        <HistMin>0.150289997458458</HistMin>
        <HistMax>0.3272300064563751</HistMax>
        <BucketCount>256</BucketCount>
        <IncludeOutOfRange>1</IncludeOutOfRange>
        <Approximate>0</Approximate>
        <HistCounts>1|0|0|0|0|0|0|0|0|0|0|0|0|0|0|0|0|0|0|0|0|0|0|0|0|0|0|0|0|0|0|0|0|1|1|2|0|0|0|0|0|0|0|1|0|1|1|0|0|1|0|2|0|1|2|0|2|0|1|1|2|3|3|2|1|1|0|1|2|3|5|3|3|4|3|4|4|3|6|8|4|4|4|6|5|5|2|4|2|6|9|9|9|10|14|6|7|6|9|11|15|13|17|12|18|19|25|21|38|33|31|34|43|56|53|81|69|74|69|53|42|33|23|35|28|32|38|38|36|36|35|21|25|16|10|15|19|9|16|13|21|19|10|14|8|12|7|21|12|21|17|11|15|11|15|18|9|8|19|11|17|18|19|13|12|13|12|15|12|14|17|12|12|16|15|16|20|17|16|27|30|27|16|17|16|29|29|32|26|16|14|18|16|16|21|13|15|25|21|27|19|21|27|21|18|26|26|30|40|24|23|35|40|30|34|32|30|41|56|43|42|32|38|45|41|27|24|27|16|28|28|24|29|29|25|23|14|11|16|13|10|10|5|9|4|2|2|6|1|1|0|0|0|0|1|1</HistCounts>
      </HistItem>
    </Histograms>
    <Metadata>
      <MDI key="STATISTICS_MINIMUM">0.15028999745846</MDI>
      <MDI key="STATISTICS_MAXIMUM">0.32723000645638</MDI>
      <MDI key="STATISTICS_MEAN">0.26427952932418</MDI>
      <MDI key="STATISTICS_STDDEV">0.033201549134688</MDI>
      <MDI key="STATISTICS_SKIPFACTORX">1</MDI>
      <MDI key="STATISTICS_SKIPFACTORY">1</MDI>
      <MDI key="STATISTICS_EXCLUDEDVALUES"></MDI>
      <MDI key="STATISTICS_COVARIANCES">1.10234286494309E-03</MDI>
    </Metadata>
  </PAMRasterBand>
</PAMDataset>
