<PAMDataset>
  <Metadata>
    <MDI key="DataType">Generic</MDI>
  </Metadata>
  <Metadata domain="Esri">
    <MDI key="PyramidResamplingType">NEAREST</MDI>
  </Metadata>
  <PAMRasterBand band="1">
    <Histograms>
      <HistItem>
        <HistMin>0.2778599858283997</HistMin>
        <HistMax>0.415230005979538</HistMax>
        <BucketCount>256</BucketCount>
        <IncludeOutOfRange>1</IncludeOutOfRange>
        <Approximate>0</Approximate>
        <HistCounts>3|0|2|2|0|0|0|0|0|1|2|1|2|1|2|0|1|0|2|1|4|0|3|0|1|4|2|3|4|2|5|4|7|6|3|2|4|3|10|2|7|2|3|8|4|5|6|11|9|7|4|7|2|5|5|7|9|5|17|17|16|12|12|11|25|23|16|32|25|32|30|31|42|27|32|29|43|40|20|36|26|26|15|24|22|19|18|26|15|23|25|14|21|15|15|21|11|13|18|11|24|17|16|11|14|4|12|13|14|13|8|20|19|27|15|18|16|24|31|25|28|25|23|27|15|24|18|24|22|24|18|18|19|20|9|19|14|17|13|7|15|15|13|10|16|15|13|13|4|15|12|13|16|12|15|16|15|6|12|13|12|8|15|10|8|22|22|14|19|13|15|17|20|20|25|19|21|22|18|13|23|21|35|17|13|17|25|25|23|24|29|27|34|35|56|40|32|36|39|32|29|33|33|25|26|29|37|34|32|36|39|43|35|25|20|24|14|7|10|8|14|14|8|6|11|8|2|7|6|2|1|1|5|6|11|4|5|5|4|2|2|7|0|2|0|0|1|1|2|1|2|0|0|0|0|1</HistCounts>
      </HistItem>
    </Histograms>
    <Metadata>
      <MDI key="STATISTICS_MINIMUM">0.2778599858284</MDI>
      <MDI key="STATISTICS_MAXIMUM">0.41523000597954</MDI>
      <MDI key="STATISTICS_MEAN">0.353274025902</MDI>
      <MDI key="STATISTICS_STDDEV">0.030265272602478</MDI>
      <MDI key="STATISTICS_SKIPFACTORX">1</MDI>
      <MDI key="STATISTICS_SKIPFACTORY">1</MDI>
      <MDI key="STATISTICS_EXCLUDEDVALUES"></MDI>
      <MDI key="STATISTICS_COVARIANCES">9.15986725702292E-04</MDI>
    </Metadata>
  </PAMRasterBand>
</PAMDataset>
