<PAMDataset>
  <Metadata>
    <MDI key="DataType">Generic</MDI>
  </Metadata>
  <Metadata domain="Esri">
    <MDI key="PyramidResamplingType">NEAREST</MDI>
  </Metadata>
  <PAMRasterBand band="1">
    <Histograms>
      <HistItem>
        <HistMin>0.2198500037193298</HistMin>
        <HistMax>0.3755599856376648</HistMax>
        <BucketCount>256</BucketCount>
        <IncludeOutOfRange>1</IncludeOutOfRange>
        <Approximate>0</Approximate>
        <HistCounts>1|0|0|0|2|1|1|3|1|0|1|4|0|1|3|0|1|3|3|1|2|1|2|1|2|4|1|2|1|0|0|3|4|1|4|3|0|1|3|0|0|1|2|3|7|6|4|2|4|4|4|6|6|11|2|9|11|13|15|17|19|10|15|12|15|5|8|18|13|20|17|25|16|7|27|18|14|18|12|15|16|19|15|19|23|30|24|20|25|19|20|22|21|22|17|18|24|27|35|33|42|34|12|13|11|17|24|28|31|29|25|20|29|28|39|38|29|33|38|34|47|37|32|33|21|36|21|25|31|26|23|32|41|33|28|24|20|23|31|43|32|40|37|52|57|60|52|37|26|36|32|46|62|44|38|46|58|45|46|41|38|38|34|43|46|38|32|29|31|25|23|19|24|18|17|24|20|17|21|9|14|9|8|12|15|6|11|10|5|12|7|9|9|6|7|8|5|4|6|8|3|3|1|1|2|1|1|1|0|0|0|0|1|0|0|0|0|0|0|0|0|0|0|0|0|0|0|0|0|0|0|0|0|0|0|0|0|0|0|0|0|0|0|0|0|0|0|0|0|0|0|0|0|0|0|1</HistCounts>
      </HistItem>
    </Histograms>
    <Metadata>
      <MDI key="STATISTICS_MINIMUM">0.21985000371933</MDI>
      <MDI key="STATISTICS_MAXIMUM">0.37555998563766</MDI>
      <MDI key="STATISTICS_MEAN">0.29711991934983</MDI>
      <MDI key="STATISTICS_STDDEV">0.023151157921729</MDI>
      <MDI key="STATISTICS_SKIPFACTORX">1</MDI>
      <MDI key="STATISTICS_SKIPFACTORY">1</MDI>
      <MDI key="STATISTICS_EXCLUDEDVALUES"></MDI>
      <MDI key="STATISTICS_COVARIANCES">5.35976113116816E-04</MDI>
    </Metadata>
  </PAMRasterBand>
</PAMDataset>
