<PAMDataset>
  <Metadata>
    <MDI key="DataType">Generic</MDI>
  </Metadata>
  <Metadata domain="Esri">
    <MDI key="PyramidResamplingType">NEAREST</MDI>
  </Metadata>
  <PAMRasterBand band="1">
    <Histograms>
      <HistItem>
        <HistMin>0.2382200062274933</HistMin>
        <HistMax>0.3911300003528595</HistMax>
        <BucketCount>256</BucketCount>
        <IncludeOutOfRange>1</IncludeOutOfRange>
        <Approximate>0</Approximate>
        <HistCounts>1|2|2|1|1|3|4|2|3|2|4|1|4|3|7|3|1|2|3|3|2|5|5|3|1|5|6|6|7|2|4|4|7|7|6|7|11|3|8|9|3|8|7|11|15|16|24|27|28|27|19|29|17|33|31|36|27|26|25|21|26|15|25|13|21|25|15|17|15|19|25|25|23|25|21|9|3|10|9|10|20|14|16|15|9|10|18|11|18|11|22|16|15|19|18|19|16|20|12|20|15|15|11|29|17|17|17|23|19|17|18|19|25|33|31|37|58|60|45|34|41|21|36|24|22|11|24|15|13|19|18|22|23|29|13|21|13|22|14|14|14|11|14|16|21|49|63|78|75|67|85|81|66|67|61|59|68|73|39|33|29|31|35|25|24|29|31|35|12|12|21|21|10|7|12|3|14|9|14|7|5|7|7|6|4|9|12|9|9|6|5|1|1|0|0|0|0|0|1|0|0|0|0|0|1|0|0|0|0|0|0|0|0|0|0|0|0|0|0|0|0|0|0|0|0|0|0|0|0|0|0|0|0|1|0|0|0|0|0|0|0|0|0|0|0|0|0|0|0|0|0|0|0|0|0|1</HistCounts>
      </HistItem>
    </Histograms>
    <Metadata>
      <MDI key="STATISTICS_MINIMUM">0.23822000622749</MDI>
      <MDI key="STATISTICS_MAXIMUM">0.39113000035286</MDI>
      <MDI key="STATISTICS_MEAN">0.30761437506901</MDI>
      <MDI key="STATISTICS_STDDEV">0.026090055253187</MDI>
      <MDI key="STATISTICS_SKIPFACTORX">1</MDI>
      <MDI key="STATISTICS_SKIPFACTORY">1</MDI>
      <MDI key="STATISTICS_EXCLUDEDVALUES"></MDI>
      <MDI key="STATISTICS_COVARIANCES">6.80690983114363E-04</MDI>
    </Metadata>
  </PAMRasterBand>
</PAMDataset>
