<PAMDataset>
  <Metadata>
    <MDI key="DataType">Generic</MDI>
  </Metadata>
  <Metadata domain="Esri">
    <MDI key="PyramidResamplingType">NEAREST</MDI>
  </Metadata>
  <PAMRasterBand band="1">
    <Histograms>
      <HistItem>
        <HistMin>0.2700099945068359</HistMin>
        <HistMax>0.4579600095748901</HistMax>
        <BucketCount>256</BucketCount>
        <IncludeOutOfRange>1</IncludeOutOfRange>
        <Approximate>0</Approximate>
        <HistCounts>1|0|0|0|0|0|0|0|0|0|0|0|0|0|0|0|0|0|0|0|0|0|0|0|0|0|0|0|0|0|0|0|0|0|0|0|0|0|0|0|0|0|0|0|0|0|0|0|0|0|0|0|0|0|0|0|0|0|0|0|0|0|0|0|0|0|0|0|0|0|0|0|0|0|0|0|0|0|0|1|0|1|0|1|0|1|2|2|4|7|8|9|1|1|4|0|0|4|6|9|3|6|8|8|7|10|8|12|17|19|23|19|14|15|24|16|15|29|24|22|26|22|30|26|24|24|29|25|22|13|10|23|21|22|17|30|30|28|31|20|15|16|17|21|18|13|14|15|18|11|19|16|17|10|8|21|18|14|17|5|18|13|7|16|14|18|13|12|15|21|26|29|21|15|21|18|21|19|20|15|21|20|17|23|20|21|20|23|27|21|30|29|36|49|57|53|50|50|59|59|57|49|60|56|61|57|47|55|67|65|76|64|68|71|66|78|70|45|41|28|27|27|24|21|27|27|14|17|17|12|9|11|11|8|9|8|7|7|13|7|11|8|5|4|7|2|6|7|2|3|3|2|0|1|1|1</HistCounts>
      </HistItem>
    </Histograms>
    <Metadata>
      <MDI key="STATISTICS_MINIMUM">0.27000999450684</MDI>
      <MDI key="STATISTICS_MAXIMUM">0.45796000957489</MDI>
      <MDI key="STATISTICS_MEAN">0.40275063935354</MDI>
      <MDI key="STATISTICS_STDDEV">0.028571024419405</MDI>
      <MDI key="STATISTICS_SKIPFACTORX">1</MDI>
      <MDI key="STATISTICS_SKIPFACTORY">1</MDI>
      <MDI key="STATISTICS_EXCLUDEDVALUES"></MDI>
      <MDI key="STATISTICS_COVARIANCES">8.16303436374252E-04</MDI>
    </Metadata>
  </PAMRasterBand>
</PAMDataset>
