<PAMDataset>
  <Metadata>
    <MDI key="DataType">Generic</MDI>
  </Metadata>
  <Metadata domain="Esri">
    <MDI key="PyramidResamplingType">NEAREST</MDI>
  </Metadata>
  <PAMRasterBand band="1">
    <Histograms>
      <HistItem>
        <HistMin>0.2014899998903275</HistMin>
        <HistMax>0.3688899874687195</HistMax>
        <BucketCount>256</BucketCount>
        <IncludeOutOfRange>1</IncludeOutOfRange>
        <Approximate>0</Approximate>
        <HistCounts>1|0|1|1|0|2|0|3|1|3|0|2|2|4|5|2|4|1|0|3|0|2|2|3|0|2|4|1|3|4|4|4|6|3|5|6|7|8|5|8|7|9|13|14|17|22|11|14|12|15|19|23|13|22|30|26|26|28|27|31|32|15|23|22|28|16|19|21|11|24|33|33|25|16|15|23|15|12|19|10|13|13|11|9|13|16|11|16|26|10|20|20|18|17|21|21|14|10|20|17|13|16|19|15|24|21|19|24|12|27|21|25|34|27|21|26|27|29|35|35|27|36|24|31|21|26|40|47|30|34|32|34|43|49|46|49|46|52|49|41|44|39|48|31|40|35|32|45|44|34|44|41|30|34|49|52|42|50|30|41|28|31|43|31|32|36|33|23|22|20|16|17|14|27|14|15|10|18|17|2|8|2|2|1|0|2|1|2|0|1|0|0|0|0|0|0|0|0|0|1|0|0|0|0|0|0|0|0|0|0|0|0|0|0|0|0|0|0|0|0|0|0|0|0|0|0|0|0|0|0|0|0|0|0|0|0|0|0|0|0|0|0|0|0|0|0|0|0|0|0|0|0|0|0|0|1</HistCounts>
      </HistItem>
    </Histograms>
    <Metadata>
      <MDI key="STATISTICS_MINIMUM">0.20148999989033</MDI>
      <MDI key="STATISTICS_MAXIMUM">0.36888998746872</MDI>
      <MDI key="STATISTICS_MEAN">0.27761553117775</MDI>
      <MDI key="STATISTICS_STDDEV">0.026637758583054</MDI>
      <MDI key="STATISTICS_SKIPFACTORX">1</MDI>
      <MDI key="STATISTICS_SKIPFACTORY">1</MDI>
      <MDI key="STATISTICS_EXCLUDEDVALUES"></MDI>
      <MDI key="STATISTICS_COVARIANCES">7.09570182329088E-04</MDI>
    </Metadata>
  </PAMRasterBand>
</PAMDataset>
