<PAMDataset>
  <Metadata>
    <MDI key="DataType">Generic</MDI>
  </Metadata>
  <Metadata domain="Esri">
    <MDI key="PyramidResamplingType">NEAREST</MDI>
  </Metadata>
  <PAMRasterBand band="1">
    <Histograms>
      <HistItem>
        <HistMin>0.205939993262291</HistMin>
        <HistMax>0.3475799858570099</HistMax>
        <BucketCount>256</BucketCount>
        <IncludeOutOfRange>1</IncludeOutOfRange>
        <Approximate>0</Approximate>
        <HistCounts>3|1|0|0|0|0|0|0|0|2|0|0|0|0|2|0|1|0|2|2|2|1|2|4|4|3|1|4|3|4|2|1|3|2|1|5|3|2|3|3|8|5|3|1|3|3|3|1|1|3|5|3|6|5|3|6|8|3|8|5|9|7|12|7|4|14|13|6|6|9|9|9|8|15|16|18|29|37|25|32|30|32|27|34|25|37|43|32|39|28|28|32|33|33|24|34|37|26|47|37|27|38|23|30|27|27|18|23|24|22|21|17|18|23|18|22|20|11|13|17|11|14|9|11|11|11|13|16|13|9|11|12|16|4|13|16|4|10|17|17|12|7|11|18|18|12|16|5|16|12|8|6|14|11|12|16|13|10|12|20|12|28|16|10|17|9|21|10|22|18|20|18|20|29|16|16|16|24|15|23|22|13|14|16|22|19|11|17|17|27|25|19|18|25|20|20|18|17|22|24|19|41|20|24|27|34|28|23|32|34|27|34|42|35|36|33|29|57|21|33|26|29|29|20|25|25|22|12|13|12|12|15|11|12|15|10|7|7|3|3|3|6|1|1|0|1|2|3|0|0|0|0|0|0|2|1</HistCounts>
      </HistItem>
    </Histograms>
    <Metadata>
      <MDI key="STATISTICS_MINIMUM">0.20593999326229</MDI>
      <MDI key="STATISTICS_MAXIMUM">0.34757998585701</MDI>
      <MDI key="STATISTICS_MEAN">0.28722095395394</MDI>
      <MDI key="STATISTICS_STDDEV">0.031412253346694</MDI>
      <MDI key="STATISTICS_SKIPFACTORX">1</MDI>
      <MDI key="STATISTICS_SKIPFACTORY">1</MDI>
      <MDI key="STATISTICS_EXCLUDEDVALUES"></MDI>
      <MDI key="STATISTICS_COVARIANCES">9.86729660316877E-04</MDI>
    </Metadata>
  </PAMRasterBand>
</PAMDataset>
