<PAMDataset>
  <Metadata>
    <MDI key="DataType">Generic</MDI>
  </Metadata>
  <Metadata domain="Esri">
    <MDI key="PyramidResamplingType">NEAREST</MDI>
  </Metadata>
  <PAMRasterBand band="1">
    <Histograms>
      <HistItem>
        <HistMin>0.2894499897956848</HistMin>
        <HistMax>0.463239997625351</HistMax>
        <BucketCount>256</BucketCount>
        <IncludeOutOfRange>1</IncludeOutOfRange>
        <Approximate>0</Approximate>
        <HistCounts>1|0|0|0|0|0|0|1|0|0|0|0|0|0|0|0|0|0|0|0|0|0|0|0|0|0|0|0|0|0|0|0|0|0|0|0|0|0|0|0|0|0|0|0|0|0|0|0|0|0|0|0|0|0|0|0|0|0|0|0|0|0|0|0|0|0|0|0|0|3|2|10|4|3|4|1|2|0|0|3|0|1|0|0|2|1|5|1|1|3|8|6|19|4|7|11|8|6|5|6|9|15|15|9|13|8|10|18|15|25|30|42|74|53|78|60|38|27|15|8|8|11|10|11|20|11|7|7|13|11|15|17|21|30|20|16|10|14|11|18|12|14|9|10|11|10|12|10|8|7|16|13|15|14|13|16|19|23|27|23|23|19|23|24|24|22|19|11|20|9|20|11|16|24|19|16|23|25|27|40|33|37|23|27|31|25|30|19|29|27|31|35|50|67|64|71|67|76|72|74|70|57|43|39|43|42|53|69|71|54|51|54|46|51|43|25|32|26|19|18|16|15|17|7|13|14|11|13|10|9|3|2|10|6|7|13|7|7|9|8|10|14|13|5|4|3|5|2|0|1|2|0|1|1|0|1</HistCounts>
      </HistItem>
    </Histograms>
    <Metadata>
      <MDI key="STATISTICS_MINIMUM">0.28944998979568</MDI>
      <MDI key="STATISTICS_MAXIMUM">0.46323999762535</MDI>
      <MDI key="STATISTICS_MEAN">0.40746169306039</MDI>
      <MDI key="STATISTICS_STDDEV">0.027816189354811</MDI>
      <MDI key="STATISTICS_SKIPFACTORX">1</MDI>
      <MDI key="STATISTICS_SKIPFACTORY">1</MDI>
      <MDI key="STATISTICS_EXCLUDEDVALUES"></MDI>
      <MDI key="STATISTICS_COVARIANCES">7.73740390222676E-04</MDI>
    </Metadata>
  </PAMRasterBand>
</PAMDataset>
