<PAMDataset>
  <Metadata>
    <MDI key="DataType">Generic</MDI>
  </Metadata>
  <Metadata domain="Esri">
    <MDI key="PyramidResamplingType">NEAREST</MDI>
  </Metadata>
  <PAMRasterBand band="1">
    <Histograms>
      <HistItem>
        <HistMin>0.1823199987411499</HistMin>
        <HistMax>0.3569400012493134</HistMax>
        <BucketCount>256</BucketCount>
        <IncludeOutOfRange>1</IncludeOutOfRange>
        <Approximate>0</Approximate>
        <HistCounts>1|1|0|0|0|0|0|0|0|0|0|0|1|3|0|1|2|1|1|1|0|1|3|0|3|1|0|0|2|1|0|2|0|1|2|1|3|3|2|0|1|4|6|4|3|5|4|6|5|5|6|9|8|11|4|13|9|4|8|7|14|6|11|15|10|15|17|16|12|11|13|12|10|12|16|22|21|15|16|18|19|25|28|20|33|29|31|25|36|16|26|39|35|31|38|40|62|59|69|64|44|37|36|22|36|39|24|28|36|26|24|28|25|21|23|24|23|43|29|20|24|36|26|24|30|20|24|34|25|36|32|38|34|36|33|31|35|45|29|31|26|43|33|25|41|30|38|52|52|29|42|34|41|36|55|34|34|42|44|44|31|27|27|25|20|19|17|15|21|21|21|21|12|17|20|19|9|18|16|17|20|16|10|7|7|2|2|5|5|8|11|6|13|7|3|6|8|5|3|3|5|2|2|1|4|4|0|0|0|1|0|1|1|0|0|3|1|0|0|0|1|0|0|0|0|0|1|0|0|0|0|1|0|0|0|0|0|0|0|0|0|0|0|0|0|0|0|0|0|0|0|0|0|0|0|1</HistCounts>
      </HistItem>
    </Histograms>
    <Metadata>
      <MDI key="STATISTICS_MINIMUM">0.18231999874115</MDI>
      <MDI key="STATISTICS_MAXIMUM">0.35694000124931</MDI>
      <MDI key="STATISTICS_MEAN">0.26627130065192</MDI>
      <MDI key="STATISTICS_STDDEV">0.025038766277114</MDI>
      <MDI key="STATISTICS_SKIPFACTORX">1</MDI>
      <MDI key="STATISTICS_SKIPFACTORY">1</MDI>
      <MDI key="STATISTICS_EXCLUDEDVALUES"></MDI>
      <MDI key="STATISTICS_COVARIANCES">6.26939816679966E-04</MDI>
    </Metadata>
  </PAMRasterBand>
</PAMDataset>
