<PAMDataset>
  <Metadata>
    <MDI key="DataType">Generic</MDI>
  </Metadata>
  <Metadata domain="Esri">
    <MDI key="PyramidResamplingType">NEAREST</MDI>
  </Metadata>
  <PAMRasterBand band="1">
    <Histograms>
      <HistItem>
        <HistMin>0.1433999985456467</HistMin>
        <HistMax>0.319599986076355</HistMax>
        <BucketCount>256</BucketCount>
        <IncludeOutOfRange>1</IncludeOutOfRange>
        <Approximate>0</Approximate>
        <HistCounts>1|0|0|0|0|0|0|0|0|0|0|0|0|0|0|0|0|0|0|0|0|0|0|0|0|0|0|0|0|0|0|0|0|0|0|0|0|0|1|0|0|0|0|0|0|0|0|0|0|0|0|0|0|0|0|2|0|0|0|0|0|0|0|0|2|4|0|0|0|0|0|2|2|2|2|0|2|3|1|1|2|2|1|6|2|2|3|2|2|8|3|3|7|5|6|10|7|7|4|9|9|11|5|9|10|9|9|16|10|7|4|8|3|5|5|5|6|12|7|6|9|8|6|9|10|8|9|16|6|9|14|14|15|15|19|20|20|18|16|26|17|26|38|46|30|44|45|40|40|49|45|51|44|46|39|56|50|42|46|46|42|54|54|57|65|61|47|59|53|60|53|42|46|37|30|34|34|30|40|40|38|47|46|50|42|66|43|47|39|52|46|37|30|40|42|33|31|37|35|28|34|37|33|31|28|20|21|24|25|16|15|20|24|21|20|7|18|14|14|9|17|8|9|6|13|12|10|11|7|6|8|9|4|1|2|5|1|1|6|2|2|1|1|0|0|0|0|1|0|0|0|0|0|0|0|1</HistCounts>
      </HistItem>
    </Histograms>
    <Metadata>
      <MDI key="STATISTICS_MINIMUM">0.14339999854565</MDI>
      <MDI key="STATISTICS_MAXIMUM">0.31959998607635</MDI>
      <MDI key="STATISTICS_MEAN">0.25984166896542</MDI>
      <MDI key="STATISTICS_STDDEV">0.021558902427938</MDI>
      <MDI key="STATISTICS_SKIPFACTORX">1</MDI>
      <MDI key="STATISTICS_SKIPFACTORY">1</MDI>
      <MDI key="STATISTICS_EXCLUDEDVALUES"></MDI>
      <MDI key="STATISTICS_COVARIANCES">4.64786273897346E-04</MDI>
    </Metadata>
  </PAMRasterBand>
</PAMDataset>
