<PAMDataset>
  <Metadata>
    <MDI key="DataType">Generic</MDI>
  </Metadata>
  <Metadata domain="Esri">
    <MDI key="PyramidResamplingType">NEAREST</MDI>
  </Metadata>
  <PAMRasterBand band="1">
    <Histograms>
      <HistItem>
        <HistMin>0.301360011100769</HistMin>
        <HistMax>0.4789499938488007</HistMax>
        <BucketCount>256</BucketCount>
        <IncludeOutOfRange>1</IncludeOutOfRange>
        <Approximate>0</Approximate>
        <HistCounts>1|0|0|0|0|0|0|0|0|0|0|0|0|0|0|0|1|0|0|0|0|0|0|0|0|0|0|0|0|0|0|0|0|0|0|0|0|0|0|0|0|0|0|0|0|0|0|0|0|0|0|0|0|0|0|0|0|0|0|0|0|0|0|0|0|0|1|4|11|4|2|4|2|1|0|0|1|0|0|1|0|2|1|4|0|3|2|1|4|9|13|3|6|10|1|13|11|9|6|13|6|8|11|6|15|19|19|28|57|66|91|88|50|30|28|15|5|4|3|7|9|11|15|11|9|10|16|8|10|16|9|13|35|19|18|17|13|14|14|7|15|11|14|17|9|12|10|16|12|10|12|12|23|17|15|18|33|27|30|20|19|29|17|15|10|17|16|9|14|23|18|31|19|40|30|30|23|26|33|20|21|27|23|22|21|36|35|31|39|45|36|49|68|59|58|67|57|74|69|50|52|43|39|47|40|49|59|65|52|58|42|55|55|44|53|30|20|25|23|17|10|11|14|18|9|3|12|9|7|5|5|9|8|4|9|11|6|11|12|14|11|3|4|6|3|0|3|0|0|1|1|0|0|0|0|1</HistCounts>
      </HistItem>
    </Histograms>
    <Metadata>
      <MDI key="STATISTICS_MINIMUM">0.30136001110077</MDI>
      <MDI key="STATISTICS_MAXIMUM">0.4789499938488</MDI>
      <MDI key="STATISTICS_MEAN">0.4207357132957</MDI>
      <MDI key="STATISTICS_STDDEV">0.028497168735801</MDI>
      <MDI key="STATISTICS_SKIPFACTORX">1</MDI>
      <MDI key="STATISTICS_SKIPFACTORY">1</MDI>
      <MDI key="STATISTICS_EXCLUDEDVALUES"></MDI>
      <MDI key="STATISTICS_COVARIANCES">8.1208862595673E-04</MDI>
    </Metadata>
  </PAMRasterBand>
</PAMDataset>
