<PAMDataset>
  <Metadata>
    <MDI key="DataType">Generic</MDI>
  </Metadata>
  <Metadata domain="Esri">
    <MDI key="PyramidResamplingType">NEAREST</MDI>
  </Metadata>
  <PAMRasterBand band="1">
    <Histograms>
      <HistItem>
        <HistMin>0.1506499946117401</HistMin>
        <HistMax>0.3233200013637543</HistMax>
        <BucketCount>256</BucketCount>
        <IncludeOutOfRange>1</IncludeOutOfRange>
        <Approximate>0</Approximate>
        <HistCounts>1|0|0|0|0|0|0|0|0|0|0|0|0|0|0|0|0|0|0|0|0|0|0|0|0|0|0|1|0|0|0|0|0|0|0|0|0|0|0|0|2|1|0|0|0|0|1|0|0|0|2|0|0|1|1|0|0|0|3|3|0|1|2|2|2|3|0|3|0|8|1|2|1|3|1|2|6|5|2|5|7|5|7|4|4|2|5|5|4|7|3|2|7|6|9|12|7|16|9|13|14|12|6|16|14|14|22|24|17|23|33|28|30|39|48|61|58|58|64|74|65|53|46|44|42|29|45|29|30|30|23|22|22|15|22|18|23|21|27|16|20|16|12|9|12|21|15|17|10|13|18|10|16|8|9|13|14|12|20|20|19|20|13|12|15|12|14|16|14|18|12|14|11|6|8|16|17|13|10|16|20|14|20|27|26|20|23|23|14|25|17|20|25|17|19|29|29|22|15|23|24|18|24|23|26|29|32|23|26|30|21|30|24|28|40|21|40|35|58|38|32|28|39|49|37|47|37|27|28|19|23|25|21|34|24|20|30|23|24|24|19|10|9|14|7|3|4|3|1|1|1|0|1|1|0|1</HistCounts>
      </HistItem>
    </Histograms>
    <Metadata>
      <MDI key="STATISTICS_MINIMUM">0.15064999461174</MDI>
      <MDI key="STATISTICS_MAXIMUM">0.32332000136375</MDI>
      <MDI key="STATISTICS_MEAN">0.26338579415778</MDI>
      <MDI key="STATISTICS_STDDEV">0.032481481575127</MDI>
      <MDI key="STATISTICS_SKIPFACTORX">1</MDI>
      <MDI key="STATISTICS_SKIPFACTORY">1</MDI>
      <MDI key="STATISTICS_EXCLUDEDVALUES"></MDI>
      <MDI key="STATISTICS_COVARIANCES">1.05504664531534E-03</MDI>
    </Metadata>
  </PAMRasterBand>
</PAMDataset>
