<PAMDataset>
  <Metadata>
    <MDI key="DataType">Generic</MDI>
  </Metadata>
  <Metadata domain="Esri">
    <MDI key="PyramidResamplingType">NEAREST</MDI>
  </Metadata>
  <PAMRasterBand band="1">
    <Histograms>
      <HistItem>
        <HistMin>0.2116000056266785</HistMin>
        <HistMax>0.3751600086688995</HistMax>
        <BucketCount>256</BucketCount>
        <IncludeOutOfRange>1</IncludeOutOfRange>
        <Approximate>0</Approximate>
        <HistCounts>1|0|0|0|0|0|0|1|1|3|0|0|3|0|1|0|0|1|0|2|3|1|5|3|1|3|5|1|4|6|2|1|7|10|10|10|7|4|7|12|13|8|8|7|2|10|11|4|8|4|9|5|8|8|12|26|30|52|46|40|50|50|33|37|31|25|23|27|23|20|14|13|18|19|23|23|22|16|19|20|25|20|25|26|25|14|15|20|21|20|17|19|21|15|16|22|14|17|20|20|22|15|22|14|13|20|22|22|23|19|23|23|18|16|27|19|11|17|21|29|11|15|6|8|13|14|18|6|8|6|12|13|14|22|17|17|19|21|12|19|18|18|19|20|22|23|12|14|27|30|21|12|16|18|20|14|21|26|31|26|30|18|21|31|24|28|26|27|18|22|22|28|23|26|25|30|28|26|41|45|34|20|26|20|24|27|33|46|73|48|43|46|31|33|39|21|11|11|9|11|14|14|18|11|10|21|12|7|6|3|5|4|8|3|11|12|10|3|1|1|2|0|0|0|0|0|0|0|0|0|0|0|0|0|0|0|0|0|0|0|0|0|0|0|0|0|0|0|0|0|0|0|0|0|0|1</HistCounts>
      </HistItem>
    </Histograms>
    <Metadata>
      <MDI key="STATISTICS_MINIMUM">0.21160000562668</MDI>
      <MDI key="STATISTICS_MAXIMUM">0.3751600086689</MDI>
      <MDI key="STATISTICS_MEAN">0.29328979050014</MDI>
      <MDI key="STATISTICS_STDDEV">0.033319485559798</MDI>
      <MDI key="STATISTICS_SKIPFACTORX">1</MDI>
      <MDI key="STATISTICS_SKIPFACTORY">1</MDI>
      <MDI key="STATISTICS_EXCLUDEDVALUES"></MDI>
      <MDI key="STATISTICS_COVARIANCES">1.1101881179696E-03</MDI>
    </Metadata>
  </PAMRasterBand>
</PAMDataset>
