<PAMDataset>
  <Metadata>
    <MDI key="DataType">Generic</MDI>
  </Metadata>
  <Metadata domain="Esri">
    <MDI key="PyramidResamplingType">NEAREST</MDI>
  </Metadata>
  <PAMRasterBand band="1">
    <Histograms>
      <HistItem>
        <HistMin>0.2045599967241287</HistMin>
        <HistMax>0.3657999932765961</HistMax>
        <BucketCount>256</BucketCount>
        <IncludeOutOfRange>1</IncludeOutOfRange>
        <Approximate>0</Approximate>
        <HistCounts>1|0|0|1|0|0|0|0|0|0|0|1|1|2|1|1|3|1|3|0|2|4|4|7|1|6|6|5|4|4|4|9|7|6|6|6|8|8|8|11|6|6|12|4|8|5|7|19|12|13|23|27|24|30|21|28|15|32|49|49|31|46|27|34|23|16|22|23|15|16|16|19|14|20|16|17|7|13|11|17|22|19|13|13|15|27|27|21|12|18|16|21|10|20|16|20|22|29|15|12|14|17|19|14|12|16|14|14|12|16|22|17|21|24|27|23|24|35|32|24|35|30|37|29|29|32|18|23|16|11|15|12|17|11|17|20|18|20|18|19|32|31|34|26|23|19|15|18|17|23|34|58|81|92|67|46|35|35|31|39|37|22|42|51|58|66|78|68|37|38|41|22|29|46|28|27|21|16|17|17|12|24|14|15|8|1|2|4|1|4|1|0|0|0|0|0|0|0|0|0|0|0|1|0|0|0|0|0|0|0|0|0|0|0|0|0|0|0|0|0|0|0|0|0|0|0|0|0|0|0|0|0|0|0|0|0|0|0|0|0|0|0|0|0|0|0|0|0|0|0|0|0|0|0|0|1</HistCounts>
      </HistItem>
    </Histograms>
    <Metadata>
      <MDI key="STATISTICS_MINIMUM">0.20455999672413</MDI>
      <MDI key="STATISTICS_MAXIMUM">0.3657999932766</MDI>
      <MDI key="STATISTICS_MEAN">0.27985913724756</MDI>
      <MDI key="STATISTICS_STDDEV">0.027982361290987</MDI>
      <MDI key="STATISTICS_SKIPFACTORX">1</MDI>
      <MDI key="STATISTICS_SKIPFACTORY">1</MDI>
      <MDI key="STATISTICS_EXCLUDEDVALUES"></MDI>
      <MDI key="STATISTICS_COVARIANCES">7.83012543419323E-04</MDI>
    </Metadata>
  </PAMRasterBand>
</PAMDataset>
