<PAMDataset>
  <Metadata>
    <MDI key="DataType">Generic</MDI>
  </Metadata>
  <Metadata domain="Esri">
    <MDI key="PyramidResamplingType">NEAREST</MDI>
  </Metadata>
  <PAMRasterBand band="1">
    <Histograms>
      <HistItem>
        <HistMin>0.3070099949836731</HistMin>
        <HistMax>0.4818400144577026</HistMax>
        <BucketCount>256</BucketCount>
        <IncludeOutOfRange>1</IncludeOutOfRange>
        <Approximate>0</Approximate>
        <HistCounts>1|0|0|0|0|0|0|0|0|0|0|0|1|0|0|0|0|0|0|0|0|0|0|0|0|0|0|0|0|0|0|0|0|0|0|0|0|0|0|0|0|0|0|0|0|0|0|0|0|0|0|0|0|0|0|0|1|1|1|4|9|3|3|2|0|4|0|1|4|1|1|3|1|1|4|4|1|4|7|11|11|9|7|11|10|8|9|6|9|12|21|20|15|24|29|18|16|30|20|38|32|37|33|29|28|15|26|17|13|22|24|18|20|22|21|32|19|14|9|9|13|14|17|17|22|19|14|13|8|10|15|16|16|11|13|14|9|11|19|14|8|15|20|16|7|10|15|11|23|22|17|25|19|11|32|14|14|16|18|18|17|16|12|10|26|27|17|18|19|33|26|17|42|29|44|44|45|38|34|34|42|42|48|50|38|47|44|46|41|63|37|53|59|42|55|66|61|61|52|62|50|42|36|47|40|36|36|21|31|39|29|20|30|20|22|14|16|12|19|8|8|10|6|8|10|8|4|7|4|6|10|7|9|7|4|7|5|3|6|0|5|3|0|3|1|0|2|0|0|0|0|0|0|0|1|0</HistCounts>
      </HistItem>
    </Histograms>
    <Metadata>
      <MDI key="STATISTICS_MINIMUM">0.30700999498367</MDI>
      <MDI key="STATISTICS_MAXIMUM">0.4818400144577</MDI>
      <MDI key="STATISTICS_MEAN">0.4188868423618</MDI>
      <MDI key="STATISTICS_STDDEV">0.029028108705686</MDI>
      <MDI key="STATISTICS_SKIPFACTORX">1</MDI>
      <MDI key="STATISTICS_SKIPFACTORY">1</MDI>
      <MDI key="STATISTICS_EXCLUDEDVALUES"></MDI>
      <MDI key="STATISTICS_COVARIANCES">8.42631095029096E-04</MDI>
    </Metadata>
  </PAMRasterBand>
</PAMDataset>
