<PAMDataset>
  <Metadata>
    <MDI key="DataType">Generic</MDI>
  </Metadata>
  <Metadata domain="Esri">
    <MDI key="PyramidResamplingType">NEAREST</MDI>
  </Metadata>
  <PAMRasterBand band="1">
    <Histograms>
      <HistItem>
        <HistMin>0.2489400058984757</HistMin>
        <HistMax>0.4434700012207031</HistMax>
        <BucketCount>256</BucketCount>
        <IncludeOutOfRange>1</IncludeOutOfRange>
        <Approximate>0</Approximate>
        <HistCounts>1|0|0|0|0|0|0|0|0|0|0|0|0|0|0|0|0|0|0|0|0|0|0|0|0|0|0|0|0|0|0|0|0|1|0|0|0|0|0|0|0|0|0|0|0|0|0|0|0|0|0|0|0|0|0|0|0|0|0|0|0|0|0|0|0|0|0|0|0|0|0|0|0|0|0|0|0|0|0|0|0|1|0|0|0|0|0|0|0|1|0|0|0|2|1|0|1|0|2|4|13|5|3|3|2|1|1|3|0|1|5|6|9|10|5|12|10|19|10|13|6|15|7|11|11|8|6|13|7|9|20|17|43|66|55|81|71|41|44|20|21|13|9|21|19|13|18|18|30|32|26|18|12|20|11|11|9|14|10|14|12|11|11|18|10|12|22|12|17|26|23|20|18|25|26|32|24|23|21|18|12|19|11|18|23|29|16|31|29|43|47|31|39|34|28|37|35|27|27|33|34|71|82|88|83|106|90|79|67|54|43|65|65|53|40|71|69|55|57|45|35|32|36|34|25|28|12|12|15|14|14|11|8|12|9|3|5|9|7|11|17|12|12|7|8|8|10|2|3|1|3|1|1|0|2|0</HistCounts>
      </HistItem>
    </Histograms>
    <Metadata>
      <MDI key="STATISTICS_MINIMUM">0.24894000589848</MDI>
      <MDI key="STATISTICS_MAXIMUM">0.4434700012207</MDI>
      <MDI key="STATISTICS_MEAN">0.38965702231886</MDI>
      <MDI key="STATISTICS_STDDEV">0.026810035160863</MDI>
      <MDI key="STATISTICS_SKIPFACTORX">1</MDI>
      <MDI key="STATISTICS_SKIPFACTORY">1</MDI>
      <MDI key="STATISTICS_EXCLUDEDVALUES"></MDI>
      <MDI key="STATISTICS_COVARIANCES">7.18777985326702E-04</MDI>
    </Metadata>
  </PAMRasterBand>
</PAMDataset>
