<PAMDataset>
  <Metadata>
    <MDI key="DataType">Generic</MDI>
  </Metadata>
  <Metadata domain="Esri">
    <MDI key="PyramidResamplingType">NEAREST</MDI>
  </Metadata>
  <PAMRasterBand band="1">
    <Histograms>
      <HistItem>
        <HistMin>0.1738899946212769</HistMin>
        <HistMax>0.3208400011062622</HistMax>
        <BucketCount>256</BucketCount>
        <IncludeOutOfRange>1</IncludeOutOfRange>
        <Approximate>0</Approximate>
        <HistCounts>1|2|0|1|0|0|0|0|0|1|0|0|0|1|0|0|0|1|0|1|0|1|0|1|3|0|3|0|0|1|2|0|1|0|2|2|0|1|3|1|1|2|1|1|1|3|0|0|2|5|4|7|9|5|6|5|10|6|7|4|8|5|11|9|8|8|6|5|7|3|7|7|15|8|6|13|9|11|16|15|12|11|28|36|34|37|38|35|48|47|30|55|39|39|38|34|47|31|32|44|31|29|24|25|23|31|21|27|28|28|30|26|27|28|28|18|32|21|13|15|12|20|13|9|11|15|15|13|6|15|12|12|10|14|16|8|13|9|16|13|10|16|15|18|13|15|13|14|16|18|13|8|18|12|12|9|18|13|8|15|15|14|21|11|23|14|14|10|18|13|19|19|17|16|20|11|23|19|14|16|21|26|19|17|16|11|25|20|16|18|26|25|18|17|28|22|27|20|22|22|31|21|24|20|36|17|33|34|22|37|27|26|28|38|38|37|28|31|25|26|15|16|20|22|24|18|23|22|22|20|13|21|19|10|11|8|14|12|4|11|10|7|6|4|1|5|2|1|2|2|0|1|0|0|1|1</HistCounts>
      </HistItem>
    </Histograms>
    <Metadata>
      <MDI key="STATISTICS_MINIMUM">0.17388999462128</MDI>
      <MDI key="STATISTICS_MAXIMUM">0.32084000110626</MDI>
      <MDI key="STATISTICS_MEAN">0.25951923672645</MDI>
      <MDI key="STATISTICS_STDDEV">0.031553727615297</MDI>
      <MDI key="STATISTICS_SKIPFACTORX">1</MDI>
      <MDI key="STATISTICS_SKIPFACTORY">1</MDI>
      <MDI key="STATISTICS_EXCLUDEDVALUES"></MDI>
      <MDI key="STATISTICS_COVARIANCES">9.95637726420368E-04</MDI>
    </Metadata>
  </PAMRasterBand>
</PAMDataset>
