<PAMDataset>
  <Metadata>
    <MDI key="DataType">Generic</MDI>
  </Metadata>
  <Metadata domain="Esri">
    <MDI key="PyramidResamplingType">NEAREST</MDI>
  </Metadata>
  <PAMRasterBand band="1">
    <Histograms>
      <HistItem>
        <HistMin>0.184239998459816</HistMin>
        <HistMax>0.3602699935436249</HistMax>
        <BucketCount>256</BucketCount>
        <IncludeOutOfRange>1</IncludeOutOfRange>
        <Approximate>0</Approximate>
        <HistCounts>3|0|2|1|0|0|1|0|0|0|0|0|1|3|0|0|0|0|4|1|3|1|3|3|0|1|0|1|0|0|1|0|1|2|2|2|0|3|1|2|1|0|2|2|3|8|0|4|9|7|6|10|8|4|6|5|7|19|21|18|15|14|12|10|12|4|9|11|7|5|6|3|6|11|4|7|18|16|17|12|14|9|16|11|10|18|17|23|28|41|59|62|48|45|46|54|39|40|40|29|43|36|31|53|39|31|39|45|58|54|59|52|57|42|46|31|16|16|22|27|21|19|16|30|20|25|23|22|19|16|19|25|26|32|22|11|14|20|25|32|25|15|19|34|41|35|23|39|43|42|35|28|40|38|24|26|36|39|32|24|26|37|33|26|30|32|29|29|40|23|21|30|12|23|25|25|15|31|24|31|35|28|24|20|12|20|19|22|14|11|11|9|2|5|5|2|6|4|2|4|3|3|2|3|1|1|1|4|1|1|0|0|0|0|0|0|0|0|0|0|0|0|0|0|0|1|0|0|0|0|0|0|0|0|0|0|0|0|0|0|0|0|0|0|0|0|0|0|0|0|0|0|0|0|0|1</HistCounts>
      </HistItem>
    </Histograms>
    <Metadata>
      <MDI key="STATISTICS_MINIMUM">0.18423999845982</MDI>
      <MDI key="STATISTICS_MAXIMUM">0.36026999354362</MDI>
      <MDI key="STATISTICS_MEAN">0.27068438305069</MDI>
      <MDI key="STATISTICS_STDDEV">0.026204216651118</MDI>
      <MDI key="STATISTICS_SKIPFACTORX">1</MDI>
      <MDI key="STATISTICS_SKIPFACTORY">1</MDI>
      <MDI key="STATISTICS_EXCLUDEDVALUES"></MDI>
      <MDI key="STATISTICS_COVARIANCES">6.86660970298727E-04</MDI>
    </Metadata>
  </PAMRasterBand>
</PAMDataset>
