<PAMDataset>
  <Metadata>
    <MDI key="DataType">Generic</MDI>
  </Metadata>
  <Metadata domain="Esri">
    <MDI key="PyramidResamplingType">NEAREST</MDI>
  </Metadata>
  <PAMRasterBand band="1">
    <Histograms>
      <HistItem>
        <HistMin>0.1249599978327751</HistMin>
        <HistMax>0.3128600120544434</HistMax>
        <BucketCount>256</BucketCount>
        <IncludeOutOfRange>1</IncludeOutOfRange>
        <Approximate>0</Approximate>
        <HistCounts>1|0|0|0|0|0|0|0|0|0|0|0|0|0|0|0|0|0|0|0|0|0|0|0|0|0|0|0|0|0|0|0|0|0|0|0|0|0|0|0|0|0|0|0|1|0|0|0|1|0|0|0|0|0|0|0|0|0|0|0|0|0|0|0|0|1|0|0|0|1|0|1|1|0|2|0|0|1|1|0|0|0|1|1|2|3|0|2|4|3|1|3|2|4|3|1|4|7|4|7|3|4|12|6|8|5|10|7|6|9|6|10|11|11|9|8|8|12|14|8|8|8|9|10|9|7|9|10|7|7|10|9|10|14|13|13|13|13|21|26|26|38|33|35|33|27|41|41|53|33|44|35|46|36|39|47|34|63|44|53|51|48|50|51|72|60|52|65|60|72|76|65|56|41|50|54|54|45|58|38|43|52|48|61|50|43|49|45|33|32|31|38|52|47|40|36|25|31|33|22|38|35|42|26|36|33|18|18|23|19|18|14|19|14|13|9|14|10|5|8|14|10|16|11|19|11|4|9|4|0|0|0|2|0|1|5|1|2|2|2|3|3|2|0|0|1|0|0|0|0|0|0|0|0|0|1</HistCounts>
      </HistItem>
    </Histograms>
    <Metadata>
      <MDI key="STATISTICS_MINIMUM">0.12495999783278</MDI>
      <MDI key="STATISTICS_MAXIMUM">0.31286001205444</MDI>
      <MDI key="STATISTICS_MEAN">0.24992979311496</MDI>
      <MDI key="STATISTICS_STDDEV">0.021022335947044</MDI>
      <MDI key="STATISTICS_SKIPFACTORX">1</MDI>
      <MDI key="STATISTICS_SKIPFACTORY">1</MDI>
      <MDI key="STATISTICS_EXCLUDEDVALUES"></MDI>
      <MDI key="STATISTICS_COVARIANCES">4.41938608670363E-04</MDI>
    </Metadata>
  </PAMRasterBand>
</PAMDataset>
