<PAMDataset>
  <Metadata>
    <MDI key="DataType">Generic</MDI>
  </Metadata>
  <Metadata domain="Esri">
    <MDI key="PyramidResamplingType">NEAREST</MDI>
  </Metadata>
  <PAMRasterBand band="1">
    <Histograms>
      <HistItem>
        <HistMin>0.1984799951314926</HistMin>
        <HistMax>0.3574199974536896</HistMax>
        <BucketCount>256</BucketCount>
        <IncludeOutOfRange>1</IncludeOutOfRange>
        <Approximate>0</Approximate>
        <HistCounts>1|0|0|0|0|0|0|0|0|0|0|0|0|0|0|0|0|0|0|0|0|0|0|0|0|0|0|0|0|0|1|0|0|1|2|0|0|0|0|1|0|1|1|0|0|3|2|0|2|4|4|2|2|1|3|4|6|6|6|2|4|7|5|3|6|8|4|3|5|4|6|6|7|3|6|8|5|1|4|7|4|5|6|2|12|10|11|4|10|9|9|11|14|20|22|23|28|29|30|20|39|48|54|54|46|47|43|46|37|36|30|24|21|31|16|15|28|17|28|14|14|16|23|29|22|20|28|19|17|23|31|24|26|24|22|26|18|24|16|22|16|15|16|18|19|20|20|15|17|15|12|15|12|15|18|14|13|18|18|17|13|15|17|13|14|12|13|23|11|14|20|25|25|28|15|21|19|24|30|21|30|22|17|25|16|22|21|22|18|17|24|26|32|22|26|25|40|35|25|29|20|23|31|38|31|33|30|27|39|45|45|39|41|38|29|31|21|37|31|29|22|23|30|20|22|32|20|29|17|12|9|12|14|14|5|6|4|3|1|3|3|2|3|3|1|1|2|3|0|0|1|0|0|1|0|1</HistCounts>
      </HistItem>
    </Histograms>
    <Metadata>
      <MDI key="STATISTICS_MINIMUM">0.19847999513149</MDI>
      <MDI key="STATISTICS_MAXIMUM">0.35741999745369</MDI>
      <MDI key="STATISTICS_MEAN">0.29631009124854</MDI>
      <MDI key="STATISTICS_STDDEV">0.030162155116896</MDI>
      <MDI key="STATISTICS_SKIPFACTORX">1</MDI>
      <MDI key="STATISTICS_SKIPFACTORY">1</MDI>
      <MDI key="STATISTICS_EXCLUDEDVALUES"></MDI>
      <MDI key="STATISTICS_COVARIANCES">9.09755601295703E-04</MDI>
    </Metadata>
  </PAMRasterBand>
</PAMDataset>
