<PAMDataset>
  <Metadata>
    <MDI key="DataType">Generic</MDI>
  </Metadata>
  <Metadata domain="Esri">
    <MDI key="PyramidResamplingType">NEAREST</MDI>
  </Metadata>
  <PAMRasterBand band="1">
    <Histograms>
      <HistItem>
        <HistMin>0.1882099956274033</HistMin>
        <HistMax>0.3685399889945984</HistMax>
        <BucketCount>256</BucketCount>
        <IncludeOutOfRange>1</IncludeOutOfRange>
        <Approximate>0</Approximate>
        <HistCounts>2|4|0|0|2|6|1|2|1|2|3|3|2|1|1|2|1|1|2|1|1|1|5|2|0|5|2|5|2|4|2|4|4|4|2|3|8|10|4|6|6|20|20|17|15|10|14|14|22|15|8|8|8|16|6|12|7|6|10|8|4|6|7|9|6|7|5|10|6|10|16|15|19|17|18|31|39|28|30|24|22|31|26|31|21|29|30|33|23|44|71|64|60|75|77|41|49|34|31|34|28|20|29|21|12|26|24|38|26|15|21|20|23|22|19|17|21|19|18|21|15|16|11|13|26|13|9|19|21|24|23|17|33|28|21|25|30|30|35|38|32|42|35|36|30|34|28|29|26|27|31|30|31|33|22|31|39|30|35|25|34|30|22|22|21|24|22|33|26|33|36|22|20|27|20|30|21|21|26|19|28|13|20|31|19|15|15|16|16|3|3|5|1|0|0|1|3|6|5|1|1|1|1|0|0|1|1|0|0|0|0|1|1|0|0|0|0|1|0|0|1|0|0|0|0|0|0|0|0|0|0|0|0|0|0|0|0|0|0|0|0|0|0|0|0|0|0|0|0|0|0|1|0|0|1|1</HistCounts>
      </HistItem>
    </Histograms>
    <Metadata>
      <MDI key="STATISTICS_MINIMUM">0.1882099956274</MDI>
      <MDI key="STATISTICS_MAXIMUM">0.3685399889946</MDI>
      <MDI key="STATISTICS_MEAN">0.27170996763587</MDI>
      <MDI key="STATISTICS_STDDEV">0.02982565019024</MDI>
      <MDI key="STATISTICS_SKIPFACTORX">1</MDI>
      <MDI key="STATISTICS_SKIPFACTORY">1</MDI>
      <MDI key="STATISTICS_EXCLUDEDVALUES"></MDI>
      <MDI key="STATISTICS_COVARIANCES">8.89569409270572E-04</MDI>
    </Metadata>
  </PAMRasterBand>
</PAMDataset>
