<PAMDataset>
  <Metadata>
    <MDI key="DataType">Generic</MDI>
  </Metadata>
  <Metadata domain="Esri">
    <MDI key="PyramidResamplingType">NEAREST</MDI>
  </Metadata>
  <PAMRasterBand band="1">
    <Histograms>
      <HistItem>
        <HistMin>0.2771399915218353</HistMin>
        <HistMax>0.4737200140953064</HistMax>
        <BucketCount>256</BucketCount>
        <IncludeOutOfRange>1</IncludeOutOfRange>
        <Approximate>0</Approximate>
        <HistCounts>1|0|0|0|0|0|0|0|0|0|0|0|0|0|0|0|0|0|0|0|1|0|0|0|0|0|0|0|0|0|0|0|0|0|0|0|0|0|0|0|0|0|0|0|0|0|0|0|0|0|0|0|0|0|0|0|0|0|0|0|0|0|0|0|0|0|0|0|0|0|0|0|0|0|0|0|0|1|0|0|1|0|0|1|2|0|1|0|0|3|13|8|4|4|0|0|2|0|1|1|0|1|2|4|3|1|2|7|10|13|19|12|9|12|8|7|13|11|12|13|22|52|64|70|52|58|48|43|22|15|21|18|7|8|12|12|10|6|16|15|14|11|17|18|25|17|23|19|9|11|18|10|18|18|17|12|7|13|11|13|11|13|21|18|25|24|23|28|23|24|26|26|24|19|24|20|18|17|21|25|35|31|37|40|32|31|27|30|25|27|23|20|29|30|39|46|35|43|56|72|72|80|74|73|78|96|59|48|52|54|37|39|60|62|72|68|58|39|41|44|16|16|22|14|12|12|17|13|18|13|9|11|11|10|3|13|5|9|8|14|16|8|5|7|7|4|1|1|0|1|3|0|1|1|0|1</HistCounts>
      </HistItem>
    </Histograms>
    <Metadata>
      <MDI key="STATISTICS_MINIMUM">0.27713999152184</MDI>
      <MDI key="STATISTICS_MAXIMUM">0.47372001409531</MDI>
      <MDI key="STATISTICS_MEAN">0.41585750887869</MDI>
      <MDI key="STATISTICS_STDDEV">0.028503279193467</MDI>
      <MDI key="STATISTICS_SKIPFACTORX">1</MDI>
      <MDI key="STATISTICS_SKIPFACTORY">1</MDI>
      <MDI key="STATISTICS_EXCLUDEDVALUES"></MDI>
      <MDI key="STATISTICS_COVARIANCES">8.12436924780754E-04</MDI>
    </Metadata>
  </PAMRasterBand>
</PAMDataset>
