<PAMDataset>
  <Metadata>
    <MDI key="DataType">Generic</MDI>
  </Metadata>
  <Metadata domain="Esri">
    <MDI key="PyramidResamplingType">NEAREST</MDI>
  </Metadata>
  <PAMRasterBand band="1">
    <Histograms>
      <HistItem>
        <HistMin>0.1843400001525879</HistMin>
        <HistMax>0.3079000115394592</HistMax>
        <BucketCount>256</BucketCount>
        <IncludeOutOfRange>1</IncludeOutOfRange>
        <Approximate>0</Approximate>
        <HistCounts>1|2|1|1|1|1|0|0|2|1|0|0|0|0|0|0|0|1|0|1|3|1|2|0|2|3|1|1|3|0|2|2|2|5|1|3|0|1|4|3|1|3|4|3|3|4|9|2|7|2|2|5|9|4|5|3|7|5|4|5|4|5|6|6|2|4|2|4|2|3|6|4|6|10|9|9|13|16|15|19|16|21|28|44|53|56|51|45|34|36|26|23|35|33|32|28|25|13|20|17|20|18|19|12|22|11|12|17|8|17|18|18|14|15|9|12|9|17|12|8|11|21|12|10|21|16|16|13|15|20|15|27|17|20|11|14|16|18|21|15|18|23|13|14|24|29|18|22|20|20|15|23|16|21|11|24|22|16|22|22|8|14|11|14|15|9|9|15|9|15|8|16|17|16|16|25|14|26|29|25|22|18|12|12|14|14|22|17|15|18|10|23|45|65|57|60|37|38|37|32|20|20|24|23|12|31|22|21|12|23|17|22|25|17|34|41|48|52|29|38|25|37|29|35|35|31|21|19|15|11|17|20|26|19|8|6|4|2|5|0|4|4|4|2|0|0|0|0|0|1|0|1|0|0|0|1</HistCounts>
      </HistItem>
    </Histograms>
    <Metadata>
      <MDI key="STATISTICS_MINIMUM">0.18434000015259</MDI>
      <MDI key="STATISTICS_MAXIMUM">0.30790001153946</MDI>
      <MDI key="STATISTICS_MEAN">0.25831752210992</MDI>
      <MDI key="STATISTICS_STDDEV">0.026397696041247</MDI>
      <MDI key="STATISTICS_SKIPFACTORX">1</MDI>
      <MDI key="STATISTICS_SKIPFACTORY">1</MDI>
      <MDI key="STATISTICS_EXCLUDEDVALUES"></MDI>
      <MDI key="STATISTICS_COVARIANCES">6.96838356286088E-04</MDI>
    </Metadata>
  </PAMRasterBand>
</PAMDataset>
